Vegetation Type,Map Zones,Model Splits or Lumps,Geographic Range,Biophysical Site Description,Vegetation Description,Disturbance Description,Scale Description,Adjacency or Identification Concerns,Issues or Problems,Native Uncharacteristic Conditions,Comments,References,document,creator,lastModifiedBy,revision,created,modified
Forest and Woodland,"67, 68, 69, 70, 71, 72, 73, 74, 76, 78","This Biophysical Setting (BpS) is split into multiple models: 
This BpS was split into Boreal and Boreal Transition variants so that regional differences in disturbance regimes could be modeled. The Hardwood split represent areas where hardwoods dominate. For mapping BpS 16011 should apply in level 2 ecoregions (Nowaki et al. 2001): Intermontane Boreal, Aleutian Meadows, Arctic Tundra, Bering Taiga, Bering Tundra.","This BpS occurs commonly throughout the boreal region of Alaska, from the south slopes of the Brooks Range to the north slopes of the Alaska Range, west to the limit of tree growth, and near the northern and western limit of the boreal region. It extends to the limit of white spruce growth along the Alaska Peninsula, approximately coincident with the Bristol Bay Lowlands.","This system occurs near the elevational and latitudinal limits of white spruce tree growth. Topographies include sideslopes, rolling hills, and relatively level terrain. Soils are generally well-drained, cold, shallow, and develop on colluvial deposits, glacial till, or bedrock. High elevation sites are typically well-drained uplands with southerly aspects. At its elevational limits, the system can be conceptualized as the transition zone between boreal white spruce forest and subalpine deciduous shrub. Depending on the topography, the elevational expression of this system can occupy a narrow band just below non-forested subalpine or a broad expanse across gentle slopes and benches. This system also occurs at lower elevations at the western limit of white spruce growth where terrain is typically gentle, and permafrost is continuous.","The boreal treeline white spruce hardwood system has a short-statured canopy dominated by Picea glauca or co-dominated by Picea mariana and/or Betula neoalaskana. Tree cover is typically between 10 and 25%. Trees are often stunted on exposed sties (Jorgenson et al. 2003).

Dwarf ericaceous shrubs including Empetrum nigrum, Vaccinium uliginosum, and Vaccinium vitis-idaea are common and diagnostic. Other important species are Betula nana, Betula glandulosa, Ledum palustre ssp. decumbens, Ledum groenlandicum, Salix pulchra, Viburnum edule, Rosa acicularis, and Arctostaphylos spp. In some locations Alnus viridis ssp. crispa is the dominant understory shrub. Shrub Betula species are often matrix forming above or beyond coniferous treeline; Betula glandulosa dominates in the boreal with dominance transitioning to Betula nana in the sub-boreal region of southwest Alaska (Boucher et al. 2016). 

A wide variety of herbaceous species may occur including Calamagrostis canadensis, Pyrola spp., and Aconitum delphinifolium (Viereck 1979, Jorgenson et al. 2003). Feathermosses may be common in the ground layer (NatureServe 2008). On drier or more exposed sites, Cladina spp. replace feathermosses as the dominant ground cover (Viereck 1979). 

Lichens are often an important component of the understory. Lichen species may include Cladina arbuscula, C. mitis, C. rangiferina, and C. stellaris, as well as Flavocetraria cucullata, Cetraria islandica, Cetraria nivalis, Bryoria spp., Alectoria nigricans, and Alectoria ochroleuca.
BpS Dominant and Indicator Species
Species names are from the NRCS PLANTS database. Check species codes at http://plants.usda.gov.","In 2014 an extensive search was done by Fire Effects Information System Staff to locate information for a synthesis on fire regimes of Alaskan white spruce communities (Abrahamson 2014). The synthesis reported mean fire-return intervals in boreal white spruce forests from about 40 to >250 years, but it is likely that fire was less frequent in treeline communities (Abrahamson 2014). As of 2014 there was no information on fire type, fire severity, fire intensity, fire pattern, or fire size in this BpS (Abrahamson 2014), however it is thought to be similar to that of lower elevation upland white spruce forests. Projections of future fire rotation periods for the boreal forest indicate that modeled climatic data of increased temperatures and reduced precipitation are likely to reduce the fire rotation periods throughout the fire-prone boreal forest (Young et al. 2017) and that high summer temperatures enhance connectivity of dry forest fuels, facilitating large fires and thus a high probability of fire occurrence across the landscape (Turner and Romme 1994). 

Topographic roughness leads to lower probability of an area burning (Hammond et al. 2019, Young et al. 2017) so it is likely that those white spruce-hardwood stands at treeline in more mountainous terrain will have a longer fire return interval. In general, species dominance in the boreal forest post fire will shift along different trajectories according to variation in underlying landscape attributes (Johnstone and Chapin 2006, Kane et al. 2007, Johnstone et al. 2010, Roland et al. 2013). In the elevational version of this biophysical setting, steep slope and southern aspect are key landscape attributes that affect fire behavior and resulting plant community succession. For example, south-facing slopes are more productive (deep active layer) leading to mostly white spruce stands with mixed hardwoods at the treeline. North-facing slopes don’t receive the warmth needed for supporting treeline hardwood stands and commonly have permafrost. These communities are limited to the boreal region of the southern Brooks Range and south to southcentral Alaska, areas along treeline north of the Brooks Range do not have the white spruce component but are instead hardwoods (Balsam poplar).  

A possible scenario for post-fire succession in this type is the resprouting of low shrubs from underground propagules followed by Picea glauca invading by seed from adjacent stands or surviving trees. Betula neoalaskana may invade the site if a seed source is available and site conditions are favorable. The typical succession sequence for this type does not include a hardwood sere. The rate of succession depends on severity of fire and seed source, and some sites may be shrub-dominated for long periods without spruce invasion.  

Spruce bark beetle infestation affects white spruce trees at all elevations including up to treeline.

Fire Frequency 
Fire interval is expressed in years for each fire severity class and for all types of fire combined (All Fires). Average FI is the central tendency modeled. Percent of all fires is the percent of all fires modeled in that severity class. Minimum and Maximum FIs show the relative range of fire intervals as estimated by model contributors, if known.",Large patch,,,"The frequency and severity of beetle outbreaks will likely increase under a warmer climate. 

Dial et al. (2022) documented rapid advance of white spruce into arctic tundra at established treeline. 

Abrahamson (2014) includes more information about the effects of climate change on white spruce treeline communities.","4/2022 - The fire frequency of this system was adjusted based on feedback from experts who attended the Boreal Forest BpS Review Work Session in February 2022. At that session, participants ranked the boreal forest BpS by relative fire frequency. Based on that ranking it was estimated that this BpS would have a mean fire return interval of approximately 200 years. 

10/2021 - This description was updated by NatureServe staff and Kori Blankenship based on the updated Ecological Systems classification for Alaska. Edits focused on adjusting the Geographic Range, Biophysical Site Description, and Vegetation Description sections.

For LANDFIRE National this model was based on input from the experts who attended the LANDFIRE Fairbanks modeling meeting (Nov. 07) and refined by Tricia Wurtz. This BpS was created for the AK Boreal region and did not receive review for other regions in the state.

Succession Classes

Mapping Rules
Succession class letters A-E are described in the Succession Class Description section. Some classes use a leafform distinction where a qualifier is added to the class letter: Brdl (broadleaf), Con (conifer), or Mix (mixed conifer and broadleaf). UN refers to uncharacteristic native or a combination of height and cover that would not be expected under the reference condition. NP refers to not possible or a combination of height and cover which is not physiologically possible for the species in the BpS.


Description
Class A	5				Early Development 1 - All Structures

Indicator Species

Description
This class is characterized by herbaceous and shrub vegetation. Shrubs resprout from underground propagules and then Picea glauca invades by seed from adjacent stands or surviving trees. The shrub layer typically features Betula nana or B. glandulosa, but other shrubs such as Vaccinium uliginosum, Vaccinium vitis-idaea, Ledum palustre ssp. decumbens and Empetrum nigrum may be common or dominant. In some locations Alnus viridis ssp. crispa is the dominant understory shrub. Feathermoss may be common in the in the ground layer. On drier or more exposed sites, Cladina spp. replace feathermosses as the dominant ground cover (Viereck 1979). The rate of succession depends on severity of fire and seed source, and some sites may be shrub-dominated for long periods without spruce invasion. Hardwoods may invade the site if a seed source is available and site conditions are favorable. 

Maximum Tree Size ClassSeedling/Sapling <5""
Class B	8				Mid Development 1 - Open

Indicator Species

Description
This class is characterized by hardwood or white spruce-hardwood mixed forest. Betula neoalaskana invades with or without spruce and gain canopy dominance over the shrubs. Woodland canopy cover is generally 10-25%. Eventually hardwoods senesce and white spruce gains canopy dominance (Class C).

Maximum Tree Size ClassPole 5–9"" (swd)/5–11"" (hwd)
Class C	87				Late Development 1 - Open

Indicator Species

Description
This class is characterized by open white spruce woodland. Forest canopy cover is generally 10-25%. Hardwoods, if previously present in the stand, lose dominance in the overstory during this phase. The understory may include various combinations of low shrubs, herbs, and mosses. Lichens grow as the stand ages. The dominant lichen genus is typically Cladina; species include C. arbuscula, C. mitis, C. rangiferina, and C. stellaris. Other lichens may include Flavocetraria cucullata, C. islandica, C. nivalis, Bryoria spp., Alectoria nigricans and Alectoria ochroleuca. Beetles affect this class, but the rate of outbreaks is uncertain and generally not severe enough to cause a state transition. 

Maximum Tree Size ClassMed. 9–20"" (swd)/11–20"" (hwd)
Model Parameters
Deterministic Transitions
Probabilistic Transitions","Abrahamson, Ilana L. 2014. Fire regimes of Alaskan white spruce communities. In: Fire Effects Information System, [Online]. U.S. Department of Agriculture, Forest Service, Rocky Mountain Research Station, Fire Sciences Laboratory (Producer). Available: http://www.fs.fed.us/database/feis/fire_regimes/AK_white_spruce/all.html [2016, May 20].

Abrahamson, Ilana. 2015. Picea glauca, white spruce. In: Fire Effects Information System, [Online]. U.S. Department of Agriculture, Forest Service, Rocky Mountain Research Station, Fire Sciences Laboratory (Producer). Available: http://www.fs.fed.us/database/feis/plants/tree/picgla/all.html [2016, May 20].

Boggs, K., A. Garibaldi, J. Stevens, J. Grunblatt, and T. Helt. 2001. Denali National Park and Preserve Landcover mapping project. Volume 2: Landcover classes and plant associations. Alaska Natural Heritage Program, Environment and Natural Resources Institute, University of Alaska Anchorage, 707 A Street, Anchorage, AK. 164pp. 

Breen, L.A. 2014. Balsam poplar (Populus balsamifera L.) communities on the Arctic Slope of Alaska. Phytocoenologia Vol. 44, Issue 1-2, pp. 1-17.  DOI: 10.1127/0340-269X/2014/0044-0522

Comer, P., D. Faber-Langendoen, R. Evans, S. Gawler, C. Josse, G. Kittel, S. Menard, C. Nordman, M. Pyne, M. Reid, M. Russo, K. Schulz, K. Snow, J. Teague, and R. White. 2003-present. Ecological systems of the United States: A working classification of U.S. terrestrial systems. NatureServe, Arlington, VA. 

Dial, R.J., Maher, C.T., Hewitt, R.E. et al. 2022. Sufficient conditions for rapid range expansion of a boreal conifer. Nature 608, 546–551. https://doi.org/10.1038/s41586-022-05093-2

Foote, J. M. 1983. Classification, description, and dynamics of plant communities after fire in the taiga of interior Alaska. Res. Pap. PNW-307. Portland, OR. USDA Forest Service. Pacific Northwest Research Station. 108pp.
Hammond, D., Strand E., Hudak A.T. and B.A. Newingham.  2019. Boreal forest vegetation and fuel conditions 12 years after the 2004 Taylor Complex fires in Alaska, USA. Fire Ecology. 15:32 https://doi.org/10.1186/s42408-019-0049-5
Johnstone, J. F., and F. S. Chapin III. 2006. Effects of soil burn severity on post-fire tree recruitment in boreal forest. Ecosystems 9:14–31.
Johnstone, J. F., F. S. Chapin III, T. N. Hollingsworth, M. C. Mack, V. Romanovsky, and M. Turetsky. 2010. Fire, climate change, and forest resilience in interior Alaska. Canadian Journal of Forest Research 40:1302–1312
Kane, E. S., E. S. Kasischke, D. W. Valentine, M. R. Turetsky, and A. D. McGuire. 2007. Topographic influences on wildfire consumption of soil organic carbon in interior Alaska: implications for black carbon accumulation. Journal of Geophysical Research. https://agupubs.onlinelibrary.wiley.com/doi/full/10.1029/2007JG000458.

NatureServe. 2008. International Ecological Classification Standard: Terrestrial Ecological Classifications. Draft Ecological Systems Description for Alaska Boreal and Sub-boreal Regions.

Roland, C. A., J. H. Schmidt, S. G. Winder, S. E. Stehn, and E. F. Nicklen. 2019. Regional variation in interior Alaskan boreal forests is driven by fire disturbance, topography, and climate. Ecological Monographs 89(3):e01369. 10.1002/ecm.1369

Turner, M. G. and W. H. Romme. 1994. Landscape dynamics in crown fire ecosystems. Landscape Ecology 9:59-77.

Viereck, L.A. 1979. Characteristics of treeline plant communities in Alaska. Holarctic Ecology. 2:228-238.

Young, A.M., P.E. Higuera, P.A. Duffy, and F.S. Hu. 2017. Climatic thresholds shape northern high‐latitude fire regimes and imply vulnerability to future climate change. Ecography, 40(5): 606-617.",16011_67_68_69_70_71_72_73_74_76_78.docx,,,,,
Forest and Woodland,"73, 74, 75, 77, 78","This Biophysical Setting (BpS) is split into multiple models: 
This BpS was split into Boreal and Boreal Transition variants so that regional differences in disturbance regimes could be modeled. The Hardwood split represent areas where hardwoods dominate. For mapping BpS 16012 should apply in level 2 ecoregions (Nowaki et al. 2001): Alaska Range Transition, Pacific Mountains Transition, Coast Mountains Transition, Coastal Rainforests.","This system occurs commonly throughout the boreal transition region of Alaska, including the mountain ranges of southcentral Alaska, from the Alaska Range, west along the southern Alaska Peninsula to the limit of tree growth. It is not common in the Kenai Mountains, where mountain hemlock dominates treeline forest types, but may be found in western Kenai highlands between Skilak and Tustemena lakes, and in higher elevations of Caribou Hills north of Homer. This BpS description and model focuses on the boreal transition region.","This BpS occurs near the elevational limits of white spruce tree growth. Topographies include sideslopes, rolling hills, and relatively level terrain. Soils are generally well-drained, cold, shallow, and develop on colluvial deposits, glacial till, or bedrock. High elevation sites are typically well-drained uplands with southerly aspects. At its elevational limits, the system can be conceptualized as the transition zone between white spruce forest and non-forested subalpine vegetation. Depending on the topography, the elevational expression of this system can occupy a narrow band just below non-forested subalpine or a broad expanse across gentle slopes and benches. This system also occurs at lower elevations at the western limit of white spruce growth where terrain is typically gentle, and permafrost is continuous.","Forest canopy cover is dominated by Picea glauca and is generally between 10% and 25% (NatureServe 2008). Picea mariana may be codominant in the overstory on some sites. Betula papyrifera var. kenaica may also be present. Trees are often stunted on exposed sties (Jorgenson et al. 2003). 
Common understory shrubs include Betula nana, but other shrubs such as Vaccinium uliginosum, Vaccinium vitis-idaea, Ledum groenlandicum, Ledum palustre ssp. decumbens, Empetrum nigrum, Salix pulchra, Salix glauca, Viburnum edule, Rosa acicularis, and Arctostaphylos spp. may be common or dominant. In some locations Alnus viridis ssp. sinuata is the dominant understory shrub. 

Herbaceous species are sparse but may include a variety of species such as Calamagrostis canadensis, Pyrola spp., and Aconitum delphinifolium (Viereck 1979, Jorgenson et al. 2003). Feathermosses may be common in the in the ground layer (NatureServe 2008). On drier or more exposed sites, Cladina spp. replace feathermosses as the dominant ground cover (Viereck 1979). Lichen species may include Cladina arbuscula, C. mitis, C. rangiferina, and C. stellaris, as well as Flavocetraria cucullata, Cetraria islandica, Cetraria nivalis, Bryoria spp., Alectoria nigricans, and Alectoria ochroleuca.
BpS Dominant and Indicator Species	
Species names are from the NRCS PLANTS database. Check species codes at http://plants.usda.gov.","There is little information about the fire return interval for this type (Abrahamson 2014). White spruce woodlands in the sub-boreal region burn less frequently than those in the interior boreal region (Abrahamson 2014). Experts at the LANDFIRE National Anchorage workshop estimated a fire return interval of about 300yrs. As of 2014 there was no information on fire type, fire severity, fire intensity, fire pattern, or fire size in this BpS (Abrahamson 2014).

Spruce bark beetle (Dendroctonus rufipennis) infestations are a major natural disturbance affecting this BpS. Beetle outbreaks in spruce forest occurred at an estimated return interval of every 52yrs on the Kenai Peninsula over the past 250yrs (Berg and Scott 2006). Outbreaks that thin stands and produce a growth release in surviving trees occur on average every 50yrs in white and Lutz spruce forests on the Kenai Peninsula (Berg 2004). Spruce bark beetle outbreaks that produce a more substantial thinning occur at longer intervals, with the last two severe infestations occurring in the 1870s-1880s and 1987-present (Berg 2004). The bark beetle outbreak that began in 1987 on the Kenai Peninsula has killed over 1.3 million acres of spruce (USDA Forest Service 2002). This recent outbreak is associated with warmer than average growing season temperatures that allowed beetles to mature in one year rather than two (Werner and Holsten 1985, Barber et al. 2000 as cited in Werner et al. 2006). Berg (2004) and Berg and Scott (2006) found no association between spruce bark beetle mortality and fire in the past. 

When these woodlands are thinned by spruce bark beetle-mortality, bluejoint grass (Calamagrostis canadensis) may proliferate rapidly from its pre-disturbance low level network of rhizomatous roots and may develop into a thick, seedling-excluding sod within a few years (Berg 2004). Boucher (2003) found that rapid spread of Calamagrostis occurs primarily on sites with deep, loamy soils. Boucher and Mead (2006) found that vegetation response varied following the recent outbreak in different geographic locations on the Kenai Peninsula. Some areas exhibited an increase in early seral species (e.g. Calamagrostis canadensis and Chamerion angustifolium); other areas exhibited an increase in late seral mountain hemlock, while in other areas vegetation composition did not shift substantially (Boucher and Mead 2006). 

A possible scenario for post-fire succession in this BpS is the resprouting of low shrubs from underground propagules, followed by invasion of Picea glauca by seed from adjacent stands or surviving trees (NatureServe 2008). Betula papyrifera var. kenaica may invade the site if a seed source is available and site conditions are favorable, but the hardwood phase only occurs on a small fraction of the landscape and may be more common in southwestern AK. The typical succession sequence for this type does not include a hardwood sere. The rate of succession depends on severity of fire and seed source, and some sites may be shrub-dominated for long periods without spruce invasion. In 2022 a reviewer noted that research on the Swan Lake fire (2019) will help answer some of these questions about successional patterns in the areas of the treeline where it burned.  
Fire Frequency 
Fire interval is expressed in years for each fire severity class and for all types of fire combined (All Fires). Average FI is the central tendency modeled. Percent of all fires is the percent of all fires modeled in that severity class. Minimum and Maximum FIs show the relative range of fire intervals as estimated by model contributors, if known.",Large patch,Adjacent systems may include Alaska Sub-boreal White Spruce-Hardwood Forest or Western North American Boreal Mesic Scrub Birch-Willow Shrubland - Alaska Sub-boreal.,Very little information is available on the fire return interval for this type.,"The frequency and severity of beetle outbreaks will likely increase under a warmer climate. Spruce bark beetle has had substantial effects on spruce communities in southcentral Alaska, increasing fire danger and fueling lightning strikes.  

Abrahamson (2014) includes more information about the effects of climate change on white spruce treeline communities.","Review Comments: 

-A reviewer questioned whether the Berg and Scott 2006 estimate for beetle frequency was appropriate for treeline sites? See Disturbance Description. 
-A reviewer asks: “Is it odd that the neighboring (and lower elevation) system Alaska Sub-boreal White Spruce-Hardwood Forest (19790) has a much longer modeled mean fire return interval (MRFI) of 625 years? Wouldn’t you expect a treeline site to have a longer MFRI due to shorter snow-free season and less fuel?” 

10/2021 This description was updated by NatureServe staff and Kori Blankenship based on the updated Ecological Systems classification for Alaska. Edits focused on adjusting the Geographic Range, Biophysical Site Descriptions, and Vegetation Description sections.

For LANDFIRE National this model was based on input from the experts who attended the LANDFIRE Anchorage modeling meeting (Dec. 07) with additional refinement by Tina Boucher and Kori Blankenship. It is similar to Western North American Boreal Treeline White Spruce Woodland - Boreal but includes insects and disease probability and a less frequent fire return interval. Beth Schulz reviewed an initial draft of this model. This model did not receive review specifically for z76.

Succession Classes

Mapping Rules
Succession class letters A-E are described in the Succession Class Description section. Some classes use a leafform distinction where a qualifier is added to the class letter: Brdl (broadleaf), Con (conifer), or Mix (mixed conifer and broadleaf). UN refers to uncharacteristic native or a combination of height and cover that would not be expected under the reference condition. NP refers to not possible or a combination of height and cover which is not physiologically possible for the species in the BpS.


Description
Class A	4				Early Development 1 - All Structures

Indicator Species

Description
Post disturbance regeneration: herbaceous to low shrub. Shrubs resprout from underground propagules and then Picea glauca invades by seed from adjacent stands or surviving trees. The shrub layer typically features Betula nana, but other shrubs such as Vaccinium uliginosum, Ledum groenlandicum, and Salix pulchra may be common or dominant. In some locations Alnus viridis ssp. sinuata is the dominant understory shrub. Feathermoss may be present in the ground layer.

The rate of succession depends on severity of fire and seed source, and some sites may be shrub-dominated for long periods without spruce invasion. The typical succession sequence for this type does not include a hardwood sere. Betula papyrifera var. kenaica may invade if a seed source is available and site conditions are favorable.
Maximum Tree Size ClassSeedling/Sapling <5""
Class B	6				Mid Development 1 - Open

Indicator Species

Description
Woodland to open hardwood or white spruce-hardwood mix. Tree saplings gain canopy dominance over shrubs. Forest canopy cover is generally 10-25%. Betula papyrifera var. kenica invades and stands may be either hardwoods or a spruce-hardwood mix. 

Maximum Tree Size ClassPole 5–9"" (swd)/5–11"" (hwd)
Class C	90				Late Development 1 - Open

Indicator Species

Description
Open white spruce woodland. Site is dominated by mature conifers. Forest canopy cover is generally 10-25%. Hardwoods, if previously present in the stand, lose dominance in overstory during this phase. The understory may include various combinations of low shrubs, herbs, and mosses. Feathermoss are often common in the ground layer. On drier or more exposed sites, Cladina spp. replace feathermosses as the dominant ground cover (Viereck 1979). Lichens may become more common in older stands, with some sites developing into Spruce-Lichen Woodland. Cladina species include C. arbuscula, C. mitis, C. rangiferina, and C. stellaris. Other lichens include Flavocetraria cucullata, C. islandica, C. nivalis, Bryoria spp., Alectoria nigricans, and Alectoria ochroleuca. Insects and disease can thin large overstory trees.

Maximum Tree Size ClassMed. 9–20"" (swd)/11–20"" (hwd)
Model Parameters
Deterministic Transitions
Probabilistic Transitions","Abrahamson, Ilana L. 2014. Fire regimes of Alaskan white spruce communities. In: Fire Effects Information System, [Online]. U.S. Department of Agriculture, Forest Service, Rocky Mountain Research Station, Fire Sciences Laboratory (Producer). Available: www.fs.fed.us/database/feis/fire_regimes/AK_white_spruce/all.html [2021, June 28]. 

Abrahamson, Ilana. 2015. Picea glauca, white spruce. In: Fire Effects Information System, [Online]. U.S. Department of Agriculture, Forest Service, Rocky Mountain Research Station, Fire Sciences Laboratory (Producer). Available: http://www.fs.fed.us/database/feis/plants/tree/picgla/all.html [2016, May 20].

Barber, V.A., Juday, P.A., Finney, B., 2000. Reduced growth of Alaskan white spruce in the twentieth century from temperature induced drought stress. Nature 405, 668–673.

Berg, E. 2004. White spruce fire history on the Kenai Peninsula, Alaska, based on radiocarbon-dated soil charcoal. Unpublished manuscript. Kenai National Wildlife Refuge, Alaska. 

Berg, E.E and R.S. Anderson. 2006. Fire history of white and Lutz spruce forests on the Kenai Peninsula, Alaska, over the last two millennia as determined from soil charcoal. Forest Ecology and Management 227( 3): 275-283.

Berg, E.E, J.D. Henry, C.L. Fastie, A.D. De Volder and S.M. Matsuoka. 2006. Spruce beetle outbreaks on the Kenai Peninsula, Alaska, and Kluane National Park and Reserve, Yukon Territory: Relationship to summer temperatures and regional differences in disturbance regimes. Forest Ecology and Management 227(3): 219-232.

Boggs, K., A. Garibaldi, J. Stevens, J. Grunblatt, and T. Helt. 2001. Denali National Park and Preserve Landcover mapping project. Volume 2: Landcover classes and plant associations. Alaska Natural Heritage Program, Environment and Natural Resources Institute, University of Alaska Anchorage, 707 A Street, Anchorage, AK. 164pp. 

Boucher, T.V. 2003. Vegetation response to prescribed fire in the Kenai Mountains, Alaska. Research Paper PNW-RP-554. Portland, OR: USDA Forest Service, Pacific Northwest Research Station. 59 p. 

Boucher, T.V. and B.R. Mead. 2006. Vegetation change and forest regeneration on the Kenai Peninsula, Alaska following a spruce beetle outbreak, 1987–2000.
Forest Ecology and Management 227(3): 233-246.

Boucher, T.V., L.A. Flagstad, and B. Bernard. 2016. National Vegetation Classification: Boreal and Arctic Alaska Regional Analysis. Alaska Center for Conservation Science, University of Alaska Anchorage. Anchorage, Alaska. 77 pp.

Comer, P., D. Faber-Langendoen, R. Evans, S. Gawler, C. Josse, G. Kittel, S. Menard, C. Nordman, M. Pyne, M. Reid, M. Russo, K. Schulz, K. Snow, J. Teague, and R. White. 2003-present. Ecological systems of the United States: A working classification of U.S. terrestrial systems. NatureServe, Arlington, VA. 

Foote, J. M. 1983. Classification, description, and dynamics of plant communities after fire in the taiga of interior Alaska. Res. Pap. PNW-307. Portland, OR. USDA Forest Service. Pacific Northwest Research Station. 108pp.

Matsuoka, S.M., E.H. Holsten, M.E. Shephard, R.A. Werner and R.E. Burnside. 2006. Spruce beetles and forest ecosystems of south-central Alaska. Forest Ecology and Management 227(3): 193-194.

NatureServe. 2008. International Ecological Classification Standard: Terrestrial Ecological Classifications. Draft Ecological Systems Description for Alaska Boreal and Sub-boreal Regions.

USDA Forest Service. 2002. Revised land and resource management plan, final 
environmental impact statement. Alaska Region Chugach National Forest. R10-MB-480d, May 2002. 

Viereck, L.A. 1979. Characteristics of treeline plant communities in Alaska. Holarctic Ecology. 2:228-238.

Werner, R.A., Holsten, E.H., 1985. Effect of phloem temperature on development of spruce beetles in Alaska. In: Safrankik, L. (Ed.), The Role of the Host in the Population Dynamics of Forest Insects. For. Can., Pac. For. Cent. Victoria, British Columbia, pp. 155–163.",16012_73_74_75_77_78.docx,,,,,
Forest and Woodland,"68, 69, 70, 72, 73, 74, 76","This Biophysical Setting (BpS) is split into multiple models: 
This BpS was split into Boreal and Boreal Transition variants so that regional differences in disturbance regimes could be modeled. The Hardwood split represent areas where hardwoods dominate.","The geographic range of this Biophysical Setting (BpS) extends from the Brooks Range in the north, to the Alaska Range in the south and west along the Seward Peninsula, Nulato Hills, Kuskokwim Mountains, and Aleutian Range. Populus balsamifera is the northernmost tree species in North America (Saarela et al. 2012) and as such forms small stands at the elevational, latitudinal, and western limits of tree growth in Alaska. This BpS occurs beyond the coniferous treeline in western and northern Alaska. This BpS is not common in the Kenai Mountains where mountain hemlock dominates treeline forest types, but it may be found in western Kenai highlands between Skilak and Tustemena lakes and in higher elevations of Caribou Hills north of Homer. In MZ76 this BpS is found in Nowacki ecoregions 8, 9 and 10. This BpS description and model focuses on the boreal region.","This BpS occurs on upland terrain at treeline. The system extends to the alpine on southerly aspects and into the Arctic along river valleys. Specifically in the Arctic, this alliance occurs in isolated stands associated with north-flowing rivers, primarily braided streams, and aufeis deposits (Bockheim et al. 2003). It also occurs infrequently on south-facing slopes in the foothills of the Brooks Range (Breen 2014). The mean balsam poplar absolute canopy cover is approximately 50%, mean height is 9.76m, and mean tree diameter is 14.26 cm.  

Soils are generally well-drained, unmodified cryofluevents lacking permafrost in the boreal forest and with deep active layers in the Arctic (Viereck et al. 1992; Ping et al. 1998). These soils develop on colluvial deposits, glacial till, or bedrock. At the limits of their occurrence, P. balsamifera survival has been connected to sheltered sites and the presence of year-round groundwater (e.g. perennial springs).","Populus balsamifera ssp. balsamifera and/or P. tremuloides are the dominant overstory species. Trees are often stunted on exposed sties (Jorgenson et al. 2003). Plots from Denali National Park showed an average tree height of 2.4 meters for Dwarf Poplar Aspen Forest (Clark and Duffy 2006). Moist sites are conducive to Populus balsamifera establishment where more well drained sites are dominated by P. tremuloides.  Common understory shrubs include Viburnum edule, Rosa acicularis, Arctostaphylos spp., and Salix spp. A wide variety of herbaceous species may occur including Calamagrostis canadensis, Pyrola spp., and Aconitum delphinifolium (Viereck 1979; Jorgenson et al. 2003).  
BpS Dominant and Indicator Species
Species names are from the NRCS PLANTS database. Check species codes at http://plants.usda.gov.","The disturbance dynamics of these high elevation forests are unclear but wind/exposure and fire could be driving disturbance process as well as steep talus slopes that are not conducive to soil retention and development. Steep slopes with poor rooting substrate are prone to landslide and avalanche.  

Balsam poplar and quaking aspen are fire adapted. Balsam poplar may be top killed by moderate intensity fires but can root sprout within several weeks following fire (Harris 1990). Aspen is also easily top killed by fire, but fire stimulates vigorous root sprouting (Howard 1996).  Topographic roughness leads to lower probability of an area burning (Hammond et al. 2019) so it is likely that those hardwood stands at treeline in more mountainous terrain will have a longer fire return interval (FRI). 

In general, species dominance in the boreal forest post fire will shift along different trajectories according to variation in underlying landscape attributes (Johnstone and Chapin 2006; Kane et al. 2007; Johnstone et al. 2010; Roland et al. 2013). In this BpS, steep slopes and southern aspect are key landscape attributes that affect fire behavior and resulting plant community succession. For example, south-facing slopes are more productive due to their deeper active layer, leading to mostly white spruce stands with mixed hardwoods at the treeline. North-facing slopes commonly have continuous permafrost and don’t receive the warmth needed to support treeline hardwood stands. These communities where tree species occur are woodlands dominated by Picea mariana with a Ledum ssp. decumbens/Betula nana understory.  
Fire Frequency 
Fire interval is expressed in years for each fire severity class and for all types of fire combined (All Fires). Average FI is the central tendency modeled. Percent of all fires is the percent of all fires modeled in that severity class. Minimum and Maximum FIs show the relative range of fire intervals as estimated by model contributors, if known.",Large patch or small patch,,"This model was defined at the Fairbanks workshop as having an additional early seral stage dominated by alpine tundra shrubs, herbaceous vegetation, or bare ground. This class was described as a persistent state occurring on sites frequently disturbed by avalanches or other weather events (snow, ice, wind, etc). It was later determined that this stage could not be adequately modeled with the two tree dominated stages (Class A and B in the current model) and that it was probably best to represent the non-forested sites as a different BpS.

It seems that the extent of this BpS is narrowly limited to boreal forest southern slopes at treeline (and some north of the Brooks Range north facing riverbeds, which could be described with GIS by looking at average coniferous treeline, masking out the slopes greater than 35 degrees (?) and defining this narrow band through spectral signature of the broadleaf species.",,"9/13/2022: 
- Kori Blankenship adjusted the modeled mean fire return interval (MFRI) from 159 to 208 years based on the relative fire frequency rankings developed for boreal forest BpS during the Boreal Forest BpS Review Work Session in February 2022. The change in fire frequency changed the succession class proportions less than +/- 5%. 

- A reviewer questioned if P. tremuloides belonged in this BpS: “if this is a true treeline community, I question the inclusion of P. tremuloides. From Viereck et al. 1979: Quaking aspen Populus tremuloides Michx., which is found on the warm and dry sites in interior Alaska (Fig. 2G), is more limited in its regional distribution and never forms part of the arctic or alpine tree”

10/2021: 
- This description was updated by NatureServe staff and Kori Blankenship based on the updated Ecological Systems classification for Alaska. Edits focused on adjusting the Geographic Range, Biophysical Site Descriptions, and Vegetation Description sections.

This system was created during LANDFIRE National for the AK Boreal region and did not receive review for other regions in the state. This model was based on input from the experts who attended the LANDFIRE Fairbanks (Nov. 07) and Anchorage modeling meetings (Dec. 08) and was refined by Mitch Michaud and Michelle Schuman. The probability of fire in the state-and-transition simulation model is a best guess based on the assumption that this type would have a FRI similar to that of tundra types.
Succession Classes
Mapping Rules
Succession class letters A-E are described in the Succession Class Description section. Some classes use a leafform distinction where a qualifier is added to the class letter: Brdl (broadleaf), Con (conifer), or Mix (mixed conifer and broadleaf). UN refers to uncharacteristic native or a combination of height and cover that would not be expected under the reference condition. NP refers to not possible or a combination of height and cover which is not physiologically possible for the species in the BpS.


Description
Class A	21				Early Development 1 - All Structures

Indicator Species

Description
This class is characterized by young stands of balsam poplar. Trees come in immediately post-disturbance along with the shrubs and herbaceous species. Wind desiccation can delay the development of trees.

Maximum Tree Size ClassSeedling/Sapling <5""
Class B	79				Late Development 1 - All Structures

Indicator Species

Description
This class is characterized by mature balsam poplar trees with a well-developed understory. Mature stands can be more open than early seral stands (Class A) but not always. Hardwoods begin to senesce after about 150yrs and a mixed age stand develops.

Maximum Tree Size ClassPole 5–9"" (swd)/5–11"" (hwd)
Model Parameters
Deterministic Transitions
Probabilistic Transitions","Bockheim, J.G., J.D. O’Brien, J.S. Munroe, and K.M. Hinkel 2003. Factors Affecting the Distribution of Populus balsamifera on the North Slope of Alaska, U.S.A, Arctic, Antarctic, and Alpine Research, 35:3, 331-340, DOI: 10.1657/1523-430(2003)035[0331:FATDOP]2.0.CO;2
Breen, L.A. 2014. Balsam poplar (Populus balsamifera L.) communities on the Arctic Slope of Alaska. Phytocoenologia Vol. 44, Issue 1-2, pp. 1-17.

Clark, M.H. and M.S. Duffy. 2006.Soil Survey of Denali National Park, Alaska. USDA NRCS. Available online at: http://soildatamart.nrcs.usda.gov/Manuscripts/AK651/0/DenaliPark.pdf.

Comer, P., D. Faber-Langendoen, R. Evans, S. Gawler, C. Josse, G. Kittel, S. Menard, C. Nordman, M. Pyne, M. Reid, M. Russo, K. Schulz, K. Snow, J. Teague, and R. White. 2003-present. Ecological systems of the United States: A working classification of U.S. terrestrial systems. NatureServe, Arlington, VA. 

Hammond, D.H., Strand, E.K., Hudak, A.T. et al. 2019. Boreal forest vegetation and fuel conditions 12 years after the 2004 Taylor Complex fires in Alaska, USA. fire ecol 15, 32 https://doi.org/10.1186/s42408-019-0049-5

Harris, Holly T. 1990. Populus balsamifera subsp. balsamifera. In: Fire Effects Information System, [Online]. USDA Forest Service, Rocky Mountain Research Station, Fire Sciences Laboratory (Producer). Available: http://www.fs.fed.us/database/feis/ [2008, March 27].

Howard, Janet L. 1996. Populus tremuloides. In: Fire Effects Information System, [Online]. USDA Forest Service, Rocky Mountain Research Station, Fire Sciences Laboratory (Producer). Available: http://www.fs.fed.us/database/feis/ [2008, March 27].

Johnstone, J. F., and F. S. Chapin III. 2006. Effects of soil burn severity on post-fire tree recruitment in boreal forest. Ecosystems 9:14–31.

Johnstone, J. F., F. S. Chapin III, T. N. Hollingsworth, M. C. Mack, V. Romanovsky, and M. Turetsky. 2010. Fire, climate change, and forest resilience in interior Alaska. Canadian Journal of Forest Research 40:1302–1312

Jorgenson, M.T. et al. 2003. An ecological land survey for Fort Richardson, Alaska. Cold Regions Research and Engineering Laboratory, Hanover, New Hampshire, ERDC/CRREL TR-03019.

Kane, E. S., E. S. Kasischke, D. W. Valentine, M. R. Turetsky, and A. D. McGuire. 2007. Topographic influences on wildfire consumption of soil organic carbon in interior Alaska: Implications for black carbon accumulation. Journal of Geophysical Research: Biogeosciences 112:1–11

NatureServe. 2008. International Ecological Classification Standard: Terrestrial Ecological Classifications. Draft Ecological Systems Description for Alaska Boreal and Sub-boreal Regions.

Ping, C. L., J.G. Bockheim, J.M. Kimble, G.J. Michaelson, and D.A. Walker. 1998. Characteristics of cryogenic soils along a latitudinal transect in arctic Alaska, J. Geophys. Res., 103(D22), 28917– 28928, doi:10.1029/98JD02024.
Roland, C. A., J. H. Schmidt, and E. F. Nicklen. 2013. Landscape-scale patterns in tree occupancy and abundance in subarctic Alaska. Ecological Monographs 83:19–48

Roland, C. A., J. H. Schmidt, S. G. Winder, S. E. Stehn, and E. F. Nicklen. 2019. Regional variation in interior Alaskan boreal forests is driven by fire disturbance, topography, and climate. Ecological Monographs 89(3):e01369. 10.1002/ecm.1369

Saarela, J.M., L.J. Gillespie, L.L. Consaul, and R.D. Bull. 2012. Balsam Poplar (Populus balsamifera; Salicaceae) Beyond the Tree Line in the Western Canadian Mainland Arctic (Northwest Territories). Arctic 65(1): 1–12. http://www.jstor.org/stable/23187220

Viereck, L.A. 1979. Characteristics of treeline plant communities in Alaska. Holarctic Ecology 2: 228-238.

Viereck et al. 1992. The Alaska vegetation classification. Pacific Northwest Research Station, USDA Forest Service, Portland, OR. Gen. Tech. Rep. PNW-GTR286. 278 p.",16013_68_69_70_72_73_74_76.docx,,,,,
Forest and Woodland,"67, 68, 69, 70, 71, 72, 73, 74, 75, 76, 77, 78
Model Splits or Lumps  
The Western North American Boreal White Spruce-Hardwood Forest Biophysical Setting (BpS) is lumped into this BpS.",,"This BpS is found from the southern slopes of the Brooks Range to southcentral Alaska, west to the limit of tree growth, and throughout interior boreal Alaska, extending south and eastward into adjacent provinces and territories of Canada.","The montane Picea glauca forests occur on rolling hills, inactive terraces, and mountain side slopes up to the elevational limit of treeline. Soils are typically derived from glacial or other depositional processes. This BpS is found on a variety of landforms including forests stabilized dunes, lacustrine deposits (former lake beds), moraines, drumlins, eskers, kettle-kame, colluvial mountain and hill slopes, alluvial fan, floodplains, and loess deposits. These systems commonly occur on well-drained upland terrain on west, east, and south aspects, but are possible on all aspects. Continuous permafrost underlies this system in map zones 68, 69, 71, 70 and becomes discontinuous moving south in zones 73 and 74. Soil surveys of the Yukon Flats Lowlands found permafrost was common under well to moderately well drained white spruce forests on inactive terraces as long as there were thick layers of silty loess and/or alluvium.

Boreal Spruce-Lichen Woodland (a BpS lumped in with this BpS) occurs most commonly on cool, well-drained sites with thin soils and can also occur on somewhat excessively drained soils of inactive terraces that have sand and gravels at the soil surface (ECOLOGICAL SITE XA232X01Y250).","Canopy cover in mature stands is dominated by Picea glauca and typically ranges from 25-80%, except in the case of Boreal Spruce-Lichen Woodland, which has a more open canopy (10-25% cover). Other hardwood species such as Betula neoalaskana, Populus balsamifera, and Populus tremuloides may be subdominant in the overstory, but Picea glauca contributes at least 75 % of the total forest canopy in the forested type (NatureServe 2008). Mature stands are often open-canopied with a well-developed shrub layer. The woodland type may be dominated by Picea mariana in select abandoned floodplains found adjacent to moist Picea mariana wetland types. The understory is open shrub or herbaceous.

Common understory shrubs include Alnus spp., Arctostaphylos uva-ursi, Vaccinium vitis-idaea, V. uliginosum, Betula nana, Empetrum nigrum, Ledum glandulosum, Rosa acicularis, Salix glauca, Viburnum edule, and Linnaea borealis. Arctostaphylos rubra and Shepherdia canadensis are typically found on dryer sites (Viereck et al. 1992). In the Nulato Hills, Spirea stevenii and Cornus suecica are relatively consistent indicators of this BpS. Common herbaceous species include Chamerion angustifolium ssp. angustifolium and Calamagrostis canadensis. Other herbaceous species can include Equisetum sylvaticum, E. arvense, Geocaulon lividum, Mertensia paniculata, Pyrola spp., Cnidium cnidiifolium, Calamagrostis purpurascens, and Goodyera repens (Viereck et al. 1992). Feather mosses such as Hylocomium splendens and Pleurozium schreberi are common in the ground layer of the forested type (Boggs and Sturdy 2005). In the mature woodland type, feather mosses are less important, while lichens, primarily Cladina spp. and Flavocetraria cucullate, form a very important component of the understory.
BpS Dominant and Indicator Species
Species names are from the NRCS PLANTS database. Check species codes at http://plants.usda.gov.","The disturbance regime of boreal white spruce forests is characterized by large crown fires with estimates of mean fire frequency varying widely (Abrahamson 2014). Boreal white spruce fire regimes are influenced by the surrounding vegetation matrix and are therefore difficult to distinguish (Abrahamson 2014). White spruce has thin bark and is typically killed by fire. Except in the case of severe fires, post-fire succession tends to return to the pre-disturbance forest type (Foote 1983). After moderately severe fire this system is most likely to return to a hardwood-dominant phase before recovery to a mixed spruce-hardwood system. On light to moderate burns, pre-burn species colonize the site via rhizomes, root sprouts, and trunk sprouts. A variety of herbaceous communities dominate, primarily Chamerion angustifolium ssp. angustifolium and Calamagrostis canadensis. Betula neoalaskana, Populus tremuloides, or Picea glauca may individually invade and dominate sites, but eventually Picea glauca gains dominance over hardwoods. In severe portions of fires, the organic layer is consumed, killing the underground propagules, and revegetation of the site is by seed from in-situ seed banks, windblown seed and from nearby Populus tremuloides suckers that sprout post-fire (Howard 1996). Picea glauca establish in severe burned areas with the seeds coming from offsite (Cater and Chapin 2000; Johnstone and Chapin 2003; Mann and Plug 1999; Viereck 1973; Zasada et al. 1992). Picea mariana is better adapted than Picea glauca to cold ground and quickly recolonizes the shadier sites following severe fire (Boggs and Sturdy 2005). This is also largely due to Picea mariana having serotinous cones. 

A typical successional sequence progresses from herbaceous to shrub to hardwood/hardwood-spruce and finally to spruce after 100 to 150 years (Foote 1983). Successional trajectories vary regionally across the boreal region and are locally affected by slope, aspect, and hydrology however, dominant patterns of post-fire community composition and abundance are primarily related to gradients in fire severity (Hollingsworth et al. 2013). Other factors affecting successional sequence include permafrost depth, elevation, soil temperature, and soil moisture.  At higher latitudes, Betula neoalaskana is often absent from the early-seral forests. In upland spruce stands post-burn succession occasionally skips the hardwood/hardwood-spruce stage and proceeds directly to a spruce dominated stage (Viereck et al. 1992). The former successional scenario is typical of the Fairbanks area and the Yukon Flats Lowlands while the latter is more common around Yukon Charley, Noatak, NE boreal, and at higher elevations. Boreal Spruce-Lichen Woodland may occur as an early successional phase on recently abandoned floodplains or as a very late successional stage of this system. 

Post-fire regeneration of white spruce appears to be more successful when fires occur in mast years (Peters et al. 2005). This interaction between fire, masting, and subsequent tree regeneration could have implications for historical stand structure and successional dynamics over time (Peters et al. 2005).
Fire Frequency 
Fire interval is expressed in years for each fire severity class and for all types of fire combined (All Fires). Average FI is the central tendency modeled. Percent of all fires is the percent of all fires modeled in that severity class. Minimum and Maximum FIs show the relative range of fire intervals as estimated by model contributors, if known.","This BpS most commonly manifests on the landscape as an extensive and contiguous type, but it can also occur in a matrix with other vegetation types. Crown fires were typically large patch occurrences.",This system may be found alongside any boreal black spruce or hardwood system.,"It should be noted that there is a considerable variation across the range of this community type. This description and the associated model attempt to capture the most common attributes of the system across its range. 

Only a few studies report fire regime information for white spruce forests and they are limited primarily to map zone 70, which may not be representative of fire regimes elsewhere in Alaska (Abrahamson 2014).","Recent warmer and drier conditions, along with human activities including fire suppression and some logging practices have likely increased the current frequency and severity of spruce bark beetle outbreaks compared with pre-settlement conditions.","12/2022 – The fire frequency of this system was adjusted based on feedback from experts who
attended the Boreal Forest BpS Review Work Session in February 2022. At that session,
participants ranked the boreal forest BpS by relative fire frequency. Based on that ranking it was
estimated that this BpS would have a mean fire return interval of approximately 150-200 years. 

More information on fire in Alaskan white spruce communities can be found in the Fire Effects Information System Synthesis: Fire regimes of Alaskan white spruce communities (Abrahamson 2014). 

10/2021 This description was updated by NatureServe staff and Kori Blankenship based on the updated Ecological Systems classification for Alaska. Edits focused on adjusting the Geographic Range, Biophysical Site Descriptions, and Vegetation Description sections.

This system was created during LANDFIRE National for the AK Boreal region and reviewed by Tina Boucher for that region. It did not receive review for other regions in the state. 

This model was based on input from the experts who attended the LANDFIRE Fairbanks modeling meeting (Nov. 07) and refined by Robert Lambrecht. Experts from this workshop indicated the potential need for a self-replacement spruce model and another for the short-term mix of spruce and hardwood. This model represents both concepts using a deterministic pathway to represent the more common spruce-hardwood pathway and an alternate succession pathway to represent the less common spruce-spruce pathway.

This model may need to be split into two regional variants: this model to cover most of the boreal region and a variant with a lower fire return interval and no birch, to apply to the Copper River Basin and the Wrangell Mountains.

Though Robert Lambrect originally lumped Western North American Boreal Spruce-Lichen Woodland into this model as a late seral stage, a reviewer suggested that the Spruce Lichen Woodland would be a better fit as a seral stage of the Boreal and Sub-boreal Treeline White Spruce Woodland and the Mesic Black Spruce Forest models. Colleen Ryan removed the reference to the lump in this model but did not alter the description or state-and-transition simulation model. The model still includes a seral stage with lichens.

Succession Classes

Mapping Rules
Succession class letters A-E are described in the Succession Class Description section. Some classes use a leafform distinction where a qualifier is added to the class letter: Brdl (broadleaf), Con (conifer), or Mix (mixed conifer and broadleaf). UN refers to uncharacteristic native or a combination of height and cover that would not be expected under the reference condition. NP refers to not possible or a combination of height and cover which is not physiologically possible for the species in the BpS.


Description
Class A	2				Early Development 1 - All Structures

Indicator Species

Description
Post disturbance regeneration. A variety of herbaceous communities dominate; primarily Chamerion angustifolium ssp. angustifolium and Calamagrostis canadensis. Other herbaceous species can include Equisetum sylvaticum and E. arvense (Viereck et al. 1992). Shrubs and trees resprout from root stocks, but woody cover is low. 

Maximum Tree Size ClassSeedling/Sapling <5""
Class B	8				Early Development 2 - All Structures

Indicator Species

Description
This stage is dominated by shrubs and saplings. Common shrub species include Rosa acicularis, Viburnum edule, Betula nana, Ledum glandulosum, Vaccinium vitis-idaea, V. uliginosum, and Empetrum nigrum. Arctostaphylos uva-ursi, Arctostaphylos rubra, and Shepherdia canadensis are typically found on dryer sites (Viereck et al. 1992). Betula neoalaskana and Populus tremuloides saplings are common on some sites. 

The alternate succession pathway represents self-replacing white spruce stands in areas where there is no adjacent hardwood seed source (e.g., Noatak, NE boreal and higher elevation) or suckering from Populus tremuloides. 

Maximum Tree Size ClassSeedling/Sapling <5""
Class C	23				Mid Development 1 - Open

Indicator Species

Description
This is predominantly a hardwood forest although conifers may be present and mixed with the hardwoods. Trees begin to shade out the shrub understory. The overstory dominants include Betula neoalaskana and Populus tremuloides. Picea glauca and P. mariana may be present. Common understory species include Rosa acicularis, Viburnum edule, Arctostaphylos spp., Linnaea borealis, Chamerion angustifolium, and Geocaulon lividum.

Maximum Tree Size ClassPole 5–9"" (swd)/5–11"" (hwd)
Class D	7				Mid Development 2 - Open

Indicator Species

Description
This class represents mid-seral, self-replacing white spruce stands in areas where there is no adjacent hardwood seed source or geographic areas that tend to lack the hardwood component such as the Noatak, NE boreal region, and higher elevations. Picea glauca dominates the overstory but P. mariana may be present.

Maximum Tree Size ClassPole 5–9"" (swd)/5–11"" (hwd)
Class E	60				Late Development 1 - Open

Indicator Species

Description
Mature spruce forest. Hardwoods senesce. Accumulation of evergreen litter begins to change soil characteristics and allows feather mosses to form a carpet. Picea glauca dominates the overstory but P. mariana may be present. Common understory species include Shepherdia canadensis, Vaccinium vitis-idaea, Arctostaphylos spp., Linnaea borealis, and Geocaulon lividum.

This stage incorporates the concept of Boreal Spruce-Lichen Woodland.  On colder, organic rich soils, the understory develops to a feather moss carpet with minor contributions of forbs (e.g., Mertensial paniculata) and Thallose lichens (e.g. Peltigera apthosa). Less commonly and on well-drained mineral soils with shallow bedrock this system may transition to a spruce-lichen woodland where lichens, primarily Cladina spp., are a very important component of the understory. Feather mosses are not as important as in other white spruce systems.

Maximum Tree Size ClassMed. 9–20"" (swd)/11–20"" (hwd)
Model Parameters
Deterministic Transitions
Probabilistic Transitions","Abrahamson, Ilana L. 2014. Fire regimes of Alaskan white spruce communities. In: Fire Effects Information System, [Online]. U.S. Department of Agriculture, Forest Service, Rocky Mountain Research Station, Fire Sciences Laboratory (Producer). Available: http://www.fs.fed.us/database/feis/fire_regimes/AK_white_spruce/all.html [ 2016, October 28].

Boggs, K. and Sturdy, M. 2005. Plant associations and post-fire vegetation succession in Yukon-Charley Rivers National Preserve. Alaska Natural Heritage Program, Environment and Natural Resources Institute, University of Alaska Anchorage. Prepared For: National Park Service, Landcover Mapping Program, National Park Service-Alaska Support Office, Anchorage, Alaska 99501.

Cater, T. and F.S.Chapin. 2000.  Differential Effects of Competition or Microenvironment on Boreal Tree Seedling Establishment after fire.  Ecology 81:4.  P 1086 – 1099.   

Comer, P., D. Faber-Langendoen, R. Evans, S. Gawler, C. Josse, G. Kittel, S. Menard, C. Nordman, M. Pyne, M. Reid, M. Russo, K. Schulz, K. Snow, J. Teague, and R. White. 2003-present. Ecological systems of the United States: A working classification of U.S. terrestrial systems. NatureServe, Arlington, VA.

Duchesne L. C. and B.C. Hawkes. 2000. Fire in northern ecosystems. In: Brown, J.K. and J.K. Smith (eds.) Wildland fire in ecosystems: effects of fire on flora. Gen. Tech. Rep. RMRS-GTR-42-vol 2. Ogden, UT: USDA Forest Service, Rocky Mountain Research Station. 257 p.

Foote, J. M. 1983. Classification, description, and dynamics of plant communities after fire in the taiga of interior Alaska. Res. Pap. PNW-307. Portland, OR. USDA Forest Service. Pacific Northwest Research Station. 108 p.

Heinselman, M.L. 1981. Fire and succession in the conifer forests of northern North America. In: West, D.C., H.H. Shugart, and D.B. Botkin. Forest succession: concepts and application. Springer-Verlag, New York. Chapter 23.

Hollingsworth TN, Johnstone JF, Bernhardt EL, Chapin FS 3rd. Fire severity filters regeneration traits to shape community assembly in Alaska's boreal forest. PLoS One. 2013;8(2):e56033. doi: 10.1371/journal.pone.0056033. Epub 2013 Feb 13. PMID: 23418503; PMCID: PMC3572144.

Howard, Janet L. 1996. Populus tremuloides. In: Fire Effects Information System, [Online]. 
U.S. Department of Agriculture, Forest Service, Rocky Mountain Research Station, 
Fire Sciences Laboratory (Producer). Available: 
https://www.fs.usda.gov/database/feis/plants/tree/poptre/all.html [2022, December 13].

Johnstone, J.F. and F.S. Chapin. 2003. Non-equilibrium succession dynamics indicate continued northern migration of lodgepole pine. Global Change Biology 9, 1401–1409.

Johnstone, J.F. and F.S. Chapin. 2006.  Fire Interval Effects on Successional Trajectory in Boreal Forests of Northwest Canada. Ecosystems 9, 268–277. https://doi.org/10.1007/s10021-005-0061-2

Mann, D.H. and Plug, L.J., 1999. Vegetation and soil development at an upland taiga site, Alaska. Ecoscience 6(2), pp.272-285.

Peters, V.S., S.E. Macdonald and M.R.T. Dale. 2005. The interaction between masting and fire is key to white spruce regeneration. Ecology 86(7): 1744-1750.

Rowe, J.S. 1972. Forest Regions of Canada. Canadian Forest Service, Department of Environment. Ottawa. Inform. Can. Catalogue #FO 47-1300.

Viereck, L.A., 1973. Wildfire in the taiga of Alaska. Quaternary Research 3(3), pp.465-495.

Viereck et al. 1992. The Alaska vegetation classification. Pacific Northwest Research Station, USDA Forest Service, Portland, OR. Gen. Tech. Rep. PNW-GTR286. 278 p. 

Yarie J. 1981. Forest fire cycles and life tables – a case study from interior Alaska. Can. J Forest Res. 11:554-562. Ritter, D. F. 1986. Process geomorphology. Wm. C. Brown Publishers, Dubuque, Iowa. 579 p. 

Yarie J. 1983. Forest community classification of the Porcupine River drainage, interior Alaska, and its application to forest management. USDA Forest Service GTR PNW-154

Zasada, J.C., T.L. Sharik, and M. Nygren, 1992. The reproductive process in boreal forest trees. In ‘A Systems Analysis of the Global Boreal Forest’. Eds H.H. Shugart, R. Leemans, and G.B. Bonan. pp. 85–125.",16030_67_68_69_70_71_72_73_74_75_76_77_78.docx,,,,,
Forest and Woodland,"68, 69, 70, 71, 72, 73, 74, 75, 76, 77, 78
Model Splits or Lumps  
Western North American Boreal Mesic Black Spruce Forest and Woodland was split into a Boreal and Boreal Transition variant for BpS modeling so that regional differences could be represented. For mapping BpS 16041 should apply in level 2 ecoregions (Nowaki et al. 2001): Intermontane Boreal, Aleutian Meadows, Arctic Tundra, Bering Taiga, Bering Tundra.",,"This Biophysical Setting (BpS) occurs on lower to upper north-facing slopes in the boreal regions of Alaska, and northern Yukon Territory. This model applies to the boreal region of AK.","This system occurs on moderately well-drained sites including old alluvial fans, abandoned floodplains, and inactive terraces and is widespread on upland slopes (all aspects) and remnant alluvial deposits. On the upland slope occurrences, the slope angle is generally greater than 8°. Soils can be gravelly in abandoned floodplains and feature shallow to moderately deep organic horizons. A peat layer may be absent or well developed, but there may be an organic layer derived from non-sphagnum mosses including N-fixing Hylocomium splendens. Ice-rich permafrost is usually present except on shallow soils over bedrock and coarse alluvium (Viereck et al. 1992). Sites occurring on north-facing slopes can be underlain by permafrost, which retards the productivity of Picea mariana. Soils on these sites are moderately drained and acidic with a well-developed peat layer. Sites on lower concave slopes and toeslopes are mesic-wet, while sites on upper slopes, convex slopes and ridges are mesic. Within the southern geography of this system, Picea mariana dominated sites are typically restricted to peatlands (Harlow and Harrar 1968), mesic black spruce is replaced by temperate rain forests dominated by Sitka spruce in the North Pacific Coast of south-central AK.","Picea mariana is the dominant overstory species, but Picea glauca may be co-dominant on some sites. Early successional stands may be dominated by Betula neoalaskana or Populus tremuloides. Populus tremuloides replaces Betula neoalaskana on drier sites (Foote 1983; Chapin et al. 2006). Common understory shrubs include Rosa acicularis, Betula nana, Ledum groenlandicum, Linnaea borealis, Vaccinium vitis-idaea, V. uliginosum, and Empetrum nigrum.

Herbaceous species include Calamagrostis canadensis, Chamerion angustifolium, Equisetum spp., Rubus chamaemorus, and Carex spp. Common mosses include Sphagnum spp., Hylocomium splendens, and Pleurozium schreberi (NatureServe 2008). Feathermosses have a high capacity to insulate, which can lead to permafrost aggradation. Sites where permafrost is closer to the surface, and retards the infiltration of surface water will have more sphagnum. Lichens, in the Alectoria, Bryoria, Bryocaulon, Cetraria, Flavocetraria, Masonhalea, Sphaerophorus, and Thamnolia genera, fruticose lichens in the Cladonia genus, and N-fixing foliose lichens in the Lobaria, Peltigera, and Nephroma genera may be abundant on the drier Picea glauca co-dominated sites, especially in later seral stages (Flagstad et al. 2021).

BpS Dominant and Indicator Species
Species names are from the NRCS PLANTS database. Check species codes at http://plants.usda.gov.","Crown fires and ground fires, primarily ignited by lightning, of severity high enough to kill overstory trees are the dominant disturbance influencing black spruce forest. Moderate-severity fire sometimes occurs in a mosaic fire where black spruce is mixed with hardwoods (Lentile et al. 2007), but for a predominantly black spruce forest, fires are almost always stand-replacing crown fires or a mix of crown and lethal surface fire (see Fryer 2014a and references therein). Germination success is variable but consistently higher soon after fire, with establishment from semi-serotinous cones beginning the first year after fire and continuing for up to 10 years (Viereck 1983, Duchesne and Hawkes 2000). Fire history studies report fire frequencies from 73 to 113 years for black spruce forests in interior AK (Drury & Grissom 2008; Fastie et al. 2002; Kasischke et al. 2008; Kurkowski et al. 2008; Yarie 1981). See Fryer (2014a and 2014b) for literature reviews on black spruce including fire regime information. 

The post-fire successional trajectory may be self-replacement, with black spruce following the early seral herb and shrub stages; alternatively, black spruce-hardwood may follow the early seral stages before returning to black spruce (Chapin et al. 2006). Black spruce has semi-serotinous cones and the seed bank is airborne. Fires that kill the aerial seedbank or recur before trees achieve sexual maturity can disrupt regeneration of black spruce and result in a loss of resilience (Baltzer et al. 2021; Brown and Johnstone 2012). Historically, P. mariana is generally successful in replacing itself after fire on moister sites and sites burned at low to moderate severity when some organic layer is left unconsumed (Johnstone et al. 2010; Hammond et al. 2019). Increased occurrence and severity of fire may lead to an increased deciduous tree component (Johnstone and Kasischke 2005; Foster et al. 2019). 

The pre-burn stand composition and burn severity will influence the likely successional trajectory, with deciduous species more likely to proliferate where much of the soil organic layer is removed (Alexander and Mack 2016; Johnstone et al. 2010). Populus tremuloides, Betula neoalaskana, and Populus balsamifera are early deciduous species on mineral soils where seed stock is present. If white spruce is present in the conifer initiation, then white and black spruce can be co-dominant in the conifer canopy throughout the successional stages.

Wind and insect damage affect this type, but very little research exists to help describe or model that effect. These disturbances are also much smaller in their impacts than the dominant, stand-replacement disturbances caused by fire.
Fire Frequency 
Fire interval is expressed in years for each fire severity class and for all types of fire combined (All Fires). Average FI is the central tendency modeled. Percent of all fires is the percent of all fires modeled in that severity class. Minimum and Maximum FIs show the relative range of fire intervals as estimated by model contributors, if known.","Matrix to large patch to small patch

Across AK fires in black spruce communities tend to be small, but a few large fires (e.g. 50,000 ha or larger) account for most of the area burn and have the most ecological impact (see Fryer 2014a and references therein).","In some locations, this BpS can be confused with the White Spruce BpS because black and white spruces often mix, especially on sites with transitional moisture and thermal conditions (Murphy and Witten 2006).",,"Warmer summer temperatures and decreased precipitation in AK and northern Canada have dramatically increased wildfire disturbances in the past few decades (Overpeck et al. 1997; Stocks et al. 2000; Gillett et al. 2004; Bachelet et al. 2005). Although large fire seasons are episodic, the frequency of million-acre fire seasons in AK has increased over the past few decades, with wildfires between 2001-2020 burning 31.4 million acres, 2.5 times the acres burned during the previous 20 years (Grabinski and McFarland 2020). Projections of future fire rotation periods for the boreal forest indicate that modeled climatic data of increased temperatures and reduced precipitation are likely to reduce the fire rotation periods throughout the fire-prone boreal forest (Young et al. 2017) and that high summer temperatures enhance connectivity of dry forest fuels, facilitating large fires and thus a high probability of fire occurrence across the landscape (Turner and Romme 1994).  

Resilience in black spruce forests to compositional change is threatened by predicted increases in climate moisture deficits and fire activity (Baltzer et al. 2021). Site specific elevation and aspect seem to be the most important driver in hardwood sapling density, tall shrub cover and downed woody fuel loads following the 2004 Taylor Complex fire (Hammond et al. 2019).","9/14/2022: Kori Blankenship adjusted the modeled mean fire return interval (MFRI) from 75 to 101 years based on the relative fire frequency rankings developed for boreal forest BpS during the Boreal Forest BpS Review Work Session in February 2022. The change in fire frequency increased the proportion of spruce classes (mid 2 all, late 1 open). 

As of 9/2022 several Ecological Site Descriptions (ESDs) that fit within this BpS concept are under development and two are available online: Boreal Woodland Gravelly Terraces (ESD XA232X01Y262) and Boreal Woodland Loamy Frozen Terraces (ESD XA232X01Y218). 

In 2021 a reviewer stated that the BpS model would benefit from incorporating “burn severity information to a greater extent. Degree of organic mat removal is a key factor in determining whether deciduous trees and shrubs are likely to seed in and dominate a site.” To date, LANDFIRE has not modeled ground fire. 

During a 2016 BpS review, it was noted by a reviewer that the literature reports that fires are typically stand replacing in black spruce forest, but mixed effects are possible if hardwoods are present. Reviewer comments also suggested the possibility of adjusting the mid and late successional stage age ranges, but exact changes were not specified. Blankenship contacted the original model author, Johnston, who offered the following response: “Teresa Hollingsworth's detailed study of black spruce community composition in interior AK found no relationship between stand age and vegetation structure or composition, across an age range of 50-300+ years (Hollingsworth et al. 2006). Some recent work from my lab on moss succession dynamics suggests that the moss understory does not start to differentiate between deciduous-dominated and spruce stands until somewhere between 40-60 years old (Jean et al. 2017). On that basis, I would tend to put the break from early-mid succession at 40 years, and I think the choice between mid-late succession is probably arbitrary, as factors other than stand age appear to be driving the structural and compositional differences that we might use to define ""old growth"" conditions.” Based on this feedback Blankenship changed the start age of the Mid1All and Mid2All classes from 30 to 40 years and the end age of Early2Opn from 29 to 39 years. This resulted in slight changes to the succession class amounts (+ or – 5%) and fire frequency (+ or – 7yr change in MFRI).  

10/2021 This description was updated by NatureServe staff and Kori Blankenship based on the updated Ecological Systems classification for AK. Edits focused on adjusting the Geographic Range, Biophysical Site Descriptions, and Vegetation Description sections.

In 2021 NatureServe merged Western North American Boreal Black Spruce Wet-Mesic Slope Woodland (BpS 1622) and Western North American Boreal Mesic Black Spruce Forest (BpS 1604) into one Ecological System: Western North American Boreal Mesic Black Spruce Forest and Woodland. Kori Blankenship merged the BpS description for 1622 created by Joan Foote and Colleen Ryan and reviewed by Michelle Schuman, William Putnam, and Lisa Saperstein and 16041 created by Jill Johnstone and reviewed by William Putnam to reflect the new Ecological System concept and adopted the state-and-transition model from 16041 to represent the merged system in the Boreal region.

For LANDFIRE National, this system was created for the AK Boreal region and did not receive review during LANDFIRE National for other regions in the state. This model was based on input from the experts who attended the LANDFIRE Fairbanks (Nov. 07) and Anchorage (Dec. 07) modeling meetings. During LANDFIRE National Will Putnam expressed concern that the distinction between this BpS and Western North American Boreal White Spruce-Hardwood Forest is ambiguous. They can occur on similar sites, and in many cases the relative dominance of P. mariana vs. P. glauca is mostly a function of succession and/or disturbance history.

The probability of fire in the mixed spruce-hardwood stage (Class C) relative to the spruce dominated stages (Class D and E) is unclear. It was assumed that the herb and shrub dominated stages (Class A and B) are less fire prone, and therefore have a lower fire probability, than the later seral stages. The probability and effects of insects, disease and wind/weather events in this system are unclear and are included in the old-growth stage (Class E) of the model as a place holder.
Succession Classes

Mapping Rules
Succession class letters A-E are described in the Succession Class Description section. Some classes use a leafform distinction where a qualifier is added to the class letter: Brdl (broadleaf), Con (conifer), or Mix (mixed conifer and broadleaf). UN refers to uncharacteristic native or a combination of height and cover that would not be expected under the reference condition. NP refers to not possible or a combination of height and cover which is not physiologically possible for the species in the BpS.


Description
Class A	2				Early Development 1 - All Structures

Indicator Species

Description
Post-disturbance, herbaceous vegetation dominates. Common herbaceous species include Calamagrostis canadensis, Chamerion angustifolium and Equisetum spp. (NatureServe 2008). Black spruce seedlings and common liverwort-fire moss mats can dominate (Viereck 1983). Shrubs may sprout in areas that burned at low to moderate severity (Viereck 1983). 


Maximum Tree Size ClassNone
Class B	14				Early Development 2 - Open

Indicator Species

Description
Shrubs dominate as the cover of mat-forming and herbaceous species decreases (Viereck 1983). Common species include Salix spp., Betula nana, Ledum spp., Rosa acicularis, Vaccinium uliginosum, V. vitis-idaea, Salix pulchra, S. bebbiana, and Empetrum nigrum. Both hardwoods and spruce regeneration may be present.

The successional trajectory of the shrub stage will depend on the pre-burn stand composition and the degree of mineral soil exposure, which promotes deciduous seedling establishment. If hardwoods dominated the site before the burn, they are likely to vigorously resprout and gain dominance after the fire. If spruce dominated the site before a burn, they are likely to regain dominance in the post-fire stand.

One successional trajectory, possible after high severity fire, would include a hardwood phase (represented by Class C), but this class can also take an alternative successional pathway directly to a spruce dominated phase (represented by Class D). 

Maximum Tree Size ClassSeedling/Sapling <5""
Class C	17				Mid Development 1 - All Structures

Indicator Species

Description
Mixed hardwood-spruce forest. Hardwoods and spruce overtop shrubs and gain dominance. Early in this age class trees are at least 2.5 cm DBH and 4-8 m tall (Foote 1983). Populus tremuloides replaces Betula neoalaskana on drier sites (Foote 1983, Chapin et al. 2006). Spruce may occur as an understory, subdominant and/or co-dominant component. Tree density may be less or greater than 60% depending on site conditions. Beneath trees, shrubs, herbs and mosses exist. As the stage advances, spruce and moss become more important. 

Maximum Tree Size ClassPole 5–9"" (swd)/5–11"" (hwd)
Class D	42				Mid Development 2 - All Structures

Indicator Species

Description
Mid-seral black spruce/feathermoss. Picea mariana dominates but Picea glauca may be co-dominant on some sites. Spruce overtops the shrubs. Spruce canopy cover is commonly 50-70%. Increasing cover (up to 50%) of feathermosses and Sphagnum ssp. contributes to the development of a thick organic layer (Viereck 1983). If the organic layer increases, permafrost may aggrade (Viereck 1983).

Maximum Tree Size ClassPole 5–9"" (swd)/5–11"" (hwd)
Class E	25				Late Development 1 - Open

Indicator Species

Description
Open, old-growth black spruce. Picea mariana dominates, but Picea glauca may be co-dominant on some sites. Spruce gains dominance over hardwoods (if previously present). Tree canopy cover is generally <60% and may be <25% (woodland) depending on site conditions. Occasional hardwoods may remain. The understory may include various combinations of tall shrubs, low shrubs, herbs, mosses and lichens. If fire is absent for long periods paludification may occur, resulting in an opening of the tree canopy to woodland conditions.

Maximum Tree Size ClassMed. 9–20"" (swd)/11–20"" (hwd)
Model Parameters
Deterministic Transitions
Probabilistic Transitions","Alexander, M. E.; Lanoville, R. A. 1989. Predicting fire behavior in the black spruce-lichen woodland fuel type of western and northern Canada. Edmonton, AB: Forestry Canada, Northern Forestry Centre; Fort Smith, NT: Government of the Northwest Territories, Department of Renewable Resources, Territorial Forest Fire Centre. Poster. 

Alexander, H.D., and M.C. Mack. 2016. A Canopy Shift in Interior Alaskan Boreal Forests: Consequences for Above- and Belowground Carbon and Nitrogen Pools during Post-fire Succession. Ecosystems 19: 98–114. https://doi.org/10.1007/s10021-015-9920-7.

Auclair, A. N. D. 1983. The role of fire in lichen-dominated tundra and forest-tundra. In: Wein, Ross W.; MacLean, David A., eds. The role of fire in northern circumpolar ecosystems. Scope 18. New York: John Wiley & Sons: 235-256.

Bachelet D, J. Lenihan, R. Neilson, R. Drapek, and T. Kittel. 2005. Simulating the response of natural ecosystems and their fire regimes to climatic variability in Alaska. Can J For Res 35:2244–2257

Bachelet D, J. Lenihan, R.Neilson, R. Drapek, T. Kittel. 2005. Simulating the response of natural ecosystems and their fire regimes to climatic variability in Alaska. Can J For Res 35:2244–2257

Baltzer, J.L., N.J. Day, X.J. Walker, D. Greene, M.C. Mack, H.D. Alexander, D. Arseneault, J. Barnes, Y. Bergeron, Y. Boucher, and L. Bourgeau-Chavez. 2021. Increasing fire and the decline of fire adapted black spruce in the boreal forest. Proceedings of the National Academy of Sciences 118(45), p.e2024872118.

Barney, R.J., and B.J. Stocks. 1983. Fire frequencies during the suppression period. In: Wein, Ross W.; MacLean, David A., eds. The role of fire in northern circumpolar ecosystems. New York: John Wiley & Sons: 45-61.

Berg, E.E.; R.S. Anderson, and A.D. De Volder. 2003. Fire and spruce bark beetle disturbance regimes on the Kenai Peninsula, Alaska, [Online]. In: Proceedings, 2nd international wildland fire ecology and fire management congress held concurrently with the 5th symposium on fire and forest meteorology; 2003 November 16-20; Orlando, FL. Boston, MA: American Meteorology Society (Producer): Available: http://ams.confex.com/ams/FIRE2003/techprogram/paper_65661.htm [2014, April 17]. 

Brown, J.K., and J.K. Smith, eds. 2000. Wildland fire in ecosystems: Effects of fire on flora. Gen. Tech. Rep. RMRS-GTR-42-vol. 2. Ogden, UT: U.S. Department of Agriculture, Forest Service, Rocky Mountain Research Station. 257 p. 
Coen, Janice; Mahalingham, Shankar; Daily, John. 2004. Infrared imagery of crown-fire dynamics during FROSTFIRE. Journal of Applied Meteorology. 43(9): 1241-1259. 

Chapin, F. S., Oswood, M. W., Van Cleve, K., Viereck, L. A., Verblya, D. L. (eds.) 2006. Alaska’s Changing Boreal Forest. Oxford University Press, NY. 354 p.

Comer, P., D. Faber-Langendoen, R. Evans, S. Gawler, C. Josse, G. Kittel, S. Menard, C. Nordman, M. Pyne, M. Reid, M. Russo, K. Schulz, K. Snow, J. Teague, and R. White. 2003-present. Ecological systems of the United States: A working classification of U.S. terrestrial systems. NatureServe, Arlington, VA.

Cronan, James; McKenzie, Donald; Olson, Diana. [n.d.]. Fire regimes of the Alaska boreal forest. Draft manuscript. Portland, OR: U.S. Department of Agriculture, Forest Service, Pacific Northwest Research Station. 124 p. In cooperation with: Seattle, WA: University of Washington, School of Forest Resources; New Haven, CT: Yale School of Forestry and Environmental Studies; Moscow, ID: University of Idaho; Fairbanks, AK: U.S. Department of the Interior, Bureau of Land Management, Alaska Fire Service. Available online: http://www.frames.gov/documents/alaska/fire_history/fire_regimes_alaskan_boreal_forest_draft_gtr.zip [2012, September 4]

De Volder, A. 1999. Fire and climate history of lowland black spruce forests, Kenai National Wildlife Refuge, Alaska. Flagstaff, AZ. Northern Arizona University. 128 p. MS Thesis.

DeWilde, La'ona. 2003. Human impacts to fire regime in interior Alaska. Fairbanks, AK: University of Alaska Fairbanks. 88 p. Thesis. 

Drury, S.A., and P.J. Grissom. 2008. Fire history and fire management implications in the Yukon Flats National Wildlife Refuge, interior Alaska. Forest Ecology and Management. 256(3): 304-312.

Duchesne, Luc C., and B.C. Hawkes. 2000. Fire in northern ecosystems. In: Brown, James K.; Smith, Jane Kapler, eds. Wildland fire in ecosystems: Effects of fire on flora. Gen. Tech. Rep. RMRS-GTR-42-vol. 2. Ogden, UT: U.S. Department of Agriculture, Forest Service, Rocky Mountain Research Station: 35-51. 

Fastie, Christopher L.; Lloyd, Andrea H.; Doak, Patricia. 2002. Fire history and postfire forest development in an upland watershed of interior Alaska. Journal of Geophysical Research. 107 (D1): 8150. doi:10.1029/2001JD000570. 

Flagstad, L.A., T.W. Nawrocki, and B. Schulz. 2021. Characterization of Forested Boreal Groups and Alliances as Manifest in Alaska. 82 pp.

Foote, J. M. 1983. Classification, description, and dynamics of plant communities after fire in the taiga of interior Alaska. Res. Pap. PNW-307. Portland, OR. USDA Forest Service. Pacific Northwest Research Station. 108 p.

Foster, David R. 1983. The history and pattern of fire in the boreal forest of southeastern Labrador. Canadian Journal of Botany. 61(9): 2459-2471.

Fryer, Janet L. 2014a. Fire regimes of Alaskan black spruce communities. In: Fire Effects Information System, [Online]. U.S. Department of Agriculture, Forest Service, Rocky Mountain Research Station, Fire Sciences Laboratory (Producer). Available: http://www.fs.fed.us/database/feis/fire_regimes/AK_black_spruce/all.html 

Fryer, Janet L. 2014b. Picea mariana. In: Fire Effects Information System, [Online]. U.S. Department of Agriculture, Forest Service, Rocky Mountain Research Station, Fire Sciences Laboratory (Producer). Available: http://www.fs.fed.us/database/feis/plants/tree/picmar/all.html

Gabriel, H.W. and G.F. Tande. 1983. A regional approach to fire history in Alaska. BLM Alaska TR-83-9.

Gillett N.P., A.J. Weaver, F.W. Zwiers, and M.D. Flannigan. 2004. Detecting the effect of climate change on Canadian forest fires. Geophys Res Lett 31:L18211. doi:10.1029/2004GL 020876

Grabinski, Z. and H. R. McFarland. 2020. Alaska’s changing wildfire environment [outreach booklet]. Alaska Fire Science Consortium, International Arctic Research Center, University of Alaska Fairbanks.

Hanson, William A. 1979. Preliminary results of the Bear Creek fire effects studies. Proposed open file report. Anchorage, AK: U.S. Department of the Interior, Bureau of Land Management, Anchorage District Office. 83 p. On file with: U.S. Department of Agriculture, Forest Service, Rocky Mountain Research Station, Fire Sciences Laboratory, Missoula, MT; FEIS files.

Harlow, W.M. and E.S. Harrar.  1968.  Textbook of dendrology. Fifth ed.  McGraw Hill, Inc.,  New York.  512 pp.

Harper, Karen A.; Bergeron, Yves; Drapeau, Pierre; Gauthier, Sylvie; De Grandpre, Louis. 2006. Changes in spatial pattern of trees and snags during structural development in Picea mariana boreal forests. Journal of Vegetation Science. 17(5): 625-636. 

Hayward, Gregory H., S. Colt, M.L. McTeague, T.N. Hollingsworth, eds. 2017. Climate change vulnerability assessment for the Chugach National Forest and the Kenai Peninsula. Gen. Tech. Rep. PNW-GTR-950. Portland, OR: U.S. Department of Agriculture, Forest Service, Pacific Northwest Research Station. 340 p.

Heinselman, M.L. 1978. Fire in wilderness ecosystems. In J.C.Hendee, G.H. Stankey & R.C. Lucas, eds. Wilderness Management. USDA Forest Service, Misc. Pub. 1365.

Heinselman, M.L. 1981. Fire and succession in the conifer forests of northern North America. In: West, D.C., H.H. Shugart, and D.B. Botkin. Forest succession: concepts and application. Springer-Verlag, New York. Chapter 23. Johnson, Edward A. 1992. Fire and vegetation dynamics: Studies from the North American boreal forest. Cambridge Studies in Ecology. Cambridge, UK: Cambridge University Press. 129 p.

Hollingsworth, T.N., M.D. Walker, F.S. Chapin III, and A.L. Parsons. 2006. Scale-dependent environmental controls over species composition in Alaskan black spruce communities. Can. J. For. Res. 36: 1781–1796. doi:10.1139/X06-061.

Jean, M., H. Alexander, M. Mack, and J. Johnstone. 2017. Patterns of bryophyte succession in a 160-year chronosequence in deciduous and coniferous forests of boreal Alaska. Can. J. For. Res. 47: 1021–1032. dx.doi.org/10.1139/cjfr-2017-0013.

Johnstone, J.F., T.N. Hollingsworth, F.S. Chapin III, and M.C. Mack. 2010. Changes in fire regime break the legacy lock on successional trajectories in Alaskan boreal forest. Global Change Biology 16: 1281–1295 https://doi.org/10.1111/ j.1365-2486.2009.02051.x.

Johnstone, Jill Frances. 2003. Fire and successional trajectories in boreal forest: implications for response to a changing climate. Fairbanks, AK: University of Alaska Fairbanks. 201 p. Dissertation.

Johnstone, J.F. and E.S. Kasischke. 2005. Stand-level effects of soil burn severity on post-fire regeneration in a recently-burned black spruce forest. Canadian Journal of Forest Research 35:2151-2163.

Johnstone, J.F., T.N. Hollingsworth, F.S. Chapin III, and M.C. Mack. 2010. Changes in fire regime break the legacy lock on successional trajectories in Alaskan boreal forest. Global Change Biology 16: 1281–1295 https://doi.org/10.1111/ j.1365-2486.2009.02051.x.

Jorgenson, M.T. et al. 2003. An ecological land survey for Fort Richardson, Alaska. Cold Regions Research and Engineering Laboratory, Hanover, New Hampshire, ERDC/CRREL TR-03019.

Kasischke, Eric S.; Turetsky, Merritt R.; Ottmar, Roger D.; French, Nancy H. F.; Hoy, Elizabeth E.; Kane, Evan S. 2008. Evaluation of the composite burn index for assessing fire severity in Alaskan black spruce forests. International Journal of Wildland Fire. 17(4): 515-526. 

Kasischke ES, N.L. Jr. Christensen, B.J. Stocks. 1995. Fire, global warming, and the carbon balance of boreal forests. Ecol Appl 5:437–451

Kurkowski, Thomas A.; Mann, Daniel H.; Rupp, T. Scott; Verbyla, David L. 2008. Relative importance of different secondary successional pathways in an Alaskan boreal forest. Canadian Journal of Forest Research. 38(7): 1911-1923.

Lentile, Leigh B.; Morgan, Penelope; Hudak, Andrew T.; Bobbitt, Michael J.; Lewis, Sarah A.; Smith, Alistair M. S.; Robichaud, Peter R. 2007. Post-fire burn severity and vegetation response following eight large wildfires across the western United States. Fire Ecology. 3(1): 91-108. 

Lutz, H. J. 1960. Fire as an ecological factor in the boreal forest of Alaska. Journal of Forestry. 58(6): 454-460. 

Lynch, Jason Anthony. 2001. Fire history of boreal forests: implications for past climate change. Durham, NC: Duke University. 175 p. Dissertation.

Lynch, Jason A.; Clark, James S.; Bigelow, Nancy H.; Edwards, Mary E.; Finney, Bruce P. 2002. Geographic and temporal variations in fire history in boreal ecosystems in Alaska. Journal of Geophysical Research. 107(D1): 8152. doi:10.1029/2001JD000332

Lynch, Jason A.; Hollis, Jeremy L.; Hu, Feng Sheng. 2004. Climatic and landscape controls of the boreal forest fire regime: Holocene records from Alaska. Journal of Ecology. 92(3): 477-489.

Mann, D.H., T.S. Rupp, M.A. Olson, and P.A. Duffy. 2012. Is Alaska’s boreal forest now crossing a major ecological threshold? Arctic, Antarctic, and Alpine Research 44: 319–331 https://doi.org/10.1657/1938-4246-44.3.319.

Moss, E. H. 1953. Marsh and bog vegetation in northwestern Alberta. Canadian Journal of Botany. 31(4): 448-470. 

Murphy, K.A. and E. Witten. 2006. Black Spruce Southcentral. In Fire Regime Condition Class (FRCC) Interagency Guidebook Reference Conditions. Available at www.frcc.gov.

Norum, Rodney A. 1982. Predicting wildfire behavior in black spruce forests in Alaska. Res. Note PNW-401. Portland, OR: U.S. Department of Agriculture, Forest Fire, Pacific Northwest Forest and Range Experiment Station. 10 p.

Overpeck JT, K. Hughen, D. Hardy, R. Bradley, R. Case, M. Douglas , B. Finney, and others. 1997. Arctic environmental change of the  last four centuries. Science 278:1251–1256

Racine, Charles H.; Dennis, John G.; Patterson, William A., III. 1985. Tundra fire regimes in the Noatak River watershed, Alaska: 1956-83. Arctic. 38(3): 194-200.

Rowe, J.S., J.L Bergsteinsson, G.A. Padbury, and R. Hermesh. 1974. Fire Studies in the 
Mackenzie Valley. ALUR Report 73-74-61. Arctic Land Use Research Program, Department of Indian Affairs and Human Development, Ottawa, Canada. 123 pp. 

Stocks BJ, M.A. Fosberg, M.B. Wotton, T.J. Lynham, K.C. Ryan. 2000. Climate change and forest fire activity in North American boreal forests. In: Kasischke ES, Stocks BJ (eds) Fire, climate change and carbon cycling in the boreal forest. Ecological studies series. Springer, New York,pp 368–376

Tinner, Willy; Bigler, Christian; Gedye, Sharon; Gregory-Eaves, Irene; Jones, Richard T.; Kaltenrieder, Petra; Krahenbuhl, Urs; Hu, Feng Sheng. 2008. A 700-year paleoecological record of boreal ecosystem responses to climatic variation from Alaska. Ecology. 89(3): 729-743.

Turner, M.G. and W. H. Romme. 1994. Landscape dynamics in crown fire ecosystems. – Landscape Ecol. 9: 59–77. 

Van Cleve K, C.T. Dyrness, L.A. Viereck, J. Fox, F.S. Chapin III, W. Oechel. 1983. Taiga ecosystems in interior Alaska. Bioscience 33:39–44

Viereck, L.A., C.T. Dyrness, A.R. Batten, and K.J. Wenzlick. 1992. The Alaska Vegetation Classification. General Technical Report, United States Department of Agriculture, Forest Service. Pacific Northwest Research Station. 

Viereck, L.A. 1983. The effects of fire in black spruce ecosystems of Alaska and northern Canada. In: Wein, Ross W.; MacLean, David A., eds. The role of fire in northern circumpolar ecosystems. New York: John Wiley & Sons Ltd.: 201-220. Chapter 11.

Viereck, L.A. Van Cleve, K. Dyrness, C.T. 1986 Forest Ecosystems in the Alaska Taiga. In: Van Cleve, K., Chapin F.S. III, Flanagan, P.W. (and others), eds. Forest Ecosystems in the Alaskan taiga: a synthesis of structure and function. New York: Springer-Verlag; 1986: 22-43.

Viereck, Leslie A.; Schandelmeier, Linda A. 1980. Effects of fire in Alaska and adjacent Canada--a literature review. BLM-Alaska Tech. Rep. 6; BLM/AK/TR-80/06. Anchorage, AK: U.S. Department of the Interior, Bureau of Land Management, Alaska State Office. 124 p.

Wein, Ross W. 1983. Fire behaviour and ecological effects in organic terrain. In: Wein, Ross W.; MacLean, David A., eds. The role of fire in northern circumpolar ecosystems. Scope 18. New York: John Wiley & Sons: 81-95. 

Yarie, John. 1981. Forest fire cycles and life tables: a case study from interior Alaska. Canadian Journal of Forest Research. 11(3): 554-562.

Yarie J. 1983. Forest community classification of the Porcupine River drainage, interior Alaska, and its application to forest management. USDA Forest Service GTR PNW-154.

Young, A.M., Higuera, P.E., Duffy, P.A. and Hu, F.S., 2017. Climatic thresholds shape northern high‐latitude fire regimes and imply vulnerability to future climate change. Ecography 40(5): 606-617. https://doi.org/10.1111/ecog.02205.",16041_68_69_70_71_72_73_74_75_76_77_78.docx,,,,,
Forest and Woodland,"73, 74, 75, 76, 77, 78","Western North American Boreal Mesic Black Spruce Forest and Woodland was split into a Boreal and Boreal Transition variant for BpS modeling so that regional differences could be represented. For mapping BpS 16042 should apply in level 2 ecoregions (Nowaki et al. 2001): Alaska Range Transition, Pacific Mountains Transition, Coast Mountains Transition, Coastal Rainforests.","This Biophysical Setting (BpS) occurs in in the boreal transition regions of Alaska, south of the Alaska Range, extending west into the Bristol Bay lowlands, and including the Susitna and Matanuska Valleys, east to the Copper River Valley and the Kenai Peninsula.","This system occurs on moderately well-drained to poorly drained sites in the boreal transition region, including old alluvial fans, abandoned floodplains, and inactive terraces and is widespread on upland slopes (all aspects) and remnant alluvial deposits. Sites on lower concave slopes and toeslopes are mesic- wet, while sites on upper slopes, convex slopes and ridges may be mesic. Black spruce occurs up to treeline where it may be stunted due to cold temperatures (Chapin et al. 2006). A peat layer may be absent or well developed, where present it is derived from non-sphagnum mosses. The accumulation of organic matter increases with seral stage and under anaerobic conditions may develop as peat. Permafrost usually is present at depths of 30-60 cm but may be absent in the southern part of the state and where the soil is shallow over bedrock.","Picea mariana is the dominant overstory species, but Picea glauca may be co-dominant on some sites. Total tree canopy cover in mature stands typically ranges from 40-70% in the boreal transition region. Early successional stands will have 10-25% cover of black spruce and may also have a deciduous component dominated by Betula papyrifera var. keniaca or Populus tremuloides. Populus tremuloides replaces Betula papyrifera var. kenica on drier sites (Foote 1983; Chapin et al. 2006). Common understory shrubs include Betula nana, Ledum spp., Linnaea borealis, Vaccinium vitis-idaea, V. uliginosum, Empetrum nigrum, and sometimes Rosa acicularis. 

Typically, the herbaceous understory is forb rich with an increased presence of ferns in the boreal transition. Herbaceous species include Calamagrostis canadensis, Chamerion angustifolium, Equisetum spp., Rubus chamaemorus, and Carex spp. Common mosses include Sphagnum spp., Hylocomium splendens, and Pleurozium schreberi (NatureServe 2008). 
BpS Dominant and Indicator Species
Species names are from the NRCS PLANTS database. Check species codes at http://plants.usda.gov.","The disturbance regime is characterized by crown fires and ground fires of enough severity to kill overstory trees. De Volder (1999) estimated a fire frequency range of 25-185 years (mean=89 yrs) on the Kenai Peninsula using fire scars. Paleostudies reported means of 150 years (in 2,000 yrs BP) on the Copper Plateau (Lynch et al. 2004), 113 yrs (from 131-1194 AD) for Grizzly Lake near the Copper River (Tinner et al. 2008), and a mean of 98 yrs (from 5,500-2,400 BP) on the Kenai National Wildlife Refuge (Lynch et al. 2002). A paleostudy by Anderson and others (2006) reported 5 to 8 fires per 1,000 years coincident with the arrival of Picea mariana in the Kenai Lowlands. A “best guess” for this system without human disturbance has been estimated at 170yrs (FRCC expert’s consultation, 2004). Seasonality affects burn severity. An early season burn can kill the overstory without affecting the ground layer, but a late-season burn can reduce the duff layer and kill the understory plants. 

The post-fire successional trajectory may be self-replacement, with black spruce following the early seral herb and shrub stages; alternatively, black spruce-hardwood may follow the early seral stages before returning to black spruce (Chapin et al. 2006). High severity fire may lead to an increased deciduous tree component (Johnstone and Kasischke 2005). The pre-burn stand composition will influence the likely successional trajectory, with pre-burn spruce stands more likely to succeed to spruce and pre-burn hardwood stands more likely to succeed to hardwood after the fire. If white spruce is present in the conifer initiation, then white and black spruce can be co-dominant in the conifer canopy throughout the successional stages.

Wind and insect damage affect this type, but very little research exists to help describe or model that effect. These disturbances are also much smaller in their impacts than the dominant, stand-replacement disturbances caused by fire.
Fire Frequency
Fire interval is expressed in years for each fire severity class and for all types of fire combined (All Fires). Average FI is the central tendency modeled. Percent of all fires is the percent of all fires modeled in that severity class. Minimum and Maximum FIs show the relative range of fire intervals as estimated by model contributors, if known.","Matrix to large patch to small patch

Across AK fires in black spruce communities tend to be small, but a few large fires (e.g. 50,000 ha or larger) account for most of the area burn and have the most ecological impact (see Fryer 2014a and references therein).","In some locations, this BpS can be confused with the White Spruce BpS because black and white spruces often mix, especially on sites with transitional moisture and thermal conditions (Murphy and Witten 2006).",,"In recent decades black spruce began encroaching into drying sphagnum bogs, creating “islands” of spruce where spruce were not previously present (Ed Berg, personal communication, March 4, 2004). This drying and resultant encroachment is attributed to the warming climate.","10/2021 This description was updated by NatureServe staff and Kori Blankenship based on the updated Ecological Systems classification for AK. Edits focused on adjusting the Geographic Range, Biophysical Site Descriptions, and Vegetation Description sections.

During LANDIFRE National, this model did not receive review specifically for z76. This model was based on the FRCC Guidebook PNVG model for Black Spruce Southcentral (BSSC; Murphy and Witten 2006) and input from the experts who attended the LANDFIRE Fairbanks(Nov. 07) and Anchorage (Dec. 07) modeling meetings. It was refined by Michelle Schuman. The class definitions and age ranges were taken from experts at the Anchorage and Fairbanks meetings with input from Michelle Schuman and the disturbance probabilities are similar to those in the BSSC model.

Succession Classes

Mapping Rules
Succession class letters A-E are described in the Succession Class Description section. Some classes use a leafform distinction where a qualifier is added to the class letter: Brdl (broadleaf), Con (conifer), or Mix (mixed conifer and broadleaf). UN refers to uncharacteristic native or a combination of height and cover that would not be expected under the reference condition. NP refers to not possible or a combination of height and cover which is not physiologically possible for the species in the BpS.


Description
Class A	6				Early Development 1 - All Structures

Indicator Species

Description
Moss, herbs, seedlings of trees and shrubs establish 3 months to three years post fire (Foote 1983). Shrubs and saplings 1.4 to 7 m tall typically begin capturing sites 4-5yrs post fire. The tall shrub and sapling layer is characterized by 60-100% canopy closure. Tree saplings may include spruce, hardwoods or both. Common understory shrubs include Betula nana, Ledum groenlandicum, Vaccinium uliginosum, V. vitis-idaea and Empetrum nigrum. Common mosses include Hylocomium splendens and Pleurozium schreberi. 

Alternate succession represents the probability that some stands will go through a hardwood (with spruce understory) or spruce-hardwood stage (Class C) rather than following the main successional pathway to a black spruce dominated stage (Class B). 

Maximum Tree Size ClassSeedling/Sapling <5""
Class B	14				Mid Development 1 - All Structures

Indicator Species

Description
Black or white spruce overtops shrubs and gains dominance. Tree density may be < or > 60% depending on site conditions. 

Alternate succession causes a transition to Class E and represents the probability that some stands go directly to a closed spruce stage rather than following the main successional pathway to an open spruce stage (Class D). 

Class B should be distinguished from Class D and E based on tree size class but if that is not mapped, Class B can be considered a dwarf tree class for mapping.

Maximum Tree Size ClassPole 5–9"" (swd)/5–11"" (hwd)
Class C	3				Mid Development 2 - All Structures

Indicator Species

Description
Hardwoods (with spruce in the understory) or hardwoods and spruce overtop shrubs and gain dominance. Early in this age class trees are at least 2.5 cm DBH and 4-8 m tall (Foote 1983). Populus tremuloides replaces Betula papyrifera var. kenaica on drier sites (Foote 1983, Chapin et al. 2006). Spruce may occur as an understory, subdominant, and/or co-dominant component. Tree density may be < or > 60% depending on site conditions. Beneath trees shrubs, herbs and mosses exist. As the stage advances spruce and moss become more important.

Maximum Tree Size ClassPole 5–9"" (swd)/5–11"" (hwd)
Class D	50				Late Development 1 - Open

Indicator Species

Description
This class is characterized by open spruce lichen forest or woodland. Spruce gains dominance over hardwoods (if previously present). Tree canopy cover is < 60% and maybe < 25% (woodland) depending on site conditions. Occasional hardwoods may remain. The understory may include various combinations of tall shrubs, low shrubs, herbs, mosses and lichens. For spruce lichen woodland, the dominant lichen genus is Cladina; species include C. arbuscula, C. mitis, C. rangiferina, and C. stellaris. Other lichens include Cetraria cucullata, C. islandica, C. nivalis, Bryoria spp., Alectoria nigricans, and Alectoria ochroleuca.

If fire is absent for long periods paludification may occur (Moss 1953; Harper et al. 2006).

Maximum Tree Size ClassMed. 9–20"" (swd)/11–20"" (hwd)
Class E	27				Late Development 1 - Closed

Indicator Species

Description
This class is characterized by closed spruce forest. Site is dominated by mature black or white spruce with > 60% canopy closure although cover generally does not exceed 70%. The understory may include various combinations of tall shrubs, low shrubs, herbs, mosses, and lichens.

Maximum Tree Size ClassMed. 9–20"" (swd)/11–20"" (hwd)
Model Parameters
Deterministic Transitions
Probabilistic Transitions","Anderson, R.S., D.J. Hallett, E. Berg, R.B. Jass, J.L. Toney, C.S. de Fontaine, and A. DeVolder. 2006. Holocene development of Boreal forests and fire regimes on the Kenai Lowlands of Alaska. The Holocene. 16(6): 791-803

Barney, R. J.; Stocks, B. J. 1983. Fire frequencies during the suppression period. In: Wein, Ross W.; MacLean, David A., eds. The role of fire in northern circumpolar ecosystems. New York: John Wiley & Sons: 45-61.

Berg, Edward E.; Anderson, R. S.; De Volder, A. D. 2003. Fire and spruce bark beetle disturbance regimes on the Kenai Peninsula, Alaska, [Online]. In: Proceedings, 2nd international wildland fire ecology and fire management congress held concurrently with the 5th symposium on fire and forest meteorology; 2003 November 16-20; Orlando, FL. Boston, MA: American Meteorology Society (Producer): Available: http://ams.confex.com/ams/FIRE2003/techprogram/paper_65661.htm [2014, April 17]. 

Chapin, F. S., Oswood, M. W., Van Cleve, K., Viereck, L. A., Verblya, D. L. (eds.) 2006. Alaska’s Changing Boreal Forest. Oxford University Press, NY. 354 p.

Comer, P., D. Faber-Langendoen, R. Evans, S. Gawler, C. Josse, G. Kittel, S. Menard, C. Nordman, M. Pyne, M. Reid, M. Russo, K. Schulz, K. Snow, J. Teague, and R. White. 2003-present. Ecological systems of the United States: A working classification of U.S. terrestrial systems. NatureServe, Arlington, VA.

Cronan, James; McKenzie, Donald; Olson, Diana. [n.d.]. Fire regimes of the Alaska boreal forest. Draft manuscript. Portland, OR: U.S. Department of Agriculture, Forest Service, Pacific Northwest Research Station. 124 p. In cooperation with: Seattle, WA: University of Washington, School of Forest Resources; New Haven, CT: Yale School of Forestry and Environmental Studies; Moscow, ID: University of Idaho; Fairbanks, AK: U.S. Department of the Interior, Bureau of Land Management, Alaska Fire Service. Available online: http://www.frames.gov/documents/alaska/fire_history/fire_regimes_alaskan_boreal_forest_draft_gtr.zip [2012, September 4]

De Volder, A. 1999. Fire and climate history of lowland black spruce forests, Kenai National Wildlife Refuge, Alaska. Flagstaff, AZ. Northern Arizona University. 128 p. MS Thesis.

DeWilde, La'ona. 2003. Human impacts to fire regime in interior Alaska. Fairbanks, AK: University of Alaska Fairbanks. 88 p. Thesis. 

Foote, J. M. 1983. Classification, description, and dynamics of plant communities after fire in the taiga of interior Alaska. Res. Pap. PNW-307. Portland, OR. USDA Forest Service. Pacific Northwest Research Station. 108 p. 

Fryer, Janet L. 2014a. Fire regimes of Alaskan black spruce communities. In: Fire Effects Information System, [Online]. U.S. Department of Agriculture, Forest Service, Rocky Mountain Research Station, Fire Sciences Laboratory (Producer). Available: http://www.fs.fed.us/database/feis/fire_regimes/AK_black_spruce/all.html 

Fryer, Janet L. 2014b. Picea mariana. In: Fire Effects Information System, [Online]. U.S. Department of Agriculture, Forest Service, Rocky Mountain Research Station, Fire Sciences Laboratory (Producer). Available: http://www.fs.fed.us/database/feis/plants/tree/picmar/all.html

Gabriel, H.W. and G.F. Tande. 1983. A regional approach to fire history in Alaska. BLM Alaska TR-83-9.

Harper, Karen A.; Bergeron, Yves; Drapeau, Pierre; Gauthier, Sylvie; De Grandpre, Louis. 2006. Changes in spatial pattern of trees and snags during structural development in Picea mariana boreal forests. Journal of Vegetation Science. 17(5): 625-636. 

Heinselman, M.L. 1978. Fire in wilderness ecosystems. In J.C.Hendee, G.H. Stankey & R.C. Lucas, eds. Wilderness Management. USDA Forest Service, Misc. Pub. 1365.

Heinselman, M.L. 1981. Fire and succession in the conifer forests of northern North America. In: West, D.C., H.H. Shugart, and D.B. Botkin. Forest succession: concepts and application. Springer-Verlag, New York. Chapter 23.

Jorgenson, M.T. et al. 2003. An ecological land survey for Fort Richardson, Alaska. Cold Regions Research and Engineering Laboratory, Hanover, New Hampshire, ERDC/CRREL TR-03019.

Kasischke, Eric S.; Turetsky, Merritt R.; Ottmar, Roger D.; French, Nancy H. F.; Hoy, Elizabeth E.; Kane, Evan S. 2008. Evaluation of the composite burn index for assessing fire severity in Alaskan black spruce forests. International Journal of Wildland Fire. 17(4): 515-526.

Lynch, Jason A.; Clark, James S.; Bigelow, Nancy H.; Edwards, Mary E.; Finney, Bruce P. 2002. Geographic and temporal variations in fire history in boreal ecosystems in Alaska. Journal of Geophysical Research. 107(D1): 8152. doi:10.1029/2001JD000332

Lynch, Jason A.; Hollis, Jeremy L.; Hu, Feng Sheng. 2004. Climatic and landscape controls of the boreal forest fire regime: Holocene records from Alaska. Journal of Ecology. 92(3): 477-489.

Moss, E. H. 1953. Marsh and bog vegetation in northwestern Alberta. Canadian Journal of Botany. 31(4): 448-470. 

Murphy, K.A. and E. Witten. 2006. Black Spruce Southcentral. In Fire Regime Condition Class (FRCC) Interagency Guidebook Reference Conditions. Available at www.frcc.gov.

NatureServe. 2008. International Ecological Classification Standard: Terrestrial Ecological Classifications. Draft Ecological Systems Description for Alaska Boreal and Sub-boreal Regions.

Racine, Charles H.; Dennis, John G.; Patterson, William A., III. 1985. Tundra fire regimes in the Noatak River watershed, Alaska: 1956-83. Arctic. 38(3): 194-200.

Rowe, J.S., J.L Bergsteinsson, G.A. Padbury, and R. Hermesh. 1974. Fire Studies in the 
Mackenzie Valley. ALUR Report 73-74-61. Arctic Land Use Research Program, Department of Indian Affairs and Human Development, Ottawa, Canada. 123 pp. 

Tinner, Willy; Bigler, Christian; Gedye, Sharon; Gregory-Eaves, Irene; Jones, Richard T.; Kaltenrieder, Petra; Krahenbuhl, Urs; Hu, Feng Sheng. 2008. A 700-year paleoecological record of boreal ecosystem responses to climatic variation from Alaska. Ecology. 89(3): 729-743.

Viereck, L.A. 1983. The effects of fire in black spruce ecosystems of Alaska and northern Canada. In: Wein, Ross W.; MacLean, David A., eds. The role of fire in northern circumpolar ecosystems. New York: John Wiley & Sons Ltd.: 201-220. Chapter 11.

Viereck, Leslie A.; Schandelmeier, Linda A. 1980. Effects of fire in Alaska and adjacent Canada--a literature review. BLM-Alaska Tech. Rep. 6; BLM/AK/TR-80/06. Anchorage, AK: U.S. Department of the Interior, Bureau of Land Management, Alaska State Office. 124 p.

Viereck, L.A. Van Cleve, K. Dyrness, C.T. 1986 Forest Ecosystems in the Alaska Taiga. In: Van Cleve, K., Chapin F.S. III, Flanagan, P.W. (and others), eds. Forest Ecosystems in the Alaskan taiga: a synthesis of structure and function. New York: Springer-Verlag; 1986: 22-43.

Yarie J. 1983. Forest community classification of the Porcupine River drainage, interior Alaska, and its application to forest management. USDA Forest Service GTR PNW-154.

Yarie J. 1981. Forest fire cycles and life tables – a case study from interior Alaska. Can. J Forest Res. 11:554-562.",16042_73_74_75_76_77_78.docx,,,,,
Forest and Woodland,"67, 68, 69, 70, 71, 72, 73, 74, 75, 76, 77, 78, 80",,"Found throughout boreal AK. In MZ76 this type is found in Nowacki ecoregions 8, 9 and 10.","This Biophysical Setting (BpS) occurs on rolling hills, mountain sideslopes, and escarpments on west, east, and south aspects up to 750 m. Soils are well-drained and develop on residual material or re-transported deposits including glacial till, loess, and colluvium. Hardwood-dominated sites often persist on slopes that are warmer and drier than white spruce or mixed white spruce hardwood sites, with aspen dominating the driest, warmest sites (Viereck et al. 1992, Chapin et al. 2006).","Canopy cover is dominated by Betula neoalaskana or Populus tremuloides and typically ranges from 25-90%. Populus balsamifera may be a common associate. Picea glauca can also be present and is more likely in the western reaches of the Alaska forest. Stands are often closed-canopied with an open shrub or herbaceous understory. Common understory species include Alnus spp., Ledum spp., Vaccinium vitis-idaea, Betula nana, Rosa acicularis, Viburnum edule, and Equisetum spp.. Spiraea stevenii and Cornus suecica become more common near the maritime climatic zone. Shepherdia canadensis is common on drier sites, especially well-drained riparian gravel bars. Feathermosses such as Hylocomium splendens and Pleurozium schreberi are common in the ground layer (Jorgenson et al. 1999; Boggs and Sturdy, 2005). 	
BpS Dominant and Indicator Species
Species names are from the NRCS PLANTS database. Check species codes at http://plants.usda.gov.","As of 2014 there were no fire history studies specifically on this BpS type and information on proportions of low-, moderate-, and high-severity fire was lacking in the literature (Fryer 2014). The literature reports fire return intervals (FRI) ranging from 40 (Mann & Plug 1999) to 200+ (Fastie et al. 2010) years in upland mixed birch-aspen-spruce stands.

This BpS often acts as a firebreak. It is estimated that the mean fire return interval (MFRI) is longer than that of white and black spruce sites and maybe comparable to Boreal White Spruce-Hardwood Forest system.
Fire Frequency 
Fire interval is expressed in years for each fire severity class and for all types of fire combined (All Fires). Average FI is the central tendency modeled. Percent of all fires is the percent of all fires modeled in that severity class. Minimum and Maximum FIs show the relative range of fire intervals as estimated by model contributors, if known.",Large patch,"This system can be easily confused with seral stages of two other ecological systems in boreal AK: Western North American Boreal White Spruce-Hardwood Forest and Western North American Boreal White Spruce Forest. Adjacent systems include Boreal White Spruce-Hardwood, Boreal White Spruce Forest or Boreal Mesic Black Spruce Forest.",There is uncertainty about whether Boreal Mesic Birch-Aspen Forest is a separate BpS from Boreal White Spruce-Hardwood Forest and Boreal White Spruce Forest. This system may occur only where spruce seed sources are lacking.,"Recent ongoing leaf miner activity has been observed in birch and aspen, but no long-term information on its impact is available.","4/2022 – The fire frequency of this system was adjusted based on feedback from experts who attended the Boreal Forest BpS Review Work Session in February 2022. At that session, participants ranked the boreal forest BpS by relative fire frequency. Based on that ranking it was estimated that this BpS would have a mean fire return interval of approximately 150 years. 

More information on this and similar vegetation types can be found in the Fire Effects Information System Synthesis: Fire regimes of Alaskan quaking aspen and balsam poplar communities (Fryer 2014). The synthesis notes that “LANDFIRE's placement of boreal mesic paper birch-quaking aspen forest in Fire Regime Group IV (35-200 year frequency, stand-replacement) is based on expert opinion. This placement may need to be reconsidered if studies show low-severity fire is important in paper birch-quaking aspen stands.”

This system was created for the AK Boreal region and did not receive review for other regions in the state during LANDFIRE National. This model was based on input from the experts who attended the LANDFIRE Fairbanks modeling meeting (Nov. 07) and refined by Michelle Schuman, Mitch Michaud and Kori Blankenship with input from Tina Boucher. Boreal Mesic Birch-Aspen Forest is treated as a separate BpS within the Boreal region because experts felt it could be distinguished as occupying different biophysical settings from the Boreal White Spruce Forest and Boreal White Spruce - Hardwood Forest systems. In contrast, the Boreal Mesic Birch-Aspen Forest system was lumped with the Sub-boreal White Spruce-Hardwood Forest system within the Sub-boreal region because experts there felt that they could not distinguish the biophysical settings that these types occur on.

Succession Classes
Mapping Rules
Succession class letters A-E are described in the Succession Class Description section. Some classes use a leafform distinction where a qualifier is added to the class letter: Brdl (broadleaf), Con (conifer), or Mix (mixed conifer and broadleaf). UN refers to uncharacteristic native or a combination of height and cover that would not be expected under the reference condition. NP refers to not possible or a combination of height and cover which is not physiologically possible for the species in the BpS.


Description
Class A	2				Early Development 1 - All Structures

Indicator Species

Description
Herbaceous species dominate, including Chamerion angustifolium ssp. angustifolium, Calamagrostis canadensis, Equisetum sylvaticum, E. arvense, Mertensia paniculata and Geocaulon lividum. Shrubs are present but not dominant. Following fire, aspen resprouts and birch appears to invade by seed (Viereck and Schandelmeier 1980)


Maximum Tree Size ClassNone
Class B	4				Early Development 2 - All Structures

Indicator Species
Description
Shrubs gain dominance over the herbs. Hardwood seedlings are present. Common shrubs include Alnus spp., Ledum spp., Vaccinium vitis-idaea, Betula nana, Rosa acicularis, Shepherdia canadensis and Viburnum edule.

Maximum Tree Size ClassSeedling/Sapling <5""
Class C	12				Mid Development 1 - Closed

Indicator Species

Description
Hardwoods gain dominance over shrubs. This class is characterized by dense stands of sapling and pole sized trees. Betula neoalaskana or Populus tremuloides typically dominate but P. balsamifera may be a common associate. Common understory species include Alnus spp., Ledum spp., Vaccinium vitis-idaea, Betula nana, Rosa acicularis, Shepherdia canadensis, and Viburnum edule. This stage tends to be more flammable than the others (personal communication, Joan Foote).

Maximum Tree Size ClassPole 5–9"" (swd)/5–11"" (hwd)
Class D	15				Mid Development 2 - Closed

Indicator Species

Description
This stand is characterized by mature hardwood trees with more dead and downed fuels. Betula neoalaskana or Populus tremuloides typically dominate but P. balsamifera may be a common associate. Common understory species include Ledum spp., Vaccinium vitis-idaea, Betula nana, Rosa acicularis, Shepherdia canadensis, and Viburnum edule. Feathermosses such as Hylocomium splendens and Pleurozium schreberi are common in the ground layer (Boggs and Sturdy, 2005).

Maximum Tree Size ClassMed. 9–20"" (swd)/11–20"" (hwd)
Class E	67				Late Development 1 - Open

Indicator Species

Description
Late seral stands are characterized by large hardwood trees. This class captures the old, open birch-calamagrostis stands. A mixed-age stand can develop as aspen clones resprout when individual trees die. Betula neoalaskana or Populus tremuloides typically dominate but P. balsamifera may be a common associate. Spruce may be present in the canopy, and in the absence of fire, could potentially occupy the site. Common understory species include Alnus spp., Ledum spp., Vaccinium vitis-idaea, Betula nana, Rosa acicularis, Shepherdia canadensis, and Viburnum edule. Feathermosses such as Hylocomium splendens and Pleurozium schreberi are common in the ground layer (Boggs and Sturdy 2005).

Maximum Tree Size ClassMed. 9–20"" (swd)/11–20"" (hwd)
Model Parameters
Deterministic Transitions
Probabilistic Transitions","Boggs, K. and Sturdy, M. 2005. Plant associations and post-fire vegetation succession in Yukon-Charley Rivers National Preserve. Alaska Natural Heritage Program, Environment and Natural Resources Institute, University of Alaska Anchorage. Prepared For: National Park Service, Landcover Mapping Program, National Park Service-Alaska Support Office, Anchorage, Alaska 99501.

Chapin, F. S., Oswood, M. W., Van Cleve, K., Viereck, L. A., Verblya, D. L. (eds.) 2006. Alaska’s Changing Boreal Forest. Oxford University Press, NY. 354 p. 

Comer, P., D. Faber-Langendoen, R. Evans, S. Gawler, C. Josse, G. Kittel, S. Menard, C. Nordman, M. Pyne, M. Reid, M. Russo, K. Schulz, K. Snow, J. Teague, and R. White. 2003-present. Ecological systems of the United States: A working classification of U.S. terrestrial systems. NatureServe, Arlington, VA.

Fastie, Christopher L.; Lloyd, Andrea H.; Doak, Patricia. 2002. Fire history and postfire forest development in an upland watershed of interior Alaska. Journal of Geophysical Research. 107 (D1): 8150.DOI:10.1029/2001JD000570. 

Fryer, Janet L. 2014. Fire regimes of Alaskan quaking aspen and balsam poplar communities. In: Fire Effects Information System, [Online]. U.S. Department of Agriculture, Forest Service, Rocky Mountain Research Station, Missoula Fire Sciences Laboratory (Producer). Available: http://www.fs.fed.us/database/feis/fire_regimes/AK_aspen_balsam_poplar/all.html

Jorgenson, M. T., J. E. Roth, M. Raynolds, M. D. Smith, W. Lentz, A. Zusi-Cobb, and C. H. Racine. 1999. An ecological land survey for Fort Wainwright, Alaska. U.S. Army Cold Regions Research and Engineering Laboratory, Hanover, NH. U.S. Army Cold Regions Research Engineering Laboratory, Hanover, NH CRREL Report 99-9. 83 pp.

Mann, Daniel H.; Plug, Lawrence J. 1999. Vegetation and soil development at an upland taiga site, Alaska. Ecoscience. 6(2): 272-285.

NatureServe. 2008. International Ecological Classification Standard: Terrestrial Ecological Classifications. Draft Ecological Systems Description for Alaska Boreal and Sub-boreal Regions.

Viereck, L.A. and L.A. Schandelmeier. 1980. Effects of fire in Alaska and adjacent Canada: a literature review. USDI BLM. GLM-Alaska Technical Report 6. Alaska State Office. Anchorage, AK.

Viereck, L.A., Dyrness, C.T., Batten, A.R., Wenzlick, K.J. 1992. The Alaska vegetation classification. Pacific Northwest Research Station, USDA Forest Service, Portland, OR. Gen. Tech. Rep. PNW-GTR286. 278 p.",16050_67_68_69_70_71_72_73_74_75_76_77_78_80.docx,,,,,
Forest and Woodland,"70, 71, 73, 74, 75, 76, 77, 78","This Biophysical Setting (BpS) is split into multiple models:
Western North American Boreal Dry Aspen-Steppe Bluff was split into a lower elevation and a higher elevation model. The lower elevation model occurs below treeline and trees are present. The higher elevation model generally occurs above treeline although sparse aspen (<10% cover) may be present.",This BpS is found in AK from the southern slopes of the Brooks Range to southcentral AK and west to the limit of tree growth.,"This BpS occurs commonly on moderately steep to very steep, dry, south-facing slopes and on wind-swept bluffs above major rivers. Soils are typically well-drained to excessively well-drained and develop on glacial, loess, or fluvial deposits or residual material. Soils are often unstable and rocky outcrops are common.","This BpS supports a diverse assemblage of species. Populus tremuloides is the dominant tree species. Picea glauca may be present, especially as time since fire increases. Understory species may include Rosa acicularis, Juniperus communis, Artemisia alaskana, Artemisia frigida, Shepherdia canadensis, Calamagrostis purpurascens, Pulsatilla patens ssp. multifida (P. nuttalliana), Pseudoroegneria spicata, Elymus trachycaulus, Galium boreale, and many different kinds of mustards such as Boechera spp. Some species such as Rosa acicularis and Juniperus communis are uncommon in the western reaches of the forest land where it abuts the maritime climate around Norton Sound.
BpS Dominant and Indicator Species
Species names are from the NRCS PLANTS database. Check species codes at http://plants.usda.gov.","Fire and insects are the dominant disturbance factors influencing this vegetation type.

This BpS is located on dry sites that can easily burn given an ignition source, but fire spread is limited by fuel availability. Because this BpS often occurs on steep slopes, fire can remove vegetation and lead to post-fire erosion. White Spruce (Picea glauca), which can be present in later seral stages, tends to take longer to regenerate after fire than aspen which quickly resprouts. As a result, fire tends to favor aspen, but spruce will eventually come back in (Viereck et al. 1992). 
Large aspen tortrix (Choristoneura conflictana) is an aspen defoliator which can have a severe effect on mature and overmature aspen stands. Although aspen tortrix would have been present under the reference condition, its presence and affect have increased in fire suppressed areas today. Other disturbance agents include aspen leaf miners (Phyllocinistis populiella) and ground rot.
Fire Frequency
Fire interval is expressed in years for each fire severity class and for all types of fire combined (All Fires). Average FI is the central tendency modeled. Percent of all fires is the percent of all fires modeled in that severity class. Minimum and Maximum FIs show the relative range of fire intervals as estimated by model contributors, if known.",Large patch,,Need more information on the fire return intervals for this type.,,"4/2022 – The fire frequency of this system was adjusted based on feedback from experts who attended the Boreal Forest BpS Review Work Session in February 2022. At that session, participants ranked the boreal forest BpS by relative fire frequency. Based on that ranking it was estimated that this BpS would have a mean fire return interval of approximately 200 years, but some participants thought that fire could be more frequent than this.

This model was based on input from the experts who attended the LANDFIRE Fairbanks (Nov. 07) and Anchorage modeling meetings (Dec. 08) and refined by Mitch Michaud and Michelle Schuman.

Succession Classes

Mapping Rules
Succession class letters A-E are described in the Succession Class Description section. Some classes use a leafform distinction where a qualifier is added to the class letter: Brdl (broadleaf), Con (conifer), or Mix (mixed conifer and broadleaf). UN refers to uncharacteristic native or a combination of height and cover that would not be expected under the reference condition. NP refers to not possible or a combination of height and cover which is not physiologically possible for the species in the BpS.


Description
Class A	2				Early Development 1 - All Structures

Indicator Species

Description
This stage is characterized by dry herbaceous and low shrub vegetation coming in after a major disturbance. Common shrub species include Vaccinium vitis-idaea, Rosa acicularis, Shepherdia canadensis and Chamerion angustifolium (Boggs and Sturdy, 2005). Very dry sites on bluffs typically have steppe vegetation including Juniperus communis, Arctostaphylos uva-ursi, Artemisia frigida, A. alaskana, Calamagrostis purpurascens, Pseudoroegneria spicata (= Agropyron spicatum), Festuca altaica and Poa spp. (Viereck et al. 1992, Chapin et al. 2006 p.89). In the Nulato Hills area common species include rusty woodsia (Woodsia ilvensis) fireweed (Chamerion angustifolium), dwarf fireweed (Epilobium latifolia), and various Poa and Festuca spp. Bare ground due to post fire erosion is possible.

This stage was modeled with a duration of two years. This represents a typical post-fire scenario where aspen quickly resprout and overtop the shrubs in 1-2yrs. It is possible that this stage may last much longer. For example, some sites severely affected by the tortrix moth (Choristoneura conflictana) can become heavily dominated by Calamagrostis canadensis which can impede aspen regeneration, possibly for up to 10yrs, and increase the ability of the site to carry fire. 

Maximum Tree Size ClassSeedling/Sapling <5""
Class B	10				Mid Development 1 - All Structures

Indicator Species

Description
This stage is characterized by suckering Populus tremuloides and low shrubs. Populus tremuloides tends to overtop the shrub and herbaceous vegetation. The shrubs and herbaceous species listed in Class A are still present.

For mapping purposes this class was defined as a state where trees are less than three meters tall. The age range at which Populus tremuloids exceeds three meters in height varies based on site conditions and can often happen in less than 10yrs. Heavy ungulate browsing will delay growth.

Maximum Tree Size ClassSeedling/Sapling <5""
Class C	70				Late Development 1 - Open

Indicator Species

Description
This stage is characterized by mature and eventually over-mature Populus tremuloides. Populus tremuloides dominates the site but Picea glauca may be present in the mid or understory. The shrubs and herbaceous species listed in Class A may still be present.

Experts who provided input at the LANDFIRE Fairbanks (Nov. 07) and Anchorage modeling meetings (Dec. 08) described a mature and an over-mature aspen sere. Both concepts are incorporated into this stage because it was felt that LANDFIRE mapping teams would not be able to distinguish them as separate units.

This class can persist in the absence of disturbance or follow an alternate succession pathway which represents sites where Picea glauca is present in the overstory. 

Maximum Tree Size ClassPole 5–9"" (swd)/5–11"" (hwd)
Class D	18				Late Development 2 - All Structures

Indicator Species

Description
This stage is characterized by mature Populus tremuloides mixed with Picea glauca. Populus tremuloides typically decline between 60 and 100yrs of age allowing spruce to become more dominant on some sites (Viereck et al. 1992). Aspen are generally even aged initiating from a disturbance event while spruce tend to be uneven aged and come into the stand gradually over time (Viereck et al.1992). Canopy cover can range from woodland to closed but stands tend to open up overtime. The shrubs and herbaceous species listed in Class A may still be present.

Maximum Tree Size ClassMed. 9–20"" (swd)/11–20"" (hwd)
Model Parameters
Deterministic Transitions
Probabilistic Transitions","Boggs, K. and Sturdy, M. 2005. Plant associations and post-fire vegetation succession in Yukon-Charley Rivers National Preserve. Alaska Natural Heritage Program, Environment and Natural Resources Institute, University of Alaska Anchorage. Prepared For: National Park Service, Landcover Mapping Program, National Park Service-Alaska Support Office, Anchorage, AK 99501.

Comer, P., D. Faber-Langendoen, R. Evans, S. Gawler, C. Josse, G. Kittel, S. Menard, C. Nordman, M. Pyne, M. Reid, M. Russo, K. Schulz, K. Snow, J. Teague, and R. White. 2003-present. Ecological systems of the United States: A working classification of U.S. terrestrial systems. NatureServe, Arlington, VA.

Chapin, F.S., Oswood, M.W., Van Cleve, K., Viereck, L.A. and Verblya, D. L. (eds.) 2006. Alaska’s Changing Boreal Forest. Oxford University Press, NY. 354 pp.

NatureServe. 2008. International Ecological Classification Standard: Terrestrial Ecological Classifications. Draft Ecological Systems Description for Alaska Boreal and Sub-boreal Regions. 

Viereck et al. 1992. The Alaska vegetation classification. Pacific Northwest Research Station, USDA Forest Service, Portland, OR. Gen. Tech. Rep. PNW-GTR286. 278 pp.",16061_70_71_73_74_75_76_77_78.docx,,,,,
Forest and Woodland,74,"This Biophysical Setting (BpS) is split into multiple models:
Western North American Boreal Dry Aspen-Steppe Bluff was split into a lower elevation and a higher elevation model. The lower elevation model occurs below treeline and trees are present. The higher elevation model generally occurs above treeline although sparse aspen (<10% cover) may be present.",This BpS occurs at high elevations throughout the boreal and sub-boreal regions of AK.,"This low open shrub system occurs in the alpine or subalpine on steep, south-facing, wind-swept bluffs and ridges. It may be associated with river systems above treeline. The substrate is steep, unstable, dry mineral soil. Rocky outcrops are common.","The vegetation cover in this system is typically open and discontinuous with much exposed mineral soil. Artemisia species are the primary characteristic dominants, but this system supports a unique assemblage of species including Artemisia frigida, Artemisia alaskana, Juniperus communis, Arctostaphylos uva-ursi, Pseudoroegneria spicata (= Agropyron spicatum), Bromus pumpellianus, Calamagrostis purpurascens, Festuca altaica, and Poa spp. (Chapin et al. 2006). Populus tremuloides may be present, but canopy cover is less than 10% (NatureServe 2008).
BpS Dominant and Indicator Species
Species names are from the NRCS PLANTS database. Check species codes at http://plants.usda.gov.","The fire regime for this BpS is expected to be similar to that of the adjacent Western North American Boreal Dry Aspen-Steppe Bluff - Lower Elevations. However, this system has less fuel, which would tend to produce fewer and patchier fires. 

Because this BpS is often found on unstable slopes with dry mineral soils, shifting slopes are an ongoing disturbance. Grazing is probably an important factor in shaping this system, as this is important Dall sheep habitat. Neither grazing nor erosion were included as disturbances in the model because these are long-term, ongoing phenomena.
Fire Frequency
Fire interval is expressed in years for each fire severity class and for all types of fire combined (All Fires). Average FI is the central tendency modeled. Percent of all fires is the percent of all fires modeled in that severity class. Minimum and Maximum FIs show the relative range of fire intervals as estimated by model contributors, if known.",Linear; small patch,"This system is similar to Western North American Boreal Dry Aspen-Steppe Bluff - Lower Elevations but lacks aspen and rose as dominant species. This system occurs above treeline and may be adjacent to Western North American Boreal Dry Aspen-Steppe Bluff - Lower Elevations, which includes a mosaic of aspen and steppe vegetation.",,,"4/2022 – The fire frequency of this BpS was adjusted based on feedback from experts who attended the Boreal Forest BpS Review Work Session in February 2022. At that session, participants ranked the boreal forest BpS by relative fire frequency. Based on that ranking it was estimated that this BpS would have a mean fire return interval of approximately 250 years.

During LANDFIRE National this model was created for the boreal region of AK and did not receive review for other parts of the state.

Suggested reviewers for this system include: Carl Roland and Dalia Vargis-Kretzinger for information on grazing.
Succession Classes
Mapping Rules
Succession class letters A-E are described in the Succession Class Description section. Some classes use a leafform distinction where a qualifier is added to the class letter: Brdl (broadleaf), Con (conifer), or Mix (mixed conifer and broadleaf). UN refers to uncharacteristic native or a combination of height and cover that would not be expected under the reference condition. NP refers to not possible or a combination of height and cover which is not physiologically possible for the species in the BpS.


Description
Class A	2				Early Development 1 - Open

Indicator Species

Description
Post-disturbance dry herbaceous or sparse shrubs. Grasses typically dominate the site. Shrubs may sprout from rootstock. Herbaceous cover tends to be open or sparse. In some cases, grasses may be absent, and the ground will be bare until shrubs resprout. Pseudoroegneria spicata (= Agropyron spicatum), Bromus pumpellianus, Calamagrostis purpurascens and Festuca spp. are typical species. Artemisia frigida and Artemisia alaskana are typically regenerating in the understory.

Maximum Tree Size ClassNone
Class B	98				Late Development 1 - Open

Indicator Species

Description
Dry, low, open shrubs or mature shrubs. Shrubs become dominant, but an herbaceous layer usually persists. Shrub cover is 25-75%. Artemisia frigida and Artemisia alaskana dominate. Common grasses include Pseudoroegneria spicata (= Agropyron spicatum), Bromus pumpellianus and Calamagrostis purpurascens. Populus tremuloides may be present, but canopy cover is less than 10%.

Maximum Tree Size ClassPole 5-9"" DBH
Model Parameters
Deterministic Transitions
Probabilistic Transitions","Batten, A.R., Murray, D.F., Dawe, J.C. 1979. Threatened and Endangered Plants in selected areas of the BLM Fortymile Planning Unit. File Report for Contract No. YA-512-CT8-162. USDI BLM AK State Office 701 C street, Anchorage, AK 99513. 127 p.

Boggs, K. and Sturdy, M. 2005.  Plant associations and post-fire vegetation succession in Yukon-Charley Rivers National Preserve.  Alaska Natural Heritage Program, Environment and Natural Resources Institute, University of Alaska Anchorage. Prepared For: National Park Service, Landcover Mapping Program, National Park Service-Alaska Support Office, Anchorage, Alaska 99501.

Chapin, F. S., Oswood, M. W., Van Cleve, K., Viereck, L. A., Verblya, D. L. (eds.) 2006. Alaska’s Changing Boreal Forest. Oxford University Press, NY. 354 p.

Comer, P., D. Faber-Langendoen, R. Evans, S. Gawler, C. Josse, G. Kittel, S. Menard, C. Nordman, M. Pyne, M. Reid, M. Russo, K. Schulz, K. Snow, J. Teague, and R. White. 2003-present. Ecological systems of the United States: A working classification of U.S. terrestrial systems. NatureServe, Arlington, VA.

Hanson, H. C. 1951. Characteristics of some grassland, marsh, and other plant communities in western Alaska. Ecol. Monogr. 21 (4):317-378.

NatureServe. 2008. International Ecological Classification Standard: Terrestrial Ecological Classifications. Draft Ecological Systems Description for Alaska Boreal and Sub-boreal Regions.

Viereck et al. 1992.  The Alaska vegetation classification. Pacific Northwest Research Station, USDA Forest Service, Portland, OR. Gen. Tech. Rep. PNW-GTR286. 278 p.",16062_74.docx,,,,,
Shrubland,"68, 69, 70, 71, 72, 73, 74, 75, 76, 77, 78",,"This Biophysical Setting (BpS) is widespread on upper mountain slopes from mid-elevation to above treeline throughout the boreal transition region, and less frequently in the boreal region of AK (Viereck 1979). A riparian shrub variant of this system is found throughout the boreal and sub-boreal regions of AK in subalpine through alpine valleys.","This BpS is widespread on upper mountain slopes above treeline throughout south-central and southwestern AK (Viereck 1979), on well-drained mesic sites in the subalpine zone, and in constrained riparian corridors on slopes in the alpine and subalpine. Seasonal overbank flooding may occur in the riparian areas, but generally it does not result in shifting channels or gravel bar formation. Soils are shallow, stony, and well-drained, underlain by colluvium, glacial till, and residuum.","This system often appears as a band of alder above treeline and below the alpine systems. Alnus viridis ssp. sinuata is the dominant shrub species, but other shrubs including Salix spp. (sometimes the dominant shrub), Sambucus racemosa and Spiraea stevenii may be common. Herbaceous patches often occur within the shrub zone and may be dominated by Calamagrostis canadensis and Chamerion angustifolium; other common herbs include Athyrium filix-femina, Dryopteris expansa, Veratrum viride, Valeriana sitchensis, Lupinus nootkatensis and Sanguisorba canadensis (Viereck et al. 1992). In boreal Alaska, low-shrub tundra is more common in the gaps between alder patches.
BpS Dominant and Indicator Species
Species names are from the NRCS PLANTS database. Check species codes at http://plants.usda.gov.","This BpS represents a topoedaphic climax (Viereck et al. 1992). It occurs above treeline and is not controlled by avalanche activity, although avalanches may occur. 

There is little published information about the fire regimes of this BpS (Innes 2015). Attendees of the LANDFIRE National Modeling Meeting (2007, Anchorage) speculated that the fire return interval was likely long, possibly 500-1,000 years. Alders and willows are generally top-killed by fire, but will root sprout following fire (Viereck and Schandelmeier 1980). Early season fire prior to green-up would be more likely to carry than late season fire. 

Alder is affected by insects and diseases. Flooding and herbivory may be important disturbances, especially for the Alpine Riparian system. It is believed that shrubs would resprout immediately following flooding and herbivory disturbances.
Fire Frequency 
Fire interval is expressed in years for each fire severity class and for all types of fire combined (All Fires). Average FI is the central tendency modeled. Percent of all fires is the percent of all fires modeled in that severity class. Minimum and Maximum FIs show the relative range of fire intervals as estimated by model contributors, if known.",Small to large patch,"This system is similar in species composition to Alaska Sub-boreal Mesic Subalpine Alder Shrubland - Avalanche Slopes, but it occurs in the subalpine zone and tree growth is limited by elevation, not avalanche frequency. Pacific Maritime Tall Shrubland occupies a similar landscape position along the Gulf Coast of AK, but this system may be dominated by Rubus spectabilis, which does not occur in boreal regions. In the boreal transition region, the alder zone is intermixed with mesic herbaceous meadows (Calamagrosits canadensis and Chamerion angustifolium).

This system includes riparian shrub types in the alpine and subalpine zones.","In 2015 an extensive search was done by Fire Effects Information System staff to locate information for a synthesis on Fire regimes of Alaskan alder and willow shrublands (Innes 2015). At that time, the scientific literature about fire regimes in Alaskan alder and willow shrublands was scarce. Descriptions of fire ignition, season, pattern, and size specific to alder and willow shrublands were not found in the literature. In the absence of data on the fire frequency for this BpS, the mean fire return interval (MFRI) was estimated to be slightly lower than that in the FRCC Guidebook Persistent Shrub North model.",This system may have been expanding further into the alpine in recent decades.,"11/2024: K. Blankenship changed the model to ensure at least 1% in class A. This changed the all FRI from 833 years to 625 years. 

4/2022: A 2022 reviewer noted that: NRCS has proposed unique ecosites for the alder/willow, alder/spirea, and alder/elderberry communities. The alder/spirea and alder/willow are noted in Southwestern and Western Alaska. The alder/elderberry community is predominantly on Kodiak and the Alaska Peninsula. All three communities develop on similar soils and undergo similar disturbance, so it makes sense to group them together at the larger BpS scale.

10/2021: This description was updated by NatureServe staff and Kori Blankenship based on the updated Ecological Systems classification for Alaska. Edits focused on adjusting the Geographic Range, Biophysical Site Descriptions, and Vegetation Description sections.

For LANDFIRE National this model was based on the FRCC Guidebook PNVG model for Persistent Shrub North (Murphy and Witten 2006). The MFRI was increased based on input from the experts who attended the LANDFIRE Anchorage (Dec. 07) modeling meeting. Tina Boucher reviewed an initial draft of this model and recommended eliminating mixed fire and decreasing the MFRI for Replacement Fire slightly so that the AllFire MFRI is slightly lower than that for Persistent Shrub North (these suggestions are reflected in the current draft of the model).

Succession Classes
Mapping Rules
Succession class letters A-E are described in the Succession Class Description section. Some classes use a leafform distinction where a qualifier is added to the class letter: Brdl (broadleaf), Con (conifer), or Mix (mixed conifer and broadleaf). UN refers to uncharacteristic native or a combination of height and cover that would not be expected under the reference condition. NP refers to not possible or a combination of height and cover which is not physiologically possible for the species in the BpS.


Description
Class A	1				Early Development 1 - All Structures

Indicator Species

Description
Grasses, sedges and/or forbs dominate the site. Shrubs sprout from rootstock. Herbaceous patches often occur within the shrub zone and may be dominated by Calamagrostis canadensis and Chamerion angustifolium. Other common herbs include Athyrium filix-femina, Dryopteris expansa, Veratrum viride, Valeriana sitchensis, Lupinus nootkatensis, and Sanguisorba canadensis (Viereck et al. 1992).

Maximum Tree Size ClassNone
Class B	99				Mid Development 1 - Closed

Indicator Species

Description
Shrubs overtop herbaceous layer and become dominant. A low shrub and/or herbaceous layer usually persists. Shrub cover is 25-75%. Alnus viridis ssp. sinuata is the dominant shrub species, but other shrubs including Salix spp. (sometimes the dominant shrub), Sambucus racemosa and Spiraea stevenii may be common.

Maximum Tree Size ClassNone
Model Parameters
Deterministic Transitions
Probabilistic Transitions","Comer, P., D. Faber-Langendoen, R. Evans, S. Gawler, C. Josse, G. Kittel, S. Menard, C. Nordman, M. Pyne, M. Reid, M. Russo, K. Schulz, K. Snow, J. Teague, and R. White. 2003-present. Ecological systems of the United States: A working classification of U.S. terrestrial systems. NatureServe, Arlington, VA.

DeVelice, R.L., Hubbard, C.J., Boggs, K., Boudreau, S., Potkin, M., Boucher, T. and Wertheim, C. 1999. Plant community types of the Chugach National Forest. Tech. Publ. R10-TP-76. Juneau, AK: USDA Forest Service, Alaska Region. 375 pp.

Innes, Robin J. 2015. Fire regimes of Alaskan alder and willow shrublands. In: Fire Effects Information System, [Online]. U.S. Department of Agriculture, Forest Service, Rocky Mountain Research Station, Missoula Fire Sciences Laboratory (Producer). Available: http://www.fs.fed.us/database/feis/fire_regimes/AK_alder_shrub/all.html [ 2016, August 3].

Jorgenson, M.T. et al. 2003. An ecological land survey for Fort Richardson, Alaska. Cold Regions Research and Engineering Laboratory, Hanover, New Hampshire, ERDC/CRREL TR-03019.

Murphy, K.A. and E. Witten. 2006. Persistent Shrub North. In Fire Regime Condition Class (FRCC) Interagency Guidebook Reference Conditions. Available at www.frcc.gov.

Talbot, S.S, Talbot, S.L. and Daniels, F.J.A. 2005. Comparative phytosociological investigation of subalpine alder thickets in southwestern Alaska and the North Pacific. Phytocoenologia. 35(4): 727-759.

Viereck, L.A. 1979. Characteristics of treeline plant communities in Alaska. Holarctic Ecology. 2: 228-238.

Viereck, L.A., Dyrness, C.T. Batten, A.R. and Wenzlick, K.J. 1992. The Alaska vegetation classification. Pacific Northwest Research Station, USDA Forest Service, Portland, OR. Gen. Tech. Rep. PNW-GTR286. 278 pp.

Viereck, Leslie A.; Schandelmeier, Linda A. 1980. Effects of fire in Alaska and adjacent Canada: a literature review. BLM-Alaska Tech. Rep. 6, BLM/AK/TR-80/06. Anchorage, AK: U.S. Department of the Interior, Bureau of Land Management, Alaska State Office. 124 p",16090_68_69_70_71_72_73_74_75_76_77_78.docx,,,,,
Shrubland,"68, 69, 70, 71, 72, 73, 74, 75, 76
Model Splits or Lumps  
This Biophysical Setting (BpS) is split from Alaska Sub-boreal Mesic Subalpine Alder Shrubland (1609) to represent the dynamics of avalanche slopes.",,This system is found on steep and upper mountain slopes in the Sub-boreal region and less frequently in the boreal region of AK.,"Avalanche slopes occur where mountain slopes are steep enough to produce frequent snow slides preventing forest development. Upper avalanche slopes typically have a slope angle of at least 70% but the lower slopes and run-out zones may be much less steep. It occurs less commonly throughout the northern boreal region to the southern slopes of the Brooks Range. Soils are shallow, stony, and well-drained, underlain by colluvium, glacial till, and residuum.","The dominant shrub species is typically Alnus viridis ssp. sinuate, but other shrubs including Sambucus racemosa, Salix spp. and Spirea stevenii may be common. Herbaceous patches are often dominated by Calamagrostis canadensis and Chamerion angustifolium; other common herbs include Athyrium filix-femina, Dryopteris expansa and Veratrum viride (Viereck et al. 1992). Tree seedlings and saplings may be common on some slopes but do not emerge as an overstory due to frequent snow avalanches. In boreal Alaska, low-shrub tundra is more common in the gaps between alder patches.
BpS Dominant and Indicator Species
Species names are from the NRCS PLANTS database. Check species codes at http://plants.usda.gov.","Avalanche slopes can extend from the alpine into the montane and lower toe slopes; this model, however, applies only to avalanche slopes occurring below treeline. Snow avalanche is the dominant disturbance, but rocks, soil, and debris can also be transported in the slide. This system represents a topoedaphic climax (Viereck et al. 1992). Alnus viridis ssp. sinuata has a growth form that tolerates avalanche disturbance and can maintain dominance on the site. Frequent snow slides generally prevent tree seedlings and saplings from reaching the upper canopy. On sites with a less frequent avalanche cycle, trees may temporarily dominate the overstory. This system may be extending further into the alpine in recent decades.

Fire is minimal and is expressed only around the edges of this type as fires are introduced from neighboring types. Avalanche slopes may act as a firebreak except during severe weather (Innes 2015). Sitka alder is generally top-killed by fire but can resprout from the root crown and seeds can germinate in soil exposed by fire (Uchytil 1989). 
Fire Frequency 
Fire interval is expressed in years for each fire severity class and for all types of fire combined (All Fires). Average FI is the central tendency modeled. Percent of all fires is the percent of all fires modeled in that severity class. Minimum and Maximum FIs show the relative range of fire intervals as estimated by model contributors, if known.",Small to large patch,"This system is similar in species composition to Alaska Sub-Boreal Mesic Subalpine Alder Shrubland, but it occurs below the subalpine zone and tree growth is limited by avalanche frequency rather than elevation as in the subalpine system. Adjacent forest systems may include Alaska Sub-boreal Mountain Hemlock-White Spruce Forest, Alaska Sub-boreal Mountain Hemlock Forest or Alaska Sub-boreal White Spruce-Hardwood Forest.

Though avalanche slopes can occur from alpine to lower slopes, this model excludes the avalanche slopes above treeline—these would be included in other systems according to vegetation type: Alaska Sub-Boreal Mesic Subalpine Alder Shrubland, Western North American Boreal Alpine Dwarf-Shrubland, Alaska Sub-boreal and Maritime Alpine Mesic Herbaceous Meadow, etc.","In 2015 an extensive search was done by Fire Effects Information System staff to locate information for a synthesis on fire regimes of Alaskan alder and willow shrublands (Innes 2015). At that time, the scientific literature about fire regimes in Alaskan alder and willow shrublands was scarce. Descriptions of fire ignition, season, pattern, and size specific to alder and willow shrublands were not found in the literature. The fire return interval (FRI) was estimated to be the same as the Alaska Sub-Boreal Mesic Subalpine Alder Shrubland BpS.",,"10/2021 
- This description was updated by NatureServe staff and Kori Blankenship based on the updated Ecological Systems classification for Alaska. Edits focused on adjusting the Geographic Range, Biophysical Site Descriptions, and Vegetation Description sections.

In 2021 Kori Blankenship eliminated the use of mixed fire in the state-and-transition simulation model fire because Sitka alder, the dominant species, is top killed by fire (Uchytil 1989). Blankenship increased the frequency of replacement fire to maintain the overall All Fire mean fire return interval (MFRI).

During LANDIFRE National this model did not receive review specifically for z76. This model was developed by Kori Blankenship using the class age ranges from the Persistent Shrub North PNVG model (Murphy and Witten 2006) and a similar FRI to the Alaska Sub-Boreal Mesic Subalpine Alder Shrubland BpS.
Succession Classes
Mapping Rules
Succession class letters A-E are described in the Succession Class Description section. Some classes use a leafform distinction where a qualifier is added to the class letter: Brdl (broadleaf), Con (conifer), or Mix (mixed conifer and broadleaf). UN refers to uncharacteristic native or a combination of height and cover that would not be expected under the reference condition. NP refers to not possible or a combination of height and cover which is not physiologically possible for the species in the BpS.


Description
Class A	69				Early Development 1 - All Structures

Indicator Species

Description
Forbs, shrubs, and deciduous trees resprout immediately following disturbance, but herbaceous vegetation dominates in early succession. Herbaceous patches are often dominated by Calamagrostis canadensis and Chamerion angustifolium; other common herbs include Athyrium filix-femina, Dryopteris expansa, and Veratrum viride (Viereck et al. 1992).

Maximum Tree Size ClassSeedling/Sapling <5""
Class B	31				Late Development 1 - All Structures

Indicator Species

Description
Shrubs can become established at the edges or the bottom of the chutes. The dominant shrub species is typically Alnus viridis ssp. sinuata, but other shrubs including Sambucus racemosa, Salix spp., and Spiraea stevenii may be common. Tree seedlings and saplings may be common on some slopes but typically do not emerge as an overstory due to frequent snow avalanche. On sites where avalanche activity is less frequent trees can occasionally emerge temporarily in the overstory.

Maximum Tree Size ClassPole 5–9"" (swd)/5–11"" (hwd)
Model Parameters
Deterministic Transitions
Probabilistic Transitions

Optional Disturbances
Optional 1: Avalanche","Comer, P., D. Faber-Langendoen, R. Evans, S. Gawler, C. Josse, G. Kittel, S. Menard, C. Nordman, M. Pyne, M. Reid, M. Russo, K. Schulz, K. Snow, J. Teague, and R. White. 2003-present. Ecological systems of the United States: A working classification of U.S. terrestrial systems. NatureServe, Arlington, VA.

Innes, Robin J. 2015. Fire regimes of Alaskan alder and willow shrublands. In: Fire Effects Information System, [Online]. U.S. Department of Agriculture, Forest Service, Rocky Mountain Research Station, Missoula Fire Sciences Laboratory (Producer). Available: http://www.fs.fed.us/database/feis/fire_regimes/AK_alder_shrub/all.html [ 2016, August 3].

Murphy, K.A. and E. Witten. 2006. Persistent Shrub North. In Fire Regime Condition Class (FRCC) Interagency Guidebook Reference Conditions. Available at www.frcc.gov.

Uchytil, Ronald J. 1989. Alnus viridis subsp. sinuata. In: Fire Effects Information System, [Online]. U.S. Department of Agriculture, Forest Service, Rocky Mountain Research Station, 
Fire Sciences Laboratory (Producer). Available: 
https://www.fs.fed.us/database/feis/plants/shrub/alnvirs/all.html [2021, May 5].

Viereck et al. 1992. The Alaska vegetation classification. Pacific Northwest Research Station, USDA Forest Service, Portland, OR. Gen. Tech. Rep. PNW-GTR286. 278 p.",16091_68_69_70_71_72_73_74_75_76.docx,,,,,
Shrubland,"68, 69, 70, 71, 72, 73, 74, 75, 76, 77","This Biophysical Setting (BpS) is split into multiple models:
Boreal Mesic Scrub Birch-Willow Shrubland was split into Boreal and Sub-boreal variants for BpS modeling so that a longer fire return interval could be applied to the Sub-boreal variant. For mapping BpS 16101 should apply in level 2 ecoregions (Nowaki et al. 2001): Intermontane Boreal, Aleutian Meadows, Arctic Tundra, Bering Taiga, Bering Tundra.",This system is found in the boreal region from low elevations to the subalpine zone.,"This system occurs on well-drained sites often in the subalpine. It is found on mesic sites on mid to upper slopes, above tree line, and on terraces and side slopes. Soils are mineral with a well-decomposed organic layer of 5-30 cm thick (Viereck et al. 1992; NatureServe 2008).","Betula nana usually dominates the shrub layer, but Vaccinium uliginosum, Ledum decumbens (Ledum palustre L. ssp. Decumbens), Salix pulchra, S. barclayi, S. glauca, or other Salix spp. may also be common or occasionally dominant (Viereck 1979; Viereck et al. 1992; NatureServe 2008). Dwarf shrubs such as Empetrum nigrum and Vaccinium vitis-idaea may be common under the low shrub layer. Herbaceous species are sparse, but may include Festuca altaica, Hierochloe alpina, Calamagrostis canadensis and Chamerion angustifolium. Feathermoss (Hylocomium splendens and Pleurozium schreberi) and lichens are common, but peat-forming mosses and sedges are not common (Viereck et al. 1992, NatureServe 2008).
BpS Dominant and Indicator Species
Species names are from the NRCS PLANTS database. Check species codes at http://plants.usda.gov.","This system represents a topoedaphic climax in some areas, in other cases it may be seral to shrub-tussock over long time periods (Viereck et al. 1992). 

There is little information available about the fire history of shrub communities in AK. Birch and ericaceous shrub tundra tends to produce more severe burns than sedge-shrub tussock tundra (Racine 1979). After fire, shrubs resprout readily from underground propagules if they have not been burned, and a shrub community re-establishes on the site within five years. After severe fires that remove the organic layer and burn the propagules, herbaceous species that establish by seed may dominate the site for more than five years. Burned-over spruce woodlands near treeline may be converted to low shrub after fire (Pegau 1972) and may slowly regenerate a spruce overstory. The fire return interval is longer in the Sub-boreal region than in boreal AK. Adjacent vegetation influences the fire frequency. If the adjacent vegetation is flammable, then the low shrub type will have a more frequent fire return. Fire return intervals are long, likely greater than 100 yrs. Trees may also invade these shrublands but over long time frames (NatureServe 2008).
Fire Frequency 
Fire interval is expressed in years for each fire severity class and for all types of fire combined (All Fires). Average FI is the central tendency modeled. Percent of all fires is the percent of all fires modeled in that severity class. Minimum and Maximum FIs show the relative range of fire intervals as estimated by model contributors, if known.",Large patch,"At treeline, this system occurs above the Western North American Boreal Treeline White Spruce Woodland - Boreal (NatureServe 2008). 

Sites dominated by non-riparian or non-wetland Salix spp. are included in this type (NatureServe 2008). Low shrub types on peat deposits are included in the wetland types (NatureServe 2008).","The probability for fire in the state-and-transition model is a best guess, not based on literature.",,"More information on this type can be found in the Fire Effects Information System (FEIS) Synthesis: Fire regimes of Alaskan alder and willow shrublands (Innes 2015). In 2015, an extensive search was done by FEIS staff to locate information for a synthesis on fire regimes of Alaskan alder and willow shrublands. At that time, the scientific literature about fire regimes in Alaskan alder and willow shrublands was scarce. Anecdotal and qualitative descriptions are used in the synthesis to supplement the limited quantitative literature. Descriptions of fire ignition, season, pattern, and size specific to alder and willow shrublands were not found in the literature. 

This model was based on input from the experts who attended the LANDFIRE Fairbanks (Nov. 07) modeling meeting and refined by Jennifer Allen. This model did not receive review specifically for z76 during LANDFIRE National.
Succession Classes
Mapping Rules
Succession class letters A-E are described in the Succession Class Description section. Some classes use a leafform distinction where a qualifier is added to the class letter: Brdl (broadleaf), Con (conifer), or Mix (mixed conifer and broadleaf). UN refers to uncharacteristic native or a combination of height and cover that would not be expected under the reference condition. NP refers to not possible or a combination of height and cover which is not physiologically possible for the species in the BpS.


Description
Class A	2				Early Development 1 - All Structures

Indicator Species

Description
After fire, herbaceous species such as Festuca altaica and Hierochloe alpina may dominate, especially at higher altitudes. Calamagrostis canadensis and Chamerion angustifolium are common. Low shrubs can resprout following fire, quickly regaining dominance of a site. This class may persist for more than 5yrs if fire severity is high enough to remove the organic layer.

Maximum Tree Size ClassNone
Class B	98				Late Development 1 - All Structures

Indicator Species
Description
This class is dominated by shrubs, often Betula nana, Vaccinium uliginosum, Ledum decumbens, Salix pulchra, S. barclayi, S. glauca, or other Salix spp. may also be common (Viereck 1979, Viereck et al. 1992). Dwarf shrubs such as Empetrum nigrum and Vaccinium vitis-idaea may be common under the low shrub layer. Some sites may include very low cover of trees, especially black spruce.

Maximum Tree Size ClassNone
Model Parameters
Deterministic Transitions
Probabilistic Transitions","Anderson, J.H. 1974. Plants, Soils, Phytocenology and Primary Production of the Eagle Summit Tundra Biome Site. US Tundra Biome Data Report 74-42. Ecosystem Analysis Studies, US International Biological Program, US Arctic Research Program. 142 p.

Batten, A.R. 1977. The vascular floristics, major vegetation units, and phytogeography of the Lake Peters area, northeastern Alaska. M.S. thesis. University of Alaska, Fairbanks, AK. 330 p.

Batten, A.R., Murray, D.F., Dawe, J.C. 1979. Threatened and Endangered Plants in selected areas of the BLM Fortymile Planning Unit.. File Report for Contract No. YA-512-CT8-162. USDI BLM AK State Office 701 C street, Anchorage, AK 99513. 127 p.

Hanson, H. C. 1951. Characteristics of some grassland, marsh, and other plant communities in western Alaska. Ecol. Monogr. 21 (4):317-378.

Hanson, H. C. 1953. Vegetation types in northwestern Alaska and comparisons with communities in other arctic regions. Ecology 34( 1): 11 1-140.

Hettinger, L. R., and A. J. Janz. 1974. Vegetation and soils of northeastern Alaska. Arct. Gas Biol. Rep. Ser. 21, 206 p. North. Eng. Serv., Co., Ltd., Edmonton, Can.

Hulten, E. 1966. Contributions to the knowledge of flora and vegetation of the southwestern Alaskan mainland. Sven. Bot. Tidskr. 60(1): 175-1 89.

Innes, Robin J. 2015. Fire regimes of Alaskan alder and willow shrublands. In: Fire Effects Information System, [Online]. U.S. Department of Agriculture, Forest Service, Rocky Mountain Research Station, Missoula Fire Sciences Laboratory (Producer). Available: http://www.fs.fed.us/database/feis/fire_regimes/AK_alder_shrub/all.html [ 2016, August 3].

Jorgenson, M. T. 1984. The response of vegetation to landscape evolution on glacial till near Toolik Lake, Alaska. Pages 134-142 in Inventorying forest and other vegetation of the high latitude and high altitude regions: Proceedings of an International Symposium, Society of American Foresters Regional Technical Conference. Fairbanks, AK. Society of American Foresters, Bethesda, MD.

Kessel, B., and G. B. Schaller. 1960. Birds of the upper Sheenjek Valley, northeastern Alaska. Biol. Pap. 4, 59 p. Univ. Alaska, Fairbanks.

NatureServe. 2008. International Ecological Classification Standard: Terrestrial Ecological Classifications. Draft Ecological Systems Description for Alaska Boreal and Sub-boreal Regions.

Pegau, R.E. 1968. Reindeer range appraisal in Alaska. M.S. thesis. University of Alaska, Fairbanks, AK. 130 p.

Pegau, R.E. 1972. Caribou investigations-analysis of range. In: Pegau, R.E. and J.E. Hemming (ed.). Caribou report. Volume 12. Progress report. Federal Aid in Wildlife Restoration, Projects W-17-2 and W-17-3, Job 3.3R. Alaska Dept. of Fish and Game, Juneau, AK: 1-216.

Racine. 1979. Climate of the Chucki-Imuruk area. Pages 32-37 in H. R. Melchior, ed., Biological Survey of the Bering Land Bridge National Monument. Alaska Cooperative Park Studies Unit, University of Alaska Fairbanks, Fairbanks, AK.

Steigers, W.D. Jr., D. Helm, J.G. MacCracken. 1983. Alaska Power Authority, Susitna Hydroelectric Project, environmental studies- subtask 7.12: 1982 plant ecology studies. Final Report. University of Alaska, Agricultural Experiment Station, Palmer, AK. 288 p. 
 
Viereck, L.A. 1962. Range survey: sheep and goat investigations. [Place of publication
unknown]: [Publisher unknown]; completion report, W-6-R-3, Alaska work plan E, Job 2-a.21 p.

Viereck, L.A. 1963. Sheep investigations: survey of range ecology. Project W-6-R-4, Work plan E. Job 2-A. Alaska Department of Fish and Game, Juneau, AK. 

Viereck, L.A. 1979. Characteristics of treeline plant communities in Alaska. Holarctic Ecology. 2: 228-238.

Viereck, L.A., and Little, E.L. 1972. Alaska Trees and Shrubs. USDA Forest Service Ag. Handbook 410. University of Alaska Press, Fairbanks, Alaska. 265 p. 

Viereck et al. 1992. The Alaska vegetation classification. Pacific Northwest Research Station, USDA Forest Service, Portland, OR. Gen. Tech. Rep. PNW-GTR286. 278 p. 

Webber, P.J., Komarkova, V., Walker, D.A. and E. Werbe. 1978. Vegetation mapping and response to disturbance along the Yukon River-Prudhoe Bay Haul Road. In: Brown, J. (principal investigator). Ecological baseline investigations along the Yukon River-Prudhoe Bay Haul Road, Alaska. Hanover, NH: Corps of Engineers, U.S. Army Cold Region Research and Engineering Laboratory: 25-87.

Young, S.B.; Racine, C.H. 1978. Ecosystems of the proposed Katmai western extension, Bristol Bay lowlands, Alaska. Final Rep. Contributions from the Center for Northern Studies 15. Wolcott, VT: Center for Northern Studies. 94 p.",16101_68_69_70_71_72_73_74_75_76_77.docx,,,,,
Shrubland,"73, 74, 75, 76, 77","This Biophysical Setting (BpS) is split into multiple models:
Western North American Boreal Mesic Scrub Birch-Willow Shrubland was split into Boreal and Sub-boreal variants for BpS modeling so that a longer fire return interval could be applied to the Sub-boreal variant. For mapping BpS 16102 should apply in level 2 ecoregions (Nowaki et al. 2001): Alaska Range Transition, Pacific Mountains Transition, Coast Mountains Transition, Coastal Rainforests.","This system is found in the Sub-boreal region from low elevations to the subalpine zone. This system is more common in the northern portion of the Sub-boreal region (e.g., northern Cook Inlet). The tall shrub system dominated by Alnus viridis spp. Sinuata replaces this BpS in the southern portion of the region.","This system occurs on well-drained sites often in the subalpine. It is found on mesic sites on mid to upper slopes, above tree line, and on terraces and sideslopes. Soils are mineral with a well-decomposed organic layer of 5-30 cm thick (Viereck et al. 1992; NatureServe 2008).","Betula nana usually dominates the shrub layer, but Vaccinium uliginosum, Ledum decumbens (Ledum palustre L. ssp. Decumbens), Salix pulchra, S. barclayi, or other Salix spp. may also be common or occasionally dominant (Viereck 1979; Viereck et al. 1992; NatureServe 2008). Dwarf shrubs such as Empetrum nigrum and Vaccinium vitis-idaea may be common under the low shrub layer. Herbaceous species are sparse but may include Festuca altaica and Hierochloe alpina. Feathermoss (Hylocomium splendens and Pleurozium schreberi) and lichens are common, but peat-forming mosses and sedges are not common (Viereck et al. 1992; NatureServe 2008).
BpS Dominant and Indicator Species
Species names are from the NRCS PLANTS database. Check species codes at http://plants.usda.gov.","The following information was taken from the draft Boreal Ecological Systems description (NatureServe 2008): 
This system represents a topoedaphic climax in some areas, in other cases it may be seral to shrub-tussock over long time periods (Viereck et al. 1992). 

There is little information available about the fire history of shrub communities in AK. Birch and ericaceous shrub tundra tends to produce more severe burns than sedge-shrub tussock tundra (Racine 1979). After fire, shrubs resprout readily from underground propagules if they have not been burned, and a shrub community re-establishes on the site within five years. After severe fires that remove the organic layer and burn the propagules, herbaceous species that establish by seed may dominate the site for more than five years. Burned-over spruce woodlands near treeline may be converted to low shrub after fire (Pegau 1972) and may slowly regenerate a spruce overstory. The fire return interval (FRI) is longer in the Sub-boreal region than in boreal AK. Adjacent vegetation influences the fire frequency. If the adjacent vegetation is flammable, then the low shrub type will have a more frequent FRI. FRIs are long, likely greater than 100 yrs. Trees may also invade these shrublands but over long timeframes.
Fire Frequency 
Fire interval is expressed in years for each fire severity class and for all types of fire combined (All Fires). Average FI is the central tendency modeled. Percent of all fires is the percent of all fires modeled in that severity class. Minimum and Maximum FIs show the relative range of fire intervals as estimated by model contributors, if known.",Large patch,"At treeline, this system occurs above the Western North American Boreal Treeline White Spruce Woodland - Alaska Sub-boreal (NatureServe 2008) 

Sites dominated by non-riparian or non-wetland Salix spp. are included in this type (NatureServe 2008). Low shrub types on peat deposits are included in the wetland types (NatureServe 2008).","The probability for fire in the state-and-transition model is a best guess, not based on literature.",,"More information on this type can be found in the Fire Effects Information System (FEIS) Synthesis: Fire regimes of Alaskan alder and willow shrublands (Innes 2015). In 2015 an extensive search was done by FEIS staff to locate information for a synthesis on fire regimes of Alaskan alder and willow shrublands. At that time, the scientific literature about fire regimes in Alaskan alder and willow shrublands was scarce. Anecdotal and qualitative descriptions are used in this synthesis to supplement the limited quantitative literature. Descriptions of fire ignition, season, pattern, and size specific to alder and willow shrublands were not found in the literature. 

This model was based on the Western North American Boreal Mesic Scrub Birch-Willow Shrubland - Boreal model created by Jennifer Allen. Kori Blankenship and Tina Boucher increased the mean fire return interval (MFRI) for the Sub-boreal variant of the model and made minor edits to the description. This model was created for the AK sub-boreal region and did not receive review during LANDFIRE National for other parts of the state.

Succession Classes
Mapping Rules
Succession class letters A-E are described in the Succession Class Description section. Some classes use a leafform distinction where a qualifier is added to the class letter: Brdl (broadleaf), Con (conifer), or Mix (mixed conifer and broadleaf). UN refers to uncharacteristic native or a combination of height and cover that would not be expected under the reference condition. NP refers to not possible or a combination of height and cover which is not physiologically possible for the species in the BpS.


Description
Class A	1				Early Development 1 - All Structures

Indicator Species

Description
After fire, herbaceous species such as Festuca altaica and Hierochloe alpina typically dominate. This class may persist for more than five years if fire severity is high enough to remove the organic layer.

Maximum Tree Size ClassNone
Class B	99				Late Development 1 - All Structures

Indicator Species

Description
This class is dominated by shrubs, often Betula nana. Betula glandulosa, Vaccinium uliginosum, Ledum decumbens, Salix pulchra, S. barclayi or other Salix spp. may also be common (Viereck 1979; Viereck et al. 1992). Dwarf shrubs such as Empetrum nigrum and Vaccinium vitis-idaea may be common under the low shrub layer. Trees may invade the shrubland over long time frames.

Maximum Tree Size ClassNone
Model Parameters
Deterministic Transitions
Probabilistic Transitions","Hulten, E. 1966. Contributions to the knowledge of flora and vegetation of the southwestern Alaskan mainland. Sven. Bot. Tidskr. 60(1): 175-189.

Innes, Robin J. 2015. Fire regimes of Alaskan alder and willow shrublands. In: Fire Effects Information System, [Online]. U.S. Department of Agriculture, Forest Service, Rocky Mountain Research Station, Missoula Fire Sciences Laboratory (Producer). Available: http://www.fs.fed.us/database/feis/fire_regimes/AK_alder_shrub/all.html [ 2016, August 3].

NatureServe. 2008. International Ecological Classification Standard: Terrestrial Ecological Classifications. Draft Ecological Systems Description for Alaska Boreal and Sub-boreal Regions.

Pegau, R.E. 1972. Caribou investigations-analysis of range. In: Pegau, R.E. and J.E. Hemming (ed.). Caribou report. Volume 12. Progress report. Federal Aid in Wildlife Restoration, Projects W-17-2 and W-17-3, Job 3.3R. Alaska Dept. of Fish and Game, Juneau, AK: 1-216.

Racine. 1979. Climate of the Chucki-Imuruk area. Pages 32-37 in H. R. Melchior, ed., Biological Survey of the Bering Land Bridge National Monument. Alaska Cooperative Park Studies Unit, University of Alaska Fairbanks, Fairbanks, AK.

Viereck, L.A. 1963. Sheep investigations: survey of range ecology. Project W-6-R-4, Work plan E. Job 2-A. Alaska Department of Fish and Game, Juneau, AK. 

Viereck, L.A. 1979. Characteristics of treeline plant communities in Alaska. Holarctic Ecology. 2: 228-238.

Viereck, L.A., and Little, E.L. 1972. Alaska Trees and Shrubs. USDA Forest Service Ag. Handbook 410. University of Alaska Press, Fairbanks, Alaska. 265 p. 

Viereck et al. 1992. The Alaska vegetation classification. Pacific Northwest Research Station, USDA Forest Service, Portland, OR. Gen. Tech. Rep. PNW-GTR286. 278 p.",16102_73_74_75_76_77.docx,,,,,
Herbaceous,"68, 69, 70, 71, 72, 73, 74, 75, 76, 77, 78, 80",,"This Biophysical Setting (BpS) occurs throughout the boreal and boreal transition regions of AK, though it appears to be less common north of the AK Range (NatureServe 2008).","Soils are typically fine-textured mineral and may be poorly drained (on flats) to well drained (on sideslopes). In the Sub-boreal region, mesic Calamagrostis canadensis meadows often occur near treeline interspersed with subalpine tall shrub (NatureServe 2008). Its elevational limit is just above the limit of tall shrub (within 100m). This system may also occur as a small patch in drained lake beds within the boreal region.","Calamagrostis canadensis is the species that characterizes this system, though other grasses, forbs, and ferns may codominate. Fern- and forb-dominated patches commonly occur in a matrix of bluejoint meadow. Mosses are uncommon, but patchy feathermosses may be present in more open stands. Lichens and woody plants are absent or scarce, though this system is often found in a mosaic with tall shrub (especially alder) communities (Viereck et al. 1992). 

The vegetation is usually dense, with canopy height of 0.8 to 1.4 meters, occasionally reaching 2 meters (Viereck et al. 1992). Species composition ranges from nearly pure stands of Calamagrostis canadensis to mixtures of C. canadensis with forbs, ferns, and other grasses, including Heracleum maximum, Angelica lucida, Chamerion angustifolium, Athyrium filix-femina, Dryopteris expansa, Equisetum arvense and Veratrum viride (Viereck et al 1992).
BpS Dominant and Indicator Species
Species names are from the NRCS PLANTS database. Check species codes at http://plants.usda.gov.","Though Mesic Bluejoint Meadows often occur on disturbed sites, the Sub-boreal Mesic Bluejoint Meadow system, as described here, is stable over long periods. The fire regime is likely to be similar to that of the alder tall shrub vegetation (Alaska Sub-Boreal Mesic Subalpine Alder Shrubland (BpS 16090)) typically found just downslope from this system. However, the Sub-boreal Mesic Bluejoint Meadow system is extremely flammable in early summer prior to green-up. Fires in this time period generally do not burn the duff layer since the ground is usually still wet or frozen. 

Avalanches are possible but are unlikely to affect the vegetation.
Fire Frequency 
Fire interval is expressed in years for each fire severity class and for all types of fire combined (All Fires). Average FI is the central tendency modeled. Percent of all fires is the percent of all fires modeled in that severity class. Minimum and Maximum FIs show the relative range of fire intervals as estimated by model contributors, if known.",Large patch,"Mesic Bluejoint-Forb Meadow vegetation may also appear as a seral stage in a variety of other systems following fire or other disturbance. This system includes meadows that are long-term landscape features. This system is typically found just downslope from the Alaska Sub-boreal and Maritime Alpine Mesic Herbaceous Meadow or Alpine Dwarf-Shrubland system and upslope or interspersed with Alaska Sub-Boreal Mesic Subalpine Alder Shrubland. In some cases, this system may be found directly adjacent to treeline.","In the absence of data, the fire regime for this system was assumed to be similar to that of the Alaska Sub-Boreal Mesic Subalpine Alder Shrubland system (BpS 16090) often found adjacent to this system.

A 2015 literature review on wet and mesic herbaceous systems in AK (Innes 2015) notes that there are few fire history studies in these vegetation types and suggests the possibility that surface and ground fires may be more common than what is documented in the literature.","A climate change study in northwestern AK (DeGrange et al. 2013) predicted that upland bluejoint reedgrass-herb meadows would increase because of predicted increases in fire frequency and that upland sedge-mountain-avens meadows would decrease as a result of predicted increase in thermokarst development, shrub expansion, and soil acidification.","In 2015 an extensive search was done by FEIS staff to locate information for a synthesis on fire regimes of Alaskan wet and mesic herbaceous systems (Innes 2015). The synthesis notes that “LANDFIRE models estimated the portions of replacement, surface, and mixed-severity fires likely in wet and mesic herbaceous BpSs but did not include ground fire, which is an integral fire type in many wet and mesic herbaceous systems.”

The fire regime for this system was based on the Alaska Sub-Boreal Mesic Subalpine Alder Shrubland model by Kori Blankenship.
Succession Classes
Mapping Rules
Succession class letters A-E are described in the Succession Class Description section. Some classes use a leafform distinction where a qualifier is added to the class letter: Brdl (broadleaf), Con (conifer), or Mix (mixed conifer and broadleaf). UN refers to uncharacteristic native or a combination of height and cover that would not be expected under the reference condition. NP refers to not possible or a combination of height and cover which is not physiologically possible for the species in the BpS.


Description
Class A	100				Early Development 1 - All Structures

Indicator Species

Description
This class represents the stable Mesic Bluejoint-Forb Meadow system. Calamagrostis canadensis and other grasses, forbs and/or ferns dominate the site.

Maximum Tree Size ClassNone
Model Parameters
Deterministic Transitions
Probabilistic Transitions","DeGange, Anthony R.; Marcot, Bruce G.; Lawler, James; Jorgenson, Torre; Winfree, Robert. 2013. Predicting the effects of climate change on ecosystems and wildlife habitat in northwest Alaska: results from the WildCast project. Alaska Park Science. 12(2): 67-73. [89037]

DeVelice, R.L., Hubbard, C.J., Boggs, K. et al. 1999.  Plant community types of the Chugach National Forest. Tech. Publ. R10-TP-76. Juneau, AK: USDA Forest Service, Alaska Region. 375p.

Innes, Robin J. 2015. Fire regimes of Alaskan wet and mesic herbaceous systems. In: Fire Effects Information System, [Online]. U.S. Department of Agriculture, Forest Service, Rocky Mountain Research Station, Missoula Fire Sciences Laboratory (Producer). Available: http://www.fs.fed.us/database/feis/fire_regimes/AK_wet_herbaceous/all.html [2016, August 2].

Jorgenson, M.T. et al. 2003. An ecological land survey for Fort Richardson, Alaska. Cold Regions Research and Engineering Laboratory, Hanover, New Hampshire, ERDC/CRREL TR-03019.

NatureServe. 2008. International Ecological Classification Standard: Terrestrial Ecological Classifications. Draft Ecological Systems Description for Alaska Boreal and Sub-boreal Regions.

Viereck et al. 1992.  The Alaska vegetation classification. Pacific Northwest Research Station, USDA Forest Service, Portland, OR. Gen. Tech. Rep. PNW-GTR286. 278 p.",16110_68_69_70_71_72_73_74_75_76_77_78_80.docx,,,,,
Herbaceous,"70, 71, 73, 74",,"This Biophysical Setting (BpS) occurs across the boreal and sub-boreal regions of AK. Today, dry grassland communities in AK are relatively uncommon (Edwards and Armbruster 1989; Lloyd et al. 1994), but during the late Pleistocene these were more common (Edwards and Armbruster 1989). Steppe associations are considered analogues of vegetation that was widespread across Beringia during the colder and drier conditions of the late Pleistocene (Kassler 1979; Lipkin and Tande 1991; Murray 1981; Murray et al. 1983; Walker et al. 1991), where dry grasslands represent glacial refugia that may support distinctive flora characterized by a high diversity of Beringian and endemic plant species (Edwards and Armbruster 1989; Murray et al. 1983; Roland 1996).","Soil conditions in boreal regions are frequently conducive to dry grasslands (Redmann and Schwarz 1986). Soils are well drained to excessively drained, and permafrost is absent. This system typically occurs on dry sideslopes or bluffs. Some slopes may have steep, unstable soil (NatureServe 2008). Dry grasslands typically develop on steep, south-facing slopes where a warm and dry microclimate is thought to exclude trees (Boggs et al. 2019). The topography of steppe bluffs has implications for microclimate in so far that surfaces undergo great daily and annual fluctuations in temperature and moisture (Edwards and Armbruster 1989; Lewis 1998; Roland 1996; Walker et al. 1991). Moisture of steppe soils is strongly limited by exposure to wind, low accumulation and residence of snow, drainage across steep slopes, and high soil evaporation and transpiration caused by the slopes’ direct orientation to the low-angled sun (Bliss et al. 1973; Lewis 1998; Lloyd et al. 1994; Kassler 1979; Roland 1990; Wesser 1991). 
Steppe soils are well-drained silty loams to loams with low organic matter content (Roland 1996). Permafrost is typically absent due to warm soil temperatures in the summer and poor insulation in the winter (Boggs and Sturdy 2005). Soil pH ranges from 6.2 to 8.0 with a mean of 7.0 and is often elevated by input of calcium carbonate-rich loess (Kassler 1979; Marsh et al. 2006; Roland 1996; Walker et al. 1991). Bare soil is characteristic of developing steppe (Howenstein et al. 1985; Lewis 1998; Murray et al. 1983; Shacklette 1966). The presence of biological soil crusts has been noted in several mature steppe bluffs (e.g. Dickson 2000; Marsh et al. 2006; Walker et al. 1991; Zazula et al. 2002).","These sites are typically dominated by grasses, though forbs and shrubs may be common, but shrub cover is less than 25%. Common graminoids include Festuca altaica, F. rubra, Calamagrostis purpurescens, Elymus inovatus, Pseudoroegneria spicata, Bromus pumpellianus, and Poa glauca. Shrubs include the low shrubs Artemisia frigida, A. arctica, Amelanchier alnifolia, Elaeagnus commutata, Shepherdia canadensis, and Juniperus communis, and the dwarf shrub Arctostaphylos uva-ursi. Common forbs are Artemisia arctica, Bupleurum americanum, and Saxifraga tricuspidata (Lipkin and Tande 1991).

BpS Dominant and Indicator Species
Species names are from the NRCS PLANTS database. Check species codes at http://plants.usda.gov.","Little is known about the successional dynamics of this community, but it is assumed to be relatively stable over time (Viereck et al. 1992). Large scale disturbances affecting dry grasslands include fire and mass wasting for systems developing on slopes (Lewis 1998); smaller scale disturbances include burrowing and/or grazing by rodents and ungulates (Vetter 2000). Fire is thought to favor grassland development by removing more competitive forest taxa (Lewis 1998; Roland 1990). Similarly, landslides are thought to favor grassland development by removing forest taxa, exposing mineral soil for colonization by seedlings, and altering the competitive balance in favor of faster growing, more readily dispersed plants (Roland 1990; Roland 1996). 

Dry grasslands are thought to be seral to Populus tremuloides (quaking aspen) woodlands with dry understory species such as Arctostaphylos uva-ursi, Rosa acicularis and Sheperdia canadensis (Vetter 2000; Boggs and Sturdy 2005). Where there is sufficient moisture, Betula neoalaskana and Picea glauca are able to colonize the Populus tremuloides woodland; a xeric Picea glauca forest may eventually establish (Chapin  2006; Lewis 1998). Following fire, Populus tremuloides woodlands may revert to grassland (Lewis 1998).

LANDFIRE National modelers assumed that the fire regime for this system would be similar to that of the adjacent BpS. Starfield and Chapin (1996) estimated a 40-year fire return interval for dry grasslands assuming that Alaskan boreal dry grasslands burn more frequently than other ecosystem types in the region.

Because this system is often found on loose, dry mineral soils on unstable slopes, shifting slopes are an ongoing disturbance. Grazing is probably an important factor in shaping this system, as this is important Dall sheep habitat. Grazing and erosion were not included as disturbances in the model because these are long-term, ongoing phenomena.
Fire Frequency 
Fire interval is expressed in years for each fire severity class and for all types of fire combined (All Fires). Average FI is the central tendency modeled. Percent of all fires is the percent of all fires modeled in that severity class. Minimum and Maximum FIs show the relative range of fire intervals as estimated by model contributors, if known.",Small to large patch,"Adjacent systems may include Western North American Boreal Dry Aspen-Steppe Bluff - Higher Elevations or Western North American Boreal Dry Aspen-Steppe Bluff - Lower Elevations. This system does not encompass the coastal Leymus-forb meadows that occur in Aleutians, SW, SC and SE Alaska (NatureServe 2008).",,Research suggests that dry grasslands are likely to increase as a result of climate change (Rupp et al. 2000a and 2000b).,"More information on this and similar vegetation types can be found in the Fire Effects Information System Synthesis: Fire regimes of Alaskan dry grassland communities. (Innes 2014).

For LANDFIRE National, the fire intervals in this model were adapted from the Boreal Subalpine Steppe Bluff model, also by Boucher and Ryan. During the 2021 review, Kori Blankenship revised the model to include an early herbaceous state (as originally modeled) and a later state where shrubs may be present. Blankenship also eliminated mixed fire (because the dominant species in this BpS are top killed by fire) and changed the replacement fire frequency to 100 years. The more frequent fire interval was based on Starfield and Chapin (1996) but retains the relationship between the adjacent BpS. Lacking data, Blankenship assumed that fire frequency did not vary between states. 

Suggested reviewers for this system include Carl Roland and Dalia Vargis-Kretzinger for information on grazing. 

Succession Classes

Mapping Rules
Succession class letters A-E are described in the Succession Class Description section. Some classes use a leafform distinction where a qualifier is added to the class letter: Brdl (broadleaf), Con (conifer), or Mix (mixed conifer and broadleaf). UN refers to uncharacteristic native or a combination of height and cover that would not be expected under the reference condition. NP refers to not possible or a combination of height and cover which is not physiologically possible for the species in the BpS.


Description
Class A	2				Early Development 1 - Open

Indicator Species

Description
This class represents the post-fire grass community. Grasses, sedges and/or forbs dominate the site. 

Maximum Tree Size ClassNone
Class B	98				Late Development 1 - All Structures

Indicator Species

Description
Grass cover reaches pre-fire levels within two to three years following fire (Tirmenstein, 2000). Shrub cover up to 25% is possible (Viereck et al. 1992).

Maximum Tree Size ClassNone
Model Parameters
Deterministic Transitions
Probabilistic Transitions","Bliss, L.C., Courtin, G.M., Pattie, D.L., Riewe, R.R., Whitfield, D.W.A. and Widden, P., 1973. Arctic tundra ecosystems. Annual Review of Ecology and Systematics, pp.359-399.
Boggs, K., and M. Sturdy. 2005. Plant associations and post-fire vegetation succession in
Yukon-Charley Rivers National Preserve. Natural Resource Technical Report
NPS/YUCH/NRTR—2005/001. National Park Service, Fort Collins, Colorado.
Boggs, K., L. Flagstad, T. Boucher, M. Carlson, A. Steer, B. Bernard, M. Aisu, P. Lema, B. Heitz, and T. Kuo. 2019. Alaska Ecosystems of Conservation Concern: Biophysical Settings and Plant Associations. Report prepared by the Alaska Center for Conservation Science, University of Alaska, Anchorage for the Alaska Department of Fish and Game. 300 pp.
Chapin, F. Stuart. 2006. Alaska's changing boreal forest / edited by F. Stuart Chapin III ... [et al.] ; illustration editor, Melissa C. Chapin. Oxford; New York : Oxford University Press, 2006.  xiv, 354 p.: ill., maps ; 24 cm. 
Dickson, L.G. 2000. Constraints to nitrogen fixation by cyanobacterial crusts in a polar desert ecosystem. Arctic, Antarctic and Alpine Research 32:40-45.
Edwards, M. E., and W.S. Armbruster. 1989. A tundra-steppe transition on Kathul Mountain, Alaska, U.S.A. Arctic and Alpine Research. 21(3): 296-304. 

Howenstein, R.E., D.F. Murray, and W.S. Armbruster. 1985. Vegetation ecology of south-facing bluffs in subarctic interior Alaska. Proceedings of the 1985 Arctic Science Conference. Sept 27-29, 1985. University of Alaska-Fairbanks. 

Innes, Robin J. 2014. Fire regimes of Alaskan dry grassland communities. In: Fire Effects Information System, [Online]. U.S. Department of Agriculture, Forest Service, Rocky Mountain Research Station, Missoula Fire Sciences Laboratory (Producer). Available: http://www.fs.fed.us/database/feis/fire_regimes/AK_dry_grassland/all.html [ 2016, June 28].

Kassler, K.C. 1979. Relicts of the late Pleistocene arctic-steppe: investigations of certain south-facing slopes in interior Alaska. 

Lewis, N.K. 1998. Landslide-driven distribution of aspen and steppe on Kathul Mountain, Alaska. Journal of arid environments 38(3), pp.421-435.
Lipkin, R., and J. Tande. 1991. Field report: Botanical survey of the Salmon Fork of the Black River. Alaska Natural Heritage Program, University of Alaska Anchorage, Anchorage, Alaska.
Lloyd, Andrea H., W. Ambruster, E. Scott, E. Mary. 1994. Ecology of a steppe-tundra gradient in interior Alaska. Journal of Vegetation Science. 5(6): 897-912.

Murray, D.F. 1981. The role of arctic refugia in the evolution of the arctic vascular flora – a Beringian perspective. Evolution Today, Proceedings of the second International Congress of Systematic and Evolutionary Biology, pp. 11-20. 
 
Murray, D.F., B.M. Murray, B.A. Yurtsev, and R. Howenstein. 1983. Biogeographic significance of steppe vegetation in subarctic Alaska. Proceedings Permafrost Fourth International Conference. July 17-22, 1983. 

NatureServe. 2008. International Ecological Classification Standard: Terrestrial Ecological Classifications. Draft Ecological Systems Description for Alaska Boreal and Sub-boreal Regions. 

Redmann, R.E., and A. G. Schwarz. 1986. Dry grassland plant communities in Wood Buffalo National Park, Alberta. The Canadian Field-Naturalist. 100(4): 526-532. 

Roland. C. 1996. The floristics and community ecology of extrazonal steppe in the Yukon and Kolyma River drainages. M.S. Thesis. University of Alaska Fairbanks.  

Roland, C. 1990. Arctic steppe survey Yukon River sites. Research and Resource Management Report Series 90-04. National Park Service. Yukon-Charley Rivers National Preserve.

Rupp, T.S.; F.S. Chapin III, and A.M. Starfield. 2000a. Response of subarctic vegetation to transient climatic change on the Seward Peninsula in north-west Alaska. Global Change Biology. 6(5): 541-555.

Rupp, T.S., A.M. Starfield, and S.F. Chapin III. 2000b. A frame-based spatially explicit model of subarctic vegetation response to climate change: a comparison with a point model. Landscape Ecology. 15(4): 383-400. 

Shacklette, H.T.1966. Phytoecology of a greenstone habitat at Eagle, Alaska. Geological Survey Bulletin 1198-F. 

Starfield, A.M., and S.F. Chapin III. 1996. Model of transient changes in arctic and boreal vegetation in response to climate and land use change. Ecological Applications. 6(3): 842-864. 

Tirmenstein, D. 2000. Festuca altaica, F. campestris, F. hallii. In: Fire Effects Information System, [Online]. U.S. Department of Agriculture, Forest Service, Rocky Mountain Research Station, Fire Sciences Laboratory (Producer). Available: https://www.fs.fed.us/database/feis/plants/graminoid/fesspp/all.html [2021, April 22].
Vetter, MA. 2000.  Grasslands of the Marsh J., S. Nouvet, P. Sanborn, and D. Coxson. 2006. Composition and function of biological crust communities along topographic gradients in grasslands of central interior British Columbia (Chilcotin) and southwestern Yukon (Kluane). Canadian Journal of Botany 84:713–731.e Aishihik-Sekulmun Lakes Area, Yukon Territory, Canada. Arctic [Arctic]. Vol. 53, no. 2, pp. 165-173. Jun 2000.
Viereck, L.A., C.T. Dyrness, A.R. Batten, and K.J. Wenzlick. 1992. The Alaska vegetation classification. Pacific Northwest Research Station, USDA Forest Service, Portland, OR. Gen. Tech. Rep. PNW-GTR286. 278 pp.

Walker, M.D., Walker, D.A., Everett, K.R. and Short, S.K., 1991. Steppe vegetation on south-facing slopes of pingos, central Arctic Coastal Plain, Alaska, USA. Arctic and Alpine Research 23(2), pp.170-188.

Wesser, S.D., 1991. The effects of light and moisture on two species from contiguous communities of south-facing bluffs in interior Alaska, USA. Arctic and Alpine Research 23(1), pp.99-103.
Zazula, G. D., D. G. Froese, A. M. Telka, R. W. Mathewes, and J. A. Westgate. 2002. Plants, bugs, and a giant mammoth tusk: Paleoecology of Last Chance Creek, Yukon Territory. In Yukon Exploration and Geology. D. S. Edmond, and L.L. Lewis (eds.). Exploration and Geological Services Division, Yukon Region, Indian and Northern Affairs Canada, Whitehorse, Y.T., Canada.",16120_70_71_73_74.docx,,,,,
Forest and Woodland,68,,"This Biophysical Setting (BpS) occurs in the boreal region as isolated features in western AK and western Canada. It does not occur in southeast AK or Cook Inlet. Areas with active sand transport are relatively uncommon (Wolfe et al. 2011), but some of the most noteworthy active areas are the Carcross Dunes in southern Yukon and the Lake Athabasca Dunes in northern Saskatchewan.","Active inland dunes occur in boreal Alaska as remnants of a larger system of dunes and sand sheets that developed under the climatic conditions of the late Pleistocene. Strong storm winds carried glacio-fluvial silts and sands across vast areas of northwestern North America. Most of these sand deposits have been stabilized by forest and tundra vegetation, but areas of active transport and deposition still exist. Some of the most noteworthy active areas are the Kobuk Dunes in western Alaska, the Carcross Dunes in southern Yukon, and the Lake Athabasca Dunes in northern Saskatchewan. These active dunes share many floristic elements and geomorphic processes (Parker and Mann, 2000). The main disturbance process within this BpS is the transport and deposition of sand. Common landforms include transverse and longitudinal dunes, sand sheets, desert pavements, blowouts, and interdune slacks.","Active dunes support a unique assemblage of plant species, but plant cover is typically sparse and discontinuous. Three dominant habitat types occur within boreal active dune systems: grassy, dry mountainous, and boreal forest (Parker 1998). Common species may include Picea glauca, Betula nana, Alnus ssp., Vaccinium ssp., and Empetrum ssp.
Dunes of the Kobuk Valley feature four plant species listed as imperiled in Alaska: Lupinus kuschei, Oxytropis kobukensis, Symphyotrichum yukonensis, and Corispermum ochotense var. alaskanum. Leymus arenarius, usually restricted to a narrow strip along the coast, is also common on the Kobuk Dunes. Several Beringian endemics and species which are widely disjunct from their known distributions have also been documented (Parker and Mann, 2000). Carex sabulosa, a sedge know from only four other sites in North America, can be found in Yukon Territory in dune systems near Carcross and Kusawa Lake. However, this sedge does not occur in the Kobuk Dunes.
BpS Dominant and Indicator Species
Species names are from the NRCS PLANTS database. Check species codes at http://plants.usda.gov.","The main disturbance process is the transport and deposition of sand. In western AK, the prevailing sand transport direction is from southeast to northwest. During sand transport, vegetation on the downwind side of the dune is gradually being buried in sand, while vegetation on the windward side is reestablishing. Within the dune complex, a wide variety of moisture regimes and successional stages occur. Interdune slacks may feature wetland habitats while xeric conditions prevail on active deposition surfaces. Along the dune margins, varying stages of boreal forest succession exist. 
Fire is not a major disturbance on active dunes. In June of 2013 an extensive search was done by Fire Effects Information System staff to locate information on fire regimes of active inland dunes with few results (Innes 2013). Dunes now covered by forest or tundra will have the fire regime characteristics of their dominant plant communities but may revert to active dunes after fire.
Fire Frequency 
Fire interval is expressed in years for each fire severity class and for all types of fire combined (All Fires). Average FI is the central tendency modeled. Percent of all fires is the percent of all fires modeled in that severity class. Minimum and Maximum FIs show the relative range of fire intervals as estimated by model contributors, if known.",Small or large patch,"This BpS expanded and contracted throughout the late Holocene in response to variations in climate, moisture, storms, and fire frequency (Parker and Mann 2000). Given the remote location of these dunes, minor climatic variations are more likely to affect this BpS than human activity in the future (Parker and Mann 2000).","This BpS should be modeled with a barren sand dune stage to represent the dynamics of active transport and deposition on the dunes, but this is not included in the model because LANDFIRE does not map barren seral stages.
The modeler was not familiar with this system and no review of the model was obtained. The Vegetation Description should likely include more information on the herbaceous species, but the modeler was unable to find more information. Class A may need to be split to create separate herbaceous and shrub classes, but this was not done due to lack of information on class age ranges, successional dynamics, and species composition. This model needs to be refined and all quantitative information it contains reassessed by a knowledgeable expert.",,"More information on active inland dunes can be found in the Fire Effects Information System Synthesis: Fire regimes in Alaskan coastal herbaceous communities and active inland dunes (Innes 2013).

This model was developed by Kori Blankenship based on the draft Boreal Ecological Systems description and in consultation with Tina Boucher. Carolyn Parker is a suggested reviewer for this type.

Succession Classes

Mapping Rules
Succession class letters A-E are described in the Succession Class Description section. Some classes use a leafform distinction where a qualifier is added to the class letter: Brdl (broadleaf), Con (conifer), or Mix (mixed conifer and broadleaf). UN refers to uncharacteristic native or a combination of height and cover that would not be expected under the reference condition. NP refers to not possible or a combination of height and cover which is not physiologically possible for the species in the BpS.


Description
Class A	65				Early Development 1 - All Structures
Indicator Species
Description
Herbaceous vegetation dominates this stage which persists as an open canopy over a small area of the active dune. As areas of the dune stabilize, shrub species may invade. 

Maximum Tree Size ClassSeedling/Sapling <5""
Class B	35				Late Development 1 - All Structures
Indicator Species
Description
Boreal Forest Stage. With long term dune stabilization boreal forest can develop. Common species include Picea galuca, Alnus spp., Betula nana, Vaccinium spp., and Empetrum spp.

Maximum Tree Size ClassPole 5–9"" (swd)/5–11"" (hwd)
Model Parameters
Deterministic Transitions
Probabilistic Transitions

Optional Disturbances
Optional 1: Sand Deposition","Comer, P., D. Faber-Langendoen, R. Evans, S. Gawler, C. Josse, G. Kittel, S. Menard, C. Nordman, M. Pyne, M. Reid, M. Russo, K. Schulz, K. Snow, J. Teague, and R. White. 2003-present. Ecological systems of the United States: A working classification of U.S. terrestrial systems. NatureServe, Arlington, VA.

Innes, Robin J. 2013. Fire regimes of Alaskan coastal herbaceous communities and active inland dunes. In: Fire Effects Information System, [Online]. U.S. Department of Agriculture, Forest Service, Rocky Mountain Research Station, Fire Sciences Laboratory (Producer). Available: http://www.fs.fed.us/database/feis/fire_regimes/AK_coastal/all.html [2016, May 20].

Mann, D.H., P.A. Heiser and B.P. Finney. 2002. Holocene history of the Great Kobuk Sand Dunes, Northwestern Alaska. Quaternary Science Reviews, Volume 21, Number 4, February 2002. 23: 709-731.

Parker, C.L. 1998. Plant Assemblages and Floristic Mysteries at the Great Kobuk Sand Dunes, Kobuk Valley National Park. Beringia Days 1998. National Park Service, Alaska Region, Anchorage, Alaksa. http://www.nps.gov/akso/beringia/berinotesjan99(2).htm.

Parker and Mann, 2000. Arctic Science 2000 - Crossing Borders: Science and Community Whitehorse, Yukon, Canada, Sept 21-24 2000. American Association for the Advancement of Science & Yukon Science Institute. Abstract available at http://www.taiga.net/arctic2000/abstracts/parker.html.

Wolfe, Stephen; Bond, Jeffrey; Lamothe, Michel. 2011. Dune stabilization in central and southern Yukon in relation to early Holocene environmental change, northwestern North America. Quaternary Science Reviews. 30(3-4): 324-334.",16130_68.docx,,,,,
Forest and Woodland,"68, 69, 70, 71, 72, 73, 74, 76, 78","This Biophysical Setting (BpS) is split into multiple models: Western North American Boreal Montane Floodplain Forest and Shrubland was split into a Boreal and Sub-boreal variant for BpS modeling so that regional differences could be represented. For mapping BpS 16141 should apply in level 2 ecoregions (Nowaki et al. 2001): Intermontane Boreal, Aleutian Meadows, Arctic Tundra, Bering Taiga, Bering Tundra.",This type occurs on floodplains throughout the boreal region of AK.,"The substrate is typically well-drained sand or cobble, although finer silts and clays can be found on higher terraces, in ponds, on distal floodplains, and in lower energy systems. Permafrost is usually absent. Soils tend to be sandy and gravelly, at least somewhere within the top one meter, and as a result, these soils do not develop permafrost.","Primary succession on floodplains begins when new alluvial surfaces are colonized by tree, shrub, and herbaceous vegetation. Common early seral woody species include Populus balsamifera (seedlings), Picea glauca (seedlings), Alnus viridis ssp. sinuata, Alnus incana ssp. tenuifolia, Salix barclayi (most commonly found in and south of the Alaska Range), and Salix alaxensis (Boggs 2000; Scott 1974; Shephard 1995; Thilenius 1990; Viereck 1966). Common early seral herbaceous species may include Lupinus spp., Hedysarum spp., and Equisetum spp. (NatureServe 2008). The next seral stage is dominated by Populus balsamifera and/or Picea glauca with an understory of Alnus viridis ssp. sinuata, Salix spp., and various bryophytes. On dry sites the shrub layer may be dominated by Shepherdia canadensis, Dryas octopetala, Dryas integrifolia, and fruticose lichens (Stereoucaulon spp.) (NatureServe 2008). The tall shrub component (Salix/Populus) of the early successional stages diminishes rapidly because of decreased light from the dense tree overstory (Chapin et al. 2006). Populus balsamifera does not regenerate in the understory and consequently, Picea glauca gains dominance in the overstory within 150yrs (NatureServe 2008). Rosa acicularis, Alnus viridis spp. fruticose, Viburnum edule, Calamagrostis canadensis, Hylocomium splendens, and Pluerozium schredberi are common on older surfaces.
BpS Dominant and Indicator Species
Species names are from the NRCS PLANTS database. Check species codes at http://plants.usda.gov.","Flooding is the primary disturbance in this system. Flooding can be caused by snowmelt, precipitation, ice jams, and glacial runoff. Different rivers or portions of rivers may be more prone to certain types of flooding. Frequent flooding and channel migration creates a pattern of gravel bars and early successional stages across the valley bottom. Sediment deposition raises the surface of the floodplain over time. As the terrace becomes farther removed from the channel, flooding becomes less frequent. Water availability on terraces plays a major role in community structure and composition. Water inputs come from overbank flow (flooding), ground water, and precipitation. Deposits with high permeability become progressively drier as they are vertically and horizontally removed from the active channels. 

Vegetation succession on gravel bars can be represented by the following seral stages: barren or herbaceous, willow or willow-alder, alder, poplar or spruce-poplar, and spruce. Oxbows and other wet depressions commonly form on the floodplains and develop into wetlands (which are represented by different BpS descriptions and models). However, succession and species composition is variable due to diverse environmental conditions such as water depth, substrate, and nutrient input. 

Estimates of mean fire return intervals include:
-200yrs+ (200-300yr range) (Viereck 1973, Barney 1971) 
-300yrs (Rowe et al. 1974) (for alluvial white spruce, MacKenzie River Valley)
-300yrs (Heinselman 1981) 
-300yrs (Duchesne and Hawkes 2000)
-300yrs (personal communication experts’ workshop March 2004)

Small, relatively infrequent, mixed severity fires characterize this BpS due to the sites’ proximity to rivers, which act as firebreaks (Viereck 1973, Barney 1971, Foote 1983). High moisture content of the vegetation, high percentage of deciduous species, and high relative humidity also contribute to making fires less frequent in the riparian spruce hardwood communities than in typically adjacent BpS. In interior Alaska the oldest white spruce stands (350+ yrs) are commonly found on islands within floodplains where they are protected from fire (Viereck 1973).



Fire Frequency 
Fire interval is expressed in years for each fire severity class and for all types of fire combined (All Fires). Average FI is the central tendency modeled. Percent of all fires is the percent of all fires modeled in that severity class. Minimum and Maximum FIs show the relative range of fire intervals as estimated by model contributors, if known.",Linear,"This model applies to forest and shrub systems in the active and inactive portions of the floodplain, but not abandoned floodplains. Oxbows and other wet depressions commonly form on the floodplains. Floodplain Wetlands are a separate ecological system and a separate BpS.",Wetlands that occur on the floodplain are not considered in this model.,,"4/2022 – During the Boreal Forest BpS Review Work Session in February 2022 participants ranked the boreal forest BpS by relative fire frequency. Based on that ranking it was estimated that this BpS would have the least frequent fire of all boreal forest BpS. Since the existing mean fire return interval (MFRI) was already the least frequent of any of the BpS, the model was kept as is. 

2022 – Based on NRCS plots in closed white spruce stands on floodplains, a reviewer estimated that a MFRI of 200-300 years would be reasonable for this BpS.

2014 – A reviewer noted that: “This model is in the ballpark of existing (and very sparse) literature but may be high. From Fryer 2014: “as of 2014 there were few fire history studies documenting fire-return intervals of Alaskan balsam poplar communities. The Riley Creek study (see Table 2A*) found a fire-return interval of 40 to 60 years (Mann & Plug 1999). Stand ages of 1 and 2 centuries (Edwards & Dunwiddie 1985; Krause  et al. 1959) suggest stand-replacement fires are uncommon in balsam poplar stands (Cronan et al. [n.d.]). On the North Slope, for example, balsam poplars were 100 to 250 years old (Edwards & Dunwiddie 1985). Paleological studies found fire was relatively infrequent when Populus spp. dominated the landscape (Hu et al. 2006; Lynch & Hu 2003) (see Table 2B**).”

During LANDFIRE National, this model was created for the boreal region of AK and did not receive review for other parts of the state. This model was based on the FRCC Guidebook PNVG model for Riparian Spruce Hardwood (RSH) (Murphy and Witten 2006) and input from the experts who attended the LANDFIRE Fairbanks (Nov. 07) modeling meeting. It was refined by Michelle Schuman. The relative age function used in the RSH model was not used in any class except Class A to comply with LANDFIRE modeling rules and the 10,000 years replacement fire was removed from Class D. These changes did not change the model results. Because changes to the VDDT model were relatively minor, Karen Murphy and Evie Witten were retained as modelers and Michelle Schuman's name was added.

Succession Classes

Mapping Rules
Succession class letters A-E are described in the Succession Class Description section. Some classes use a leafform distinction where a qualifier is added to the class letter: Brdl (broadleaf), Con (conifer), or Mix (mixed conifer and broadleaf). UN refers to uncharacteristic native or a combination of height and cover that would not be expected under the reference condition. NP refers to not possible or a combination of height and cover which is not physiologically possible for the species in the BpS.


Description
Class A	4				Early Development 1 - All Structures
Indicator Species
Description
This class is characterized by post disturbance regeneration (herbs, shrub regeneration, seedlings). Silt is deposited on the inside of river meanders following flood events. Flooding deposits seeds, which germinate and take root. Lupinus spp., Hedysarum spp., Equisetum spp., and Salix spp. colonize in the first year. Within five years Salix spp. and balsam poplar seedlings are abundant. Plant cover is 1-2% during the first year. Shrub cover increases up to 40% by the fifth year, with a diverse herbaceous layer underneath. Occasionally white spruce will germinate in large numbers on mineral soil after flooding, resulting in a dense, even-aged stand and eventual succession to Class E (via Class B).

Maximum Tree Size ClassSeedling/Sapling <5""
Class B	18				Mid Development 1 - Closed
Indicator Species
Description
Tall shrubs (Salix spp. and Alnus spp.) and saplings with a closed canopy (>60%). Saplings may consist of balsam poplar with white spruce in the understory (succession to Class C), or saplings may consist of pure, even-aged spruce (succession to Class E). Saplings overtop shrubs at 20-40yrs, when shade-intolerant pioneer shrub species decline and shade-tolerant shrubs such as Rosa acicularis (prickly rose) and Viburnum edule (squashberry) become more common and have a canopy cover of 10%. The alternate succession pathway represents the possibility that white spruce will germinate in large numbers on mineral soil after flooding, resulting in a dense, even-aged stand. 

Maximum Tree Size ClassSeedling/Sapling <5""
Class C	40				Mid Development 1 - Open
Indicator Species
Description
Closed balsam poplar forest. Balsam poplar is the dominant overstory species, but white spruce is commonly in the understory. Shade-tolerant shrub species persist in the understory. If spruce is present, at approximately 100-150yrs the transition from balsam poplar to white spruce dominance begins (succession to Class D). If white spruce is not present, poplar persists, the stand ages, and individual trees are lost to wind, disease, or rot. Shrub cover commonly increases as the overstory canopy declines.
Maximum Tree Size ClassPole 5–9"" (softwood)/5–11"" (hardwood)
Class D	27				Late Development 1 - Open
Indicator Species
Description
Open white spruce forest. Spruce gains dominance over poplar and a mixed age, open stand develops. If enough young spruce establishes as poplar declines, the canopy closes again (modeled as alternate succession to Class E). Alternatively, the stand may remain open with shrubs in the understory.
Maximum Tree Size ClassPole 5–9"" (softwood)/5–11"" (hardwood)
Class E	11				Late Development 1 - Closed
Indicator Species
Description
Closed white spruce forest. These stands may be even-aged, resulting from spruce establishment on mineral soil after a flood event (succession from Class B), or mixed age (succession from Class D). If succession is from Class D, occasional mature balsam poplar may persist in the overstory. As the spruce canopy closes, feathermoss becomes dominant on the forest floor, reaching 80% cover. Rosa acicularis, Viburnum edule, and Alnus spp. may be scattered in the stand. A low shrub and herb layer may also occupy the forest floor.

Maximum Tree Size ClassMed. 9–20"" (softwood)/11–20"" (hardwood)
Model Parameters
Deterministic Transitions
Probabilistic Transitions

Optional Disturbances
Optional 1: Flooding","Barney, R.J. 1971.  Wildfires in Alaska – some historical and projected effects and aspects.  In: Fire in the Northern Environment – a symposium [Fairbanks, Alaska]. P. 51-59.

Boggs, K. 2000. Classification of community types, successional sequences, and landscapes of the Copper River Delta, Alaska. Gen Tech. Rep. PNW-GTR-469. Portland, OR: USDA Forest Service, Pacific Northwest Research Station. 244p.

Chapin, F.S., III, L.A. Viereck, P.C. Adams, K. Van Cleve, C.L. Fastie, R.A. Ott, D. Mann, and J.F. Johnstone. 2006. Successional processes in the Alaskan boreal forest. In Alaska’s Changing Boreal Forest. F.S. Chapin III, M.W. Oswood, K. Van Cleve, L.A. Viereck, and D.L. Verbyla, editors. New York, Oxford University Press. Pages 100-120.

Cronan, James; McKenzie, Donald; Olson, Diana. [n.d.]. Fire regimes of the Alaska boreal forest. Draft manuscript. Portland, OR: U.S. Department of Agriculture, Forest Service, Pacific Northwest Research Station. 124 p. In cooperation with: Seattle, WA: University of Washington, School of Forest Resources; New Haven, CT: Yale School of Forestry and Environmental Studies; Moscow, ID: University of Idaho; Fairbanks, AK: U.S. Department of the Interior, Bureau of Land Management, Alaska Fire Service. Available online: http://www.frames.gov/documents/alaska/fire_history/fire_regimes_alaskan_boreal_forest_draft_gtr.zip [2012, September 4]. [85879]

Duchesne L.C. and B.C.Hawkes. 2000. Fire in northern ecosystems.  In: Brown, J.K. and J.K Smith (eds.) Wildland fire in ecosystems: effects of fire on flora. Gen. Tech. Rep. RMRS-GTR-42-vol 2. Ogdon, UT: USDA Forest Service, Rocky Mountain Research Station. 257 p.

Edwards, Mary E.; Dunwiddie, Peter W. 1985. Dendrochronological and palynological observations on Populus balsamifera in northern Alaska, U.S.A. Arctic and Alpine Research. 17(3): 271-277. 

Fryer, Janet L. 2014. Fire regimes of Alaskan quaking aspen and balsam poplar communities. In: Fire Effects Information System, [Online]. U.S. Department of Agriculture, Forest Service, Rocky Mountain Research Station, Missoula Fire Sciences Laboratory (Producer). Available: http://www.fs.fed.us/database/feis/fire_regimes/AK_aspen_balsam_poplar/all.html

Heinselman, M.L. 1981.  Fire and succession in the conifer forests of northern North America. In:  West, D.C., H.H. Shugart, and D.B. Botkin.  Forest succession: concepts and application. Springer-Verlag, New York.  Chapter 23. 

Hu, Feng Sheng; Brubaker, Linda B.; Gavin, Daniel G.; Higuera, Philip E.; Lynch, Jason A.; Rupp, T. Scott; Tinner, Willy. 2006. How climate and vegetation influence the fire regime of the Alaskan boreal biome: the Holocene perspective. Mitigation and Adaptation Strategies for Global Change. 11(4): 829-846.

Krause, H. H.; Rieger, S.; Wilde, S. A. 1959. Soils and forest growth on different aspects in the Tanana watershed of interior Alaska. Ecology. 40(3): 492-495. 

Lynch, Jason A.; Hu, Feng Sheng. 2003. Does vegetation mediate the fire-climate relationships in boreal regions? In: 88th annual meeting of the Ecological Society of America held jointly with the International Society for Ecological Modeling, North American Chapter; 2003 August 3-8; Savannah, GA. Washington, DC: Ecological Society of America: 213. Abstract. 

Mann, Daniel H.; Plug, Lawrence J. 1999. Vegetation and soil development at an upland taiga site, Alaska. Ecoscience. 6(2): 272-285. 

Murphy, K.A. and E. Witten. 2006. Riparian Spruce Hardwood. In Fire Regime Condition Class (FRCC) Interagency Guidebook Reference Conditions. Available at www.frcc.gov.

NatureServe. 2008. International Ecological Classification Standard: Terrestrial Ecological Classifications. Draft Ecological Systems Description for Alaska Boreal and Sub-boreal Regions.

Personal communication experts’ workshop, March 2-4 2004.  Fire Regime Condition Class (FRCC) interagency experts’ workshop to develop and review Potential Natural Vegetation (PNV) groups for Alaska.  Anchorage, AK.  

Rowe, J.S., Bergsteinsson, J. L. , Padbury, G. A.,and R. Hermesh. 1974. Fire studies in the Mackenzie Valley.  ALUR Report 73-74-61.  Arctic Land Use Research Program, Department of Indian Affairs and Human Development, Ottawa, Canada. 123 p. 

Scott, R.W. 1974. Successional patterns on moraines and outwash of the Frederika Glacier, Alaska. In: Bushnell, V.C.; Marcus, M.G., eds. Icefield ranges research project scientific results. New York: American Geographical Society: 319-329. Vol. 4.

Shephard, M. E. 1995. Plant community ecology and classification of the Yakutat Foreland, Alaska. R10-TP-56.

Thilenius, J.F. 1990. Woody plant succession on earthquake-uplifted coastal wetlands of the Copper River Delta, Alaska.  Forest Ecology and Management 33/34: 439-462. 

Viereck L.A. 1966. Plant succession and soil development on gravel outwash on the Muldrow Glacier, Alaska. Ecological Monographs. 36(3):181-199. 

Viereck, L. A.  1973.  Ecological effects of river flooding and forest fires on permafrost in the taiga of Alaska.  In:  Permafrost - - The North American Contribution to the Second International Conference.  National Academy of Sciences, Washington, DC.  60-67 p.",16141_68_69_70_71_72_73_74_76_78.docx,,,,,
Forest and Woodland,"73, 74, 75, 76, 77, 78","This Biophysical Setting (BpS) is split into multiple models:
Western North American Boreal Montane Floodplain Forest and Shrubland was split into a boreal and sub-boreal variant for BpS modeling so that regional differences could be represented. For mapping BpS 16142 should apply in level 2 ecoregions (Nowaki et al. 2001): Alaska Range Transition, Pacific Mountains Transition, Coast Mountains Transition, Coastal Rainforests.",This BpS is found throughout the AK sub-boreal region adjacent to rivers.,"The substrate is typically well-drained sand or cobble, although finer silts and clays can be found on higher terraces, in ponds, on distal floodplains, and in lower energy systems. Permafrost is usually absent -- soils tend to be sandy and gravelly at least somewhere within the top one meter, and as a result, do not develop permafrost.","Primary succession on floodplains begins when new alluvial surfaces are colonized by herbaceous, shrub, and tree species. Common early seral woody species include Populus balsamifera ssp. trichocarpa (seedlings), Picea glauca (seedlings), Alnus viridis ssp. sinuata, Alnus incana ssp. Tenuifolia, Salix barclayi, and Salix alaxensis (Boggs 2000, Scott 1974, Shephard 1995, Thilenius 1990, Viereck 1966). Herbaceous species may include Equisetum spp., Chamerion latifolium, Lupinus spp., and Hedysarum spp. The next seral stage includes communities dominated by Populus balsamifera and/or Picea glauca with an understory of Alnus viridis ssp. sinuata, Salix spp. and bryophytes. On dry sites the shrub layer may be dominated by Shepherdia canadensis, Dryas octopetala, D. integrifolia and fruticose lichens (Stereocaulon spp.). As succession continues, the tall shrub component of the early successional stages diminishes rapidly, probably because of decreased light from the dense tree overstory. Populus balsamifera ssp. trichocarpa does not regenerate in the understory and consequently, Picea glauca gains dominance in the overstory within 150yrs. Rosa acicularis and Viburnum edule are common understory shrubs on older surfaces.

BpS Dominant and Indicator Species
Species names are from the NRCS PLANTS database. Check species codes at http://plants.usda.gov.","Flooding is the primary disturbance in this BpS. Flooding can be caused by snowmelt, precipitation, ice jams, and glacial runoff. Different rivers or portions of rivers may be more prone to certain types of flooding, as frequent flooding and channel migration create a pattern of gravel bars and early successional stages across the valley bottom, and sediment deposition raises the surface of the floodplain over time. As the terrace becomes farther removed from the channel, flooding becomes less frequent. Water availability on terraces plays a major role in community structure and composition. Water inputs can come from overbank flow (flooding), ground water, and precipitation. Deposits with high permeability become progressively drier as sediment is added and they become increasingly vertically and horizontally removed from the active channels. 

As discussed in the Riparian Spruce Hardwood Kenai Potential Natural Vegetation Group (PNVG) model description (Murphy and Witten 2006), small, relatively infrequent, mixed severity fires characterize this system due to the sites’ proximity to rivers, which act as fire breaks (Viereck 1973, Barney 1971, Foote 1983). High moisture content of the vegetation, high percentage of deciduous species, and high relative humidity also contribute to making fires less frequent in this system than in typically adjacent upland vegetation types.

This BpS includes two successional pathways: one with a hardwood stage that succeeds to an open spruce stand and the other in which spruce establishes on mineral soil following a flood. Either of these pathways could result in an open or closed mature spruce stand. The successional classes in this model were defined by canopy cover classes in order to make them mappable. As a result, the system may move back and forth between the open and closed successional classes regardless of age.
Fire Frequency 
Fire interval is expressed in years for each fire severity class and for all types of fire combined (All Fires). Average FI is the central tendency modeled. Percent of all fires is the percent of all fires modeled in that severity class. Minimum and Maximum FIs show the relative range of fire intervals as estimated by model contributors, if known.",Linear,"This model applies to forest and shrub systems in the active and inactive portions of the floodplain, but not abandoned floodplains. Oxbows and other wet depressions commonly form on the floodplains. Floodplain Wetlands are a separate ecological system and a separate BpS.",Wetlands that occur on the floodplain are not considered in this model.,,"This model was based on the FRCC Guidebook PNVG model for Riparian Spruce Hardwood Kenai (RSHK; Murphy and Witten 2006) and input from the experts who attended the LANDFIRE Anchorage (Dec. 07) modeling meeting. The relative age function used in the RSHK model was not used in any class except Class A to comply with LANDFIRE modeling rules. Because changes to the VDDT model were relatively minor, Karen Murphy and Evie Witten were retained as modelers and Kori Blankenship's name was added.

In the first draft of the model, Classes D and E were indistinguishable for mapping (because both could be open or closed canopy forest). Tina Boucher reviewed an early draft of this model and confirmed that both successional pathways could lead to either open or closed stands. To correct this, Colleen Ryan defined Class D as open and Class E as closed and added an alternative succession pathway from Class E to Class D. This is meant to represent the possibility that some closed stands could open up over time (after age 150). This change did not substantially change the class landscape percentages.

Succession Classes
Mapping Rules
Succession class letters A-E are described in the Succession Class Description section. Some classes use a leafform distinction where a qualifier is added to the class letter: Brdl (broadleaf), Con (conifer), or Mix (mixed conifer and broadleaf). UN refers to uncharacteristic native or a combination of height and cover that would not be expected under the reference condition. NP refers to not possible or a combination of height and cover which is not physiologically possible for the species in the BpS.


Description
Class A	6				Early Development 1 - All Structures

Indicator Species

Description
Silt is deposited on the inside of river meanders following flood events. Flooding deposits seeds which germinate and take root. Equisetum spp. and Salix spp. colonize in the first year. Within five years Salix spp and black cottonwood seedlings are abundant. Plant cover is 1-2% first year. Shrub cover increases up to 40% by the fifth year, with a diverse herbaceous layer underneath. Occasionally white (or Lutz) spruce will germinate in large numbers on mineral soil after flooding, resulting in a dense, even-aged stand. Common woody species include Alnus viridis ssp. sinuata, Alnus incana ssp. tenuifolia, Salix barclayi and Salix alaxensis (Boggs 2000, Scott 1974, Shephard 1995, Thilenius 1990, Viereck 1966). Herbaceous species may include Equisetum spp., Chamerion latifolium, Lupinus spp. and Hedysarum spp. On dry sites the shrub layer may be dominated by Shepherdia canadensis, Dryas octopetala, D. integrifolia and fruticose lichens (Stereocaulon spp.). 

Maximum Tree Size ClassSeedling/Sapling <5""
Class B	16				Mid Development 1 - Closed

Indicator Species

Description
This class is typically dominated by tall shrubs (Salix spp., Alnus spp.) and saplings with a closed canopy (>60%). Common woody species include Alnus viridis ssp. Sinuata, Alnus incana ssp. Tenuifolia, Salix barclayi, and Salix alaxensis. On dry sites the shrub layer may be dominated by Shepherdia canadensis, Dryas octopetala, D. integrifolia, and fruticose lichens (Steroucaulon spp.). Saplings may consist of black cottonwood with white (or Lutz) spruce in the understory (succession to Class C), or saplings may consist of pure, even-aged spruce (succession to Class E). Saplings overtop shrubs at 20-40yrs when shade-intolerant pioneer shrub species decline and shade-tolerant shrubs (Rosa aciculIaris (prickly rose) or Viburnum edule (high bush cranberry)) become more common and have a canopy cover of 10%.

The alternate succession pathway to Class E represents the possibility that white spruce will germinate in large numbers on mineral soil after flooding, resulting in a dense, even-aged stand. 

Maximum Tree Size ClassSeedling/Sapling <5""
Class C	28				Mid Development 1 - Open

Indicator Species

Description
Black cottonwood is the dominant overstory species. White spruce (or Lutz) is commonly in the understory. Shade-tolerant shrub species persist in the understory. If spruce is present, at approximately 100-150yrs the transition from black cottonwood to white spruce dominance begins (succession to Class D). If white spruce is not present, poplar persists, the stand ages, and individual trees are lost to wind, disease, or rot. Shrub cover commonly increases as the overstory canopy declines.

Maximum Tree Size ClassPole 5–9"" (swd)/5–11"" (hwd)
Class D	38				Late Development 1 - Open

Indicator Species

Description
Spruce gains dominance over poplar and a mixed age, open stand develops. If enough young spruce establishes as poplar declines, the canopy closes again (succession to Class E). Alternatively, the stand may remain open with shrubs in the understory.

Maximum Tree Size ClassMed. 9–20"" (swd)/11–20"" (hwd)
Class E	12				Late Development 1 - Closed

Indicator Species

Description
This class contains closed stands of white (or Lutz) spruce. These stands may be even-aged, resulting from spruce establishment on mineral soil after a flood event (succession from Class A), or mixed age (succession from Class D). If succession is from Class D, occasional mature black cottonwood may persist in the overstory. As the spruce canopy closes feathermoss becomes dominant on the forest floor, reaching 80% cover. Rosa acicularis, Viburnum edule, and Alnus spp. may be scattered in the stand. A low shrub and herb layer may also occupy the forest floor. This class may persist in the absence of disturbance, or the canopy may open up as the stand matures on some sites, causing a transition back to Class D.

Maximum Tree Size ClassMed. 9–20"" (swd)/11–20"" (hwd)
Model Parameters
Deterministic Transitions
Probabilistic Transitions

Optional Disturbances
Optional 1: Flooding","Barney, R.J. 1971. Wildfires in Alaska – some historical and projected effects and aspects. In: Fire in the Northern Environment – a symposium [Fairbanks, Alaska]. P. 51-59.

Boggs, K. 2000. Classification of community types, successional sequences, and landscapes of the Copper River Delta, Alaska. Gen Tech. Rep. PNW-GTR-469. Portland, OR: USDA Forest Service, Pacific Northwest Research Station. 244 pp.

Comer, P., D. Faber-Langendoen, R. Evans, S. Gawler, C. Josse, G. Kittel, S. Menard, C. Nordman, M. Pyne, M. Reid, M. Russo, K. Schulz, K. Snow, J. Teague, and R. White. 2003-present. Ecological systems of the United States: A working classification of U.S. terrestrial systems. NatureServe, Arlington, VA.

Foote, J.M. 1983. Classification, description, and dynamics of plant communities after 
fire in the taiga of Interior Alaska. Res. Pap. PNW-307. Portland, OR. USDA Forest Service. Pacific Northwest Research Station. 108 pp. 

Murphy, K.A. and E. Witten. 2006. Riparian Spruce Hardwood Kenai. In Fire Regime Condition Class (FRCC) Interagency Guidebook Reference Conditions. Available at www.frcc.gov.

Scott, R.W. 1974. Successional patterns on moraines and outwash of the Frederika Glacier, Alaska. In: Bushnell, V.C.; Marcus, M.G., eds. Icefield ranges research project scientific results. New York: American Geographical Society: 319-329. Vol. 4.

Shephard, M.E. 1995. Plant community ecology and classification of the Yakutat Foreland, Alaska. R10-TP-56.

Thilenius, J.F. 1990. Woody plant succession on earthquake-uplifted coastal wetlands of the Copper River Delta, Alaska. Forest Ecology and Management 33/34: 439-462. 

Viereck, L.A. 1966. Plant succession and soil development on gravel outwash on the Muldrow Glacier, Alaska. Ecological Monographs. 36(3): 181-199.

Viereck, L.A. 1973. Ecological effects of river flooding and forest fires on permafrost in the taiga of Alaska. In: Permafrost - - The North American Contribution to the Second International Conference. National Academy of Sciences, Washington, DC. 60-67 pp.",16142_73_74_75_76_77_78.docx,,,,,
Forest and Woodland,"68, 69, 70, 71, 72, 73, 74, 75, 76, 77, 80",,"This Biophysical Setting (BpS) is found in the AK boreal region and in MZ76 associated with high volume interior rivers such as the Yukon, Kuskokwim, Koyukuk, and Tanana Rivers.","This BpS includes large floodplains associated with high volume interior rivers. The flooding regime is characterized by large spring floods at ice break-up caused by ice jams or summer floods caused by extreme rain events, the latter sometimes in combination with glacial melt. The active flooding zone often can be several kilometers wide (NatureServe 2008). Permafrost can be present in small lenses. It is very common on the Yukon River floodplain in the Yukon Flats (Kingslough & Chetlechak soils) and within the Yukon Charley River National Preserve. Ice scouring and ice dams are important dynamics that result in regeneration of willow carrs on the active floodplain and less frequently on higher terraces (NatureServe 2008). Wetland development in abandoned channels is intermixed with succession on more mesic sites (NatureServe 2008).","Primary succession on floodplains begins when new alluvial surfaces are colonized by herbaceous, shrub, and tree species. Common woody species include Populus balsamifera, Picea glauca, Alnus viridis ssp. Sinuate, A. alnobetula ssp. sinuata (more common south of the Alaska Range), A. viridis ssp. fruticosa (more common north of the Alaska Range), A. incana ssp. tenuifolia, Salix barclayi, S. interior, and S. alaxensis (Boggs 2000; Scott 1974; Shephard 1995; Thilenius 1990; Viereck 1966). Common early seral herbaceous species may include Lupinus spp., Hedysarum spp., Equisetum spp., Artemisia tilesii, Eurybia sibirica, Chamerion latifolia, and Elymus spp. A subsequent seral stage could include communities dominated by Populus balsamifera ssp. balsamifera and/or (less commonly) Picea glauca with an understory of Alnus viridis ssp. sinuata, Salix spp., or uniform stands of Salix alaxensis. The tall shrub component of the early successional stages diminishes rapidly because of decreased light from the dense tree overstory, and high levels of herbivory by moose or snowshoe hares may accelerate succession (Butler et al. 2007; Chapin et al. 2006). Populus balsamifera does not regenerate in the understory and consequently, Picea glauca gains dominance in the overstory within 150yrs. Rosa acicularis, Cornus sericea, and Viburnum edule are common understory shrubs in semi-open older stands. Bryophytes like Hylocomim splendens can dominate.

Eight general successional stages were described for the Tanana River floodplain (Van Cleve and Viereck): 
bare surface (0-1 years) 
bare surface, salt crust (1-2 years)
open shrub (2-5 years)
closed shrub (5-10 years) 
young balsam poplar (20-40 years)
mature balsam poplar, young white spruce, alder (80-100 years) 
old balsam poplar, young white spruce (125-175 years)
mature white spruce (200-300 years) 
See also: Boreal Scrub Loamy Flood Plain Low, Ecological Site XA232X01Y200 for 1-4; Boreal Forest Loamy Flood Plain Middle, Ecological Site XA232X01Y202 for 5-6; Boreal Forest Loamy Flood Plain High, Ecological Site XA232X01Y204 for 7-8.

However, Hollingsworth and others (2010) note that many different successional trajectories are possible. 
BpS Dominant and Indicator Species
Species names are from the NRCS PLANTS database. Check species codes at http://plants.usda.gov.","Flooding can be caused by snowmelt, precipitation, ice jams, and glacial runoff. Different rivers or portions of rivers may be more prone to certain types of flooding. Frequent flooding and channel migration create a pattern of gravel bars and early successional stages across the valley bottom. Sediment deposition raises the surface of the floodplain over time. The floodplain transitions to a terrace as the soil surface becomes farther removed from the channel, and subsequently flooding becomes less frequent. Water availability on terraces plays a major role in community structure and composition. Water inputs are from overbank flow (flooding), ground water, and precipitation. Deposits with high permeability become progressively drier as they are vertically and horizontally removed from the active channels. 

Oxbows and other wet depressions commonly form on the floodplains and develop into wetlands. Succession and species composition is variable due to diverse environmental conditions such as water depth, substrate, and nutrient input. Aquatic bed, marsh, and fen communities are common. 
Fire frequency in floodplain systems is considerably less than that of the surrounding terrain because channels can act as fuel breaks. According to Heinselman (1981), of the boreal forests in Alaska and Canada: ""the longest fire cycles were probably in white spruce forests on the floodplains of major rivers where cycles may have been as long as 200 to 300 years. Perhaps some floodplain forests never burned."" Of the few fire history studies on white spruce floodplain sites reviewed by Abrahamson (2014) studies on the Mackenzie River found sites that had not burned in 300 years (Heinselman1981, Rowe et al. 1984), and a study along the Tanana River found a 70-100 year interval between fires (Mann et al. 1995). The Fire Regime Synthesis of quaking aspen and balsam poplar (Fryer 2014) reported a fire cycle (not fire return interval) of 146 years for quaking aspen-paper birch on the Yukon River (Kasischke & Williams 2002) and a fire cycle of 26 years for a mixed quaking aspen, paper birch, and balsam poplar stand on the Porcupine River (Yarie 1981). Early seral vegetation is less flammable than mature boreal forest, which may develop an organic soil layer that can spread fire into the floodplain in dry years. Fires burn in an irregular pattern due to the variability of vegetation and soil moisture, resulting in a high degree of edge. For additional information about fire regimes in Alaskan floodplain communities, see Fire Regimes of Alaskan white spruce communities (Abrahamson 2014).
Fire Frequency 
Fire interval is expressed in years for each fire severity class and for all types of fire combined (All Fires). Average FI is the central tendency modeled. Percent of all fires is the percent of all fires modeled in that severity class. Minimum and Maximum FIs show the relative range of fire intervals as estimated by model contributors, if known.",Linear,"This system is found adjacent to a range of upland systems, including hardwoods (birch-dominated), upland white spruce, white spruce-hardwood, as well as all boreal black spruce types.","Frequency of major flood events on the larger rivers seems to be lower compared with the middle 20th century, as evident from the age of Salix alaxensis cohorts on higher terraces. With the advent of climate change and changing weather patterns, historical ice scouring/jamming and flooding events are no longer common. The decline in floods that deposit a silt cap for willow and poplar regeneration and in ice scouring that rejuvenates willows could have a major impact on reducing the amount of available winter forage for moose, an important game species in Interior Alaska.",,"8/2022 – A reviewer stated that while uncertain about the pre-colonial fire regime in the Yukon Flats along the Yukon/Porcupine Rivers current data from NRCS suggests that “it burns pretty commonly here. We sampled 263 plots in this system and 58 were in some stage of fire succession with 18 having burned within 10 years or so of sampling.” Kori Blankenship adjusted the modeled MFRI from 294 to 263 years based on the reviewer’s comments as well as the relative fire frequency rankings developed for boreal forest BpS during the Boreal Forest BpS Review Work Session in February 2022. The change in fire frequency had almost no effect on the succession class proportions.

During LANDFIRE National, this BpS was created for the AK Boreal region and did not receive review for other regions in the state. This model was based on the FRCC Guidebook Potential Natural Vegetation Group (PNVG) model for Riparian Spruce Hardwood (RISH; Murphy and Witten 2006), input from the experts who attended the LANDFIRE Fairbanks (Nov. 07) modeling meeting and was refined by Kori Blankenship and Robert Lambrecht. The resulting model is similar to RISH but with minor adjustments to some of the class ages, including the removal of replacement fire in Class D, and the removal of the relative age setting for mixed fire in Class B, which violated LANDFIRE modeling rules.

The vegetation description is closely based on the Ecological System description (NatureServe 2008), with minor edits by Robert Lambrecht.

Succession Classes

Mapping Rules
Succession class letters A-E are described in the Succession Class Description section. Some classes use a leafform distinction where a qualifier is added to the class letter: Brdl (broadleaf), Con (conifer), or Mix (mixed conifer and broadleaf). UN refers to uncharacteristic native or a combination of height and cover that would not be expected under the reference condition. NP refers to not possible or a combination of height and cover which is not physiologically possible for the species in the BpS.


Description
Class A	4				Early Development 1 - All Structures

Indicator Species

Description
Post disturbance regeneration. This class can include gravel bar, herbs, shrub regeneration, and seedlings. Silt is deposited on the inside of river meanders following flood events, although it can occur on higher terraces. Flooding deposits seeds which germinate and take root. Equisetum spp. and Salix spp. colonize in the first year. Within five years Salix spp. and balsam poplar seedlings are abundant. Plant cover is 1-20% in the first year. Shrub cover increases up to 40% by the fifth year, with a diverse herbaceous layer underneath. Lupinus spp. and Hedysarum spp. are common herbaceous species in this stage.
Maximum Tree Size ClassSeedling/Sapling <5""
Class B	12				Mid Development 1 - Closed

Indicator Species

Description
Tall shrubs (Salix spp., Alnus spp., Populus balsamifera) and saplings with a closed canopy (>60%). Saplings may consist of Salix alaxensis (dominant) or balsam poplar, with white spruce in the understory (succession to Class C). Saplings may also consist of pure, even-aged spruce (succession to Class E). Saplings overtop shrubs at 15-40yrs when shade-intolerant pioneer shrub species decline, and shade-tolerant shrubs (Rosa acicularis, Viburnum edule) become more common and have a canopy cover of 10%. Uncommonly, white spruce may germinate in large numbers on mineral soil after flooding, resulting in a dense, even-aged stand.

The alternate succession pathway represents the possibility that white spruce will germinate in large numbers on mineral soil after flooding, resulting in a dense, even-aged stand. 

Maximum Tree Size ClassSeedling/Sapling <5""
Class C	52				Mid Development 2 - All Structures

Indicator Species

Description
Balsam poplar is the dominant overstory species, though white spruce may co-dominate. White spruce is commonly in the understory. Shade-tolerant shrub species persist in the understory. If spruce is present, at approximately 100-150yrs the transition from balsam poplar to white spruce dominance begins (succession to Class D). If white spruce is not present, poplar persists, the stand ages and individual trees are lost to wind, disease, or rot. Shrub cover commonly increases as the overstory canopy declines. Stands tend to be closed but can be open depending on site conditions.
Maximum Tree Size ClassMed. 9–20"" (swd)/11–20"" (hwd)
Class D	24				Late Development 1 - Open

Indicator Species

Description
Open white spruce. Spruce gains dominance over poplar and a mixed age, open stand develops. If enough young spruce establishes as poplar declines, the canopy closes again (succession to Class E). Alternatively, the stand may remain open with shrubs in the understory. Feathermosses may dominate the forest floor.

Maximum Tree Size ClassMed. 9–20"" (swd)/11–20"" (hwd)
Class E	8				Late Development 1 - Closed

Indicator Species

Description
Closed white spruce. These stands can be even-aged, resulting from spruce establishment on mineral soil after a flood event (succession from Class B), or mixed age (succession from Class D). If succession is from Class D, occasional mature balsam poplar may persist in the overstory. As the spruce canopy closes, feathermoss becomes dominant on the forest floor, reaching 80% cover. Rosa acicularis, Viburnum edule, and Alnus spp. may be scattered in the stand. A low shrub and herb layer may also occupy the forest floor.

In the absence of disturbance, this class is self-replacing, with single tree or larger openings filled in by white spruce seedlings established in the understory. If the class begins as an even-aged stand, it will become uneven-aged over time.
Maximum Tree Size ClassMed. 9–20"" (swd)/11–20"" (hwd)
Model Parameters
Deterministic Transitions
Probabilistic Transitions

Optional Disturbances
Optional 1: Flooding","Abrahamson, Ilana L. 2014. Fire regimes of Alaskan white spruce communities. In: Fire Effects Information System, [Online]. U.S. Department of Agriculture, Forest Service, Rocky Mountain Research Station, Fire Sciences Laboratory (Producer). Available: https://www.fs.fed.us/database/feis/fire_regimes/AK_white_spruce/all.html#57html [2021, May 12].

Abrahamson, Ilana. 2015. Picea glauca, white spruce. In: Fire Effects Information System, [Online]. U.S. Department of Agriculture, Forest Service, Rocky Mountain Research Station, Fire Sciences Laboratory (Producer). Available: http://www.fs.fed.us/database/feis/plants/tree/picgla/all.html [2016, October 28].

Boggs, K. 2000. Classification of community types, successional sequences, and landscapes of the Copper River Delta, Alaska. Gen Tech. Rep. PNW-GTR-469. Portland, OR: USDA Forest Service, Pacific Northwest Research Station. 244p.

Butler, L.G., K. Kielland, T.S. Rupp, and T.A. Hanley. 2007. Interactive controls of herbivory and fluvial dynamics over vegetation patterns along the Tanana River, interior Alaska. J. Biogeography 34:1622-1631.

Chapin, F.S., III, L.A. Viereck, P.C. Adams, K. Van Cleve, C.L. Fastie, R.A. Ott, D. Mann, and J.F. Johnstone. 2006. Successional processes in the Alaskan boreal forest. In Alaska’s Changing Boreal Forest. F.S. Chapin III, M.W. Oswood, K. Van Cleve, L.A. Viereck, and D.L. Verbyla, editors. New York, Oxford University Press. Pages 100-120.

Fryer, Janet L. 2014. Fire regimes of Alaskan quaking aspen and balsam poplar communities. In: Fire Effects Information System, [Online]. U.S. Department of Agriculture, Forest Service, Rocky Mountain Research Station, Missoula Fire Sciences Laboratory (Producer). Available: http://www.fs.fed.us/database/feis/fire_regimes/AK_aspen_balsam_poplar/all.html 

Heinselman, Miron L. 1981. Fire intensity and frequency as factors in the distribution and structure of northern ecosystems. In: Mooney, H. A.; Bonnicksen, T. M.; Christensen, N. L.; Lotan, J. E.; Reiners, W. A., technical coordinators. Fire regimes and ecosystem properties: Proceedings of the conference; 1978 December 11-15; Honolulu, HI. Gen. Tech. Rep. WO-26. Washington, DC: U.S. Department of Agriculture, Forest Service: 7-57. 

Hollingsworth, Teresa N.; Lloyd, Andrea H.; Nossov, Dana R.; Ruess, Roger W.; Charlton, Brian A.; Kielland, Knut. 2010. Twenty-five years of vegetation change along a putative successional chronosequence on the Tanana River, Alaska. Canadian Journal of Forest Research. 40(7): 1273-1287.

Kasischke, Eric S.; Williams, David; Barry, Donald. 2002. Analysis of the patterns of large fires in the boreal forest region of Alaska. International Journal of Wildland Fire. 11(2): 131-144. 
Mann, Daniel H.; Fastie, Christopher L.; Rowland, Erika L.; Bigelow, Nancy H. 1995. Spruce succession, disturbance, and geomorphology on the Tanana River floodplain, Alaska. Ecoscience. 2(2): 184-199. 
Murphy, K.A. and E. Witten. 2006. Riparian Spruce Hardwood. In: Fire Regime Condition Class (FRCC) Interagency Guidebook Reference Conditions. Available at www.frcc.gov.

NatureServe. 2008. International Ecological Classification Standard: Terrestrial Ecological Classifications. Draft Ecological Systems Description for Alaska Boreal and Sub-boreal Regions.

Rowe, J. S.; Bergsteinsson, J. L.; Padbury, G. A.; Hermesh, R. 1974. Fire studies in the Mackenzie Valley. ALUR 73-74-61. Ottawa, ON: Canadian Department of Indian and Northern Development. 123 p.

Scott, R.W. 1974. Successional patterns on moraines and outwash of the Frederika Glacier, Alaska. In: Bushnell, V.C.; Marcus, M.G., eds. Icefield ranges research project scientific results. New York: American Geographical Society: 319-329. Vol. 4.

Shephard, M. E. 1995. Plant community ecology and classification of the Yakutat Foreland, Alaska. R10-TP-56.

Thilenius, J.F. 1990. Woody plant succession on earthquake-uplifted coastal wetlands of the Copper River Delta, Alaska. Forest Ecology and Management 33/34: 439-462.

Van Cleve, Keith; Viereck, Leslie A. 1981. Forest succession in relation to nutrient cycling in the boreal forest of Alaska. In: Fire and succession in conifer forests of North America. New York: Springer-Verlag: 185-211.

Viereck L.A. 1966. Plant succession and soil development on gravel outwash on the Muldrow Glacier, Alaska. Ecological Monographs. 36(3):181-199.

Yarie, John. 1981. Forest fire cycles and life tables: a case study from interior Alaska. Canadian Journal of Forest Research. 11(3): 554-562.",16150_68_69_70_71_72_73_74_75_76_77_80.docx,,,,,
Forest and Woodland,"70, 71, 72, 73, 74, 75, 76, 77, 78, 80",,This Biophysical Setting (BpS) occurs along streams throughout the boreal and sub-boreal regions of AK.,"This BpS is found as a narrow band of vegetation along streams in low gradient and low volume drainages (NatureServe 2008). Although seasonal overbank flooding may occur, it generally does not result in shifting channels or gravel bar formation (NatureServe 2008). The well-drained soils have thin to moderately thick organic horizons at the surface (indicative of infrequent flooding), are strongly acidic, lack permafrost, and have deep water tables (Jorgenson et al. 1999). Drainageways/small order streams on steep gradients in the mountains tends to have gravelly substrates while water bodies occurring on low sloping areas (like in rolling boreal hills or plains) tend to be silty. 
The steeper gradient-gravelly drainages with dry soils tend to be Alnus dominant (Cryorthents). The steeper-gradient-gravelly drainages with wet soils tend to be Salix pulchra-Vacinnium-sedge dominant (Cryaquents). The low-gradient silty drainages tend to be Picea glauca dominant on drier soils, and on Aquorthels (moist permafrost soils), Picea mariana-dominated communities (Spellman pers. comm. 2022).","The mature phase of this system is dominated by Picea glauca, Betula neoalaskana, and Picea mariana. Populus balsamifera (P. balsamifera ssp. trichocarpa in sub boreal) and Populus tremuloides are common early seral species on some sites. Picea mariana is more common and more likely to be dominant in the northern parts of this system’s range. Common understory species include Alnus tenuifolia, Rosa acicularis, Calamagrostis canadensis, Cornus canadensis, Equisetum arvense, Hylocomium splendens and Rhytidiadelphus triquetrus (Jorgenson et al. 1999).

Immediately adjacent to the stream bank and in recently burned areas, tall shrubs including Alnus tenuifolia, Salix. alaxensis, S. bebbiana and S. lasiandra tend to dominate, with Carex spp. and Calamagrostis canadensis in the understory (NatureServe 2008, Jorgenson et al. 1999).
BpS Dominant and Indicator Species
Species names are from the NRCS PLANTS database. Check species codes at http://plants.usda.gov.","Seasonal overbank flooding may occur, but it generally does not result in shifting channels or gravel bar formation (NatureServe 2008). As a result, flooding typically only acts as a disturbance in a narrow zone along the bank. This zone will typically remain in a self-replacing shrub stage. Beaver activity may play a role in the dynamics of this system, but it is not included in the model due to the limited scale of these impacts.

Riparian forest and shrub stringers typically burn less frequently than adjacent vegetation types and tend to act as fire breaks. Because of the linear nature of this system, fire frequencies are strongly influenced by surrounding vegetation types. In the Sub-boreal region, surrounding vegetation is more likely to be white spruce and hardwood forest. In the northern boreal region, adjacent forest is more likely to be a black spruce dominant that burns more frequently. However, this system may also occur in tundra areas where there is a gap in the permafrost layer along the riparian corridor. The riparian stringer in this environment will have a very low fire frequency. As a result, fire frequencies are likely to be more variable in the boreal region compared with the Sub-boreal region. Patchy, mixed severity fire is thought to be more common in this type than in most other spruce-hardwood types.

Fire Frequency
Fire interval is expressed in years for each fire severity class and for all types of fire combined (All Fires). Average FI is the central tendency modeled. Percent of all fires is the percent of all fires modeled in that severity class. Minimum and Maximum FIs show the relative range of fire intervals as estimated by model contributors, if known.",Linear,See the Disturbance Description for more information on adjacent types.,"The main factor controlling the disturbance regime in this BpS is its ecological setting. Ideally, we would create a separate model for this system on sites where the adjacent systems are non-forested. If these sites cannot be distinguished, then it is probably not worth creating separate models for the boreal and Sub-boreal regions, as the fire return interval (FRI) is probably similar for the two regions.

A reviewer noted that the age of transition from the shrub/sapling class to the forest class may vary widely depending on the tree species present. Hardwoods will begin to overtop the shrubs around age 15, but this stage will be very difficult to distinguish from the shrub stage using satellite imagery. Spruce-dominated stands may not transition from Class A to B for much longer, as it may take black spruce 30yrs to reach 3m in height.

Classes B and C may overlap in canopy composition. For the purposes of this model, it has been assumed that Class B will have >50% hardwoods in the canopy and Class C will have >50% spruce, but there will be exceptions to this rule in reality.",,"8/2022 - Kori Blankenship adjusted the modeled mean fire return interval (MFRI) from 156 to 303 years based on the relative fire frequency rankings developed for boreal forest BpS during the Boreal Forest BpS Review Work Session in February 2022. The change in fire frequency changed the succession class proportions from 9, 41, 50 to 5, 27, 68 in classes A-C respectively.

Reviewer Ilana Abrahamson noted that she found no published fire history studies on this BpS in a 2014 literature review.

During LANDFIRE National, this model was created for the AK boreal region and did not receive review for the arctic region. The draft version of this model was created by Nancy Fresco and Colleen Ryan based in part on input from the experts who attended the LANDFIRE Anchorage (Dec. 07) modeling meeting. Extensive review by the Alaska Dept. of Natural Resources Div. of Forestry led to extensive changes to the model. As a result, lead reviewer Douglas Hanson was added as a modeler. The other Div. of Forestry reviewers, Marc Lee, Northern Region Forest Manager, and Tom Kurkowski, GIS specialist, were listed as reviewers. Will Putnam (wputman@tananachiefs.org) reviewed an early draft of this model.
Succession Classes
Mapping Rules
Succession class letters A-E are described in the Succession Class Description section. Some classes use a leafform distinction where a qualifier is added to the class letter: Brdl (broadleaf), Con (conifer), or Mix (mixed conifer and broadleaf). UN refers to uncharacteristic native or a combination of height and cover that would not be expected under the reference condition. NP refers to not possible or a combination of height and cover which is not physiologically possible for the species in the BpS.


Description
Class A	5				Early Development 1 - All Structures

Indicator Species

Description
Shrub-sapling. This stage is dominated by shrubs, but trees begin to sprout, and saplings may be present. Around age 15, the hardwood saplings will begin to overtop the shrubs, though the spruce saplings will still be in the understory. 

Common shrub species include a variety of Salix spp. and Alnus tenuifolia. Herbs frequently include Calamagrostis canadensis, Equisetum arvense and Carex spp. 

This class includes those areas immediately adjacent to the stream bank that are dominated by shrubs maintained by frequent flooding. These areas are unlikely to burn. Flooding in this class is meant to represent these areas.

Maximum Tree Size ClassSeedling/Sapling <5""
Class B	26				Mid Development 1 - All Structures

Indicator Species

Description
White spruce-hardwood mix. This is a mixed white spruce/black spruce/hardwood forest. Black spruce is more common, and hardwoods are less common in the northern boreal region. Early in this age range, hardwoods will dominate the overstory. Spruce species typically will not overtop the shrub layer until age 30-50. By the end of this age range, the canopy will typically be dominated by a mixture of birch and spruce.

Species composition is highly variable in this class, depending on landscape context, site characteristics, disturbance history and available seed sources. Picea glauca, Betula neoalaskana, Populus balsamifera, P. balsamifera ssp. trichocarpa, Alnus spp. and Salix spp. typically dominate the overstory, though Picea mariana may be common, especially in the northern boreal region. The understory commonly includes Rosa acicularis, Carex spp., and Calamagrostis canadensis. Though species composition is highly variable, this class can be distinguished for mapping purposes by canopy composition (>50% hardwoods).

Maximum Tree Size ClassPole 5–9"" (swd)/5–11"" (hwd)
Class C	69				Late Development 1 - All Structures

Indicator Species

Description
Mature spruce forest. This class is typically dominated by mature spruce (>50% spruce in the canopy). More northern sites will have more black spruce, while more southern sites will be mostly white spruce. However, when these stands extend to the far north of the Boreal region, such as the south slopes of the Brooks Range, white spruce will dominate over black spruce. Birch frequently persists in the canopy but typically will constitute <50% of the canopy.

Understory plants include Alnus tenuifolia, Rosa acicularis, Cornus canadensis, Equisetum arvense, Hylocomium splendens, and Rhytidiadelphus triquetrus (Jorgenson et al. 1999).

Maximum Tree Size ClassMed. 9–20"" (swd)/11–20"" (hwd)
Model Parameters
Deterministic Transitions
Probabilistic Transitions

Optional Disturbances
Optional 1: Flooding","Foote, M. Joan. 1983. Classification, description, and dynamics of plant communities after fire in the Taiga of Interior Alaska. Res. Pap. PNW-307. Portland, OR: USDA Forest Service, Pacific Northwest Forest and Range Experiment Station. 108 pp.

Jorgenson, M. T., J. E. Roth, M. K. Raynolds, M. D. Smith, W. Lentz, A. L. Zusi-Cobb, and C. H. Racine. 1999. An ecological land survey for Fort Wainwright, Alaska. U.S. Army Cold Regions Research and Engineering Laboratory, Hanover, NH. CRREL TR-99-9. 92 pp.

NatureServe. 2008. International Ecological Classification Standard: Terrestrial Ecological Classifications. Draft Ecological Systems Description for Alaska Boreal and Sub-boreal Regions.

Viereck et al. 1992. The Alaska vegetation classification. Pacific Northwest Research Station, USDA Forest Service, Portland, OR. Gen. Tech. Rep. PNW-GTR286. 278 p.",16160_70_71_72_73_74_75_76_77_78_80.docx,,,,,
Woody Wetland,"68, 70, 71, 72, 73, 74, 75, 76, 77, 78",,This Biophysical Setting (BpS) occurs throughout the sub-boreal region of AK and on sites without permafrost in the boreal region.,"This BpS occurs in shallow depressions and basins, pond margins, floodplain depressions, and thermokarst pits with an open hydrologic regime. Fens are nutrient-rich and can have a thick peat layer that may be floating or submerged. Standing water is usually present (Viereck et al. 1992).","Dominant species may include Menyanthes trifoliata, Equisetum fluviatile, Comarum palustre, Calla palustris, Eriophorum angustifolium, and Carex aquatilis (Viereck et al. 1992). Other common but non-dominant species include Caltha palustris, Chamaedaphne calyculata, Cicuta virosa (= Cicuta mackenzieana), Drosera spp., Galium trifidum, Rumex arcticus, and Utricularia spp. (Racine and Walters 1994). Shrubs, including Andromeda polifolia, Myrica gale, Salix candida, Betula nana, and Alnus incana ssp. tenuifolia, are occasionally present but do not exceed 25% cover. Aquatic plants such as Myriophyllum spicatum, Hippuris vulgaris, Potamogeton spp., and Sparganium spp. may be present, and aquatic mosses are often present (Viereck et al. 1992).
BpS Dominant and Indicator Species
Species names are from the NRCS PLANTS database. Check species codes at http://plants.usda.gov.","In boreal wetlands the general successional trend is from marsh to fen to treed bog; however, succession is not necessarily directional, and environmental conditions, such as nutrient content and abundance of groundwater, may prevent fens from developing into bogs (Zoltai et al. 1988). Succession begins in ponds or low-lying wetlands formed by processes such as glacial recession and floodplain dynamics (oxbows). An organic root mat typically develops and is either anchored to the mineral soil or floating on water such as a pond's edge. Over time, peat-forming mosses and sedges may fill in the basin. As the peat layer develops, low and/or dwarf-shrubs become established. Dwarf-trees may establish on the well-developed peat and also around the margin of the peatland.

Many peatlands on the Kenai Lowland formed in kettles after remnant glacial ice melted. In this region, there is a trend toward peatlands drying and ponds shrinking and filling in (Klein et al. 2005). In the boreal region, fens are often associated with thermokarst processes and flood plain depressions.

In 2015, an extensive literature search was done by Fire Effects Information System staff to locate information for a synthesis on fire regimes of Alaskan wet and mesic herbaceous systems (Innes 2015). The review indicated that most wetland communities in Alaska can have fires during severe weather, but that fens are the least likely to burn because of they have a relatively high water level (Innes 2015). Zoltai et al. (1998) estimated a surface fire return interval of 300 years in fens in subboreal and boreal fens in North America and stated that peat fires in fens were rare.
Fire Frequency 
Fire interval is expressed in years for each fire severity class and for all types of fire combined (All Fires). Average FI is the central tendency modeled. Percent of all fires is the percent of all fires modeled in that severity class. Minimum and Maximum FIs show the relative range of fire intervals as estimated by model contributors, if known.",Small patch to large patch,,"According to the review “Fire regimes of Alaskan wet and mesic herbaceous systems” (Innes 2015): “Fire history studies in Alaskan herbaceous peatland systems are scarce, and our knowledge is incomplete.” This report also notes: “LANDFIRE models estimate the portions of replacement, surface, and mixed-severity fires likely in this system but do not include ground fire, which is an integral fire type in this system.”",,"This BpS concept is similar to the Ecological Site Description: Boreal Herbaceous Peat Flood Plain Depressions (ECOLOGICAL SITE XA232X01Y207).

During LANDIFRE National, this BpS was described and modeled by Torre Jorgenson as a complex of systems including marsh, fen, wet meadow, and low shrub peatlands. In 2021 Pat Comer and Kori Blankenship extensively revised the description and model based on major revisions to the Ecological Systems classification for Alaska. As a result, model authorship was changed. 

Succession Classes

Mapping Rules
Succession class letters A-E are described in the Succession Class Description section. Some classes use a leafform distinction where a qualifier is added to the class letter: Brdl (broadleaf), Con (conifer), or Mix (mixed conifer and broadleaf). UN refers to uncharacteristic native or a combination of height and cover that would not be expected under the reference condition. NP refers to not possible or a combination of height and cover which is not physiologically possible for the species in the BpS.


Description
Class A	100				Early Development 1 - All Structures

Indicator Species

Description
This class includes fen vegetation, often with standing water. Common species include Menyanthes trifoliata, Comarum palustre (syn. Potentilla palustris), Equisetum fluviatile, and Carex aquatilis.

This class may persist under stable hydrologic conditions (frequent flooding). Under drying conditions, it can develop into a wet meadow, and with increased water level it can develop into a marsh.

Maximum Tree Size ClassNone
Model Parameters
Deterministic Transitions
Probabilistic Transitions","DeVelice, R.L., Hubbard, C.J., Boggs, K. et al. 1999. Plant community types of the Chugach National Forest. Tech. Publ. R10-TP-76. Juneau, AK: USDA Forest Service, Alaska Region. 375 p.

Gracz, M., Noyes, K, North, P., Tande, G. 2005 Wetland Mapping and Classification of the Kenai Lowland, Alaska. http://www.kenaiwetlands.net/

Innes, Robin J. 2015. Fire regimes of Alaskan wet and mesic herbaceous systems. In: Fire Effects Information System, [Online]. U.S. Department of Agriculture, Forest Service, Rocky Mountain Research Station, Missoula Fire Sciences Laboratory (Producer). Available: http://www.fs.fed.us/database/feis/fire_regimes/AK_wet_herbaceous/all.html [2016, August 2].

Jorgenson, M.T. et al. 2003. An ecological land survey for Fort Richardson, Alaska. Cold Regions Research and Engineering Laboratory, Hanover, New Hampshire, ERDC/CRREL TR-03019.

Klein, Eric, Edward E. Berg, and Roman Dial. ""Wetland drying and succession across the Kenai Peninsula Lowlands, south-central Alaska."" Canadian Journal of Forest Research 35.8:1931-1941.

National Wetlands Working Group. 1997. Wetlands of Canada. C.D.A Rubec (ed.). Ecological Land Classification Series No. 24. Environment Canada, Ottawa, and Polyscience Publications Inc., Montreal. 452 p.

NatureServe. 2008. International Ecological Classification Standard: Terrestrial Ecological Classifications. Draft Ecological Systems Description for Alaska Boreal and Sub-boreal Regions.

Racine C.H., and J.C. Walters. 1994. Groundwater-Discharge Fens in the Tanana Lowlands, Interior Alaska, U.S.A., Arctic and Alpine Research, 26:4, 418-426.

Viereck et al. 1992. The Alaska vegetation classification. Pacific Northwest Research Station, USDA Forest Service, Portland, OR. Gen. Tech. Rep. PNW-GTR286. 278 p.

Zoltai, S.C., L.A. Morrissey, G.P. Livingston, and W.J. de Groot. 1998. Effects of fires on carbon cycling in North American boreal peatlands. Environmental Review. 6(1): 13-24.

Zoltai, S.C., Taylor, S., Jeglum, J.K., Mills, G.F. and Johnson, J.D., 1988. Wetlands of boreal Canada. Wetlands of Canada, Ecological Land Classification Series, 24, pp.97-154.",16180_68_70_71_72_73_74_75_76_77_78.docx,,,,,
Woody Wetlands,"68, 69, 70, 71, 72, 73, 74, 75, 76, 77, 78",,"This Biophysical Setting (BpS) extends across lowlands of the western boreal and boreal transition regions of North America, including Alaska, with occurrences in inland British Columbia, and is not associated with permafrost processes. These wetlands are also found at higher temperate and boreal latitudes of Canada, extending south into the Pacific Maritime and Rocky Mountain divisions.","This BpS occurs in lowlands of the boreal and boreal transition regions of Alaska and includes low, shrub-dominated wetlands. Sites may be wetlands or hydrologically closed bogs and poor fens (systems with little or no groundwater inputs) with thick (>40 cm) peat deposits. However, peat depth is variable and can be less than 40 cm deep. Organic soils are acidic and nutrient-poor. Soils are saturated for at least a portion of the growing season, and permafrost is absent. It includes basin or blanket bogs.","Common species include Vaccinium oxycoccos (= Oxycoccus microcarpos), Andromeda polifolia, Vaccinium uliginosum, Ledum palustre ssp. decumbens, Ledum groenlandicum, Betula nana, Rubus chamaemorus, Empetrum nigrum, Myrica gale, Comarum palustre, Salix fuscescens, Salix pulchra, Chamaedaphne calyculata, Calamagrostis canadensis, Carex aquatilis, Carex microglochin, Carex rotundata, Carex rariflora, Carex lasiocarpa, Carex limosa, Carex chordorrhiza, Carex livida, Carex pluriflora, Carex pauciflora, Carex stylosa, Carex membranacea, Eriophorum brachyantherum, Eriophorum angustifolium, Calla palustris, and Drosera spp. (DeVelice et al. 1999, Jorgenson et al. 2003, Gracz et al. 2005). Sphagnum spp. are usually abundant in the ground layer. Myrica gale and Chamaedaphne calyculata indicate poor fen conditions.
BpS Dominant and Indicator Species
Species names are from the NRCS PLANTS database. Check species codes at http://plants.usda.gov.","In boreal wetlands the general successional trend is from marsh to fen to treed bog; however, succession is not necessarily directional, and environmental conditions, such as nutrient content and abundance of groundwater, may prevent fens from developing into bogs (Zoltai et al. 1988). Succession begins in shallow ponds or low-lying wetlands formed by processes such as glacial recession and floodplain dynamics (oxbows) or thermokarsts. An organic root mat typically develops and is either anchored to the mineral soil or floating on water such as a pond's edge. Over time, peat-forming mosses and sedges may fill in the basin. As the peat layer develops, low and/or dwarf-shrubs become established. Dwarf-trees may establish on the well-developed peat and also around the margin of the peatland. Many peatlands on the Kenai Lowland formed in kettles after remnant glacial ice melted. In this region there is a trend toward peatlands drying and ponds shrinking and filling in (Klein et al. 2005). 
Permafrost degradation leading to collapse scars and thaw ponds is common in boreal Alaska, and studies from the Tanana Flats show areas of widespread degradation (Racine et al. 1998, Jorgenson et al. 2001a, 2001b, 2003). Thaw ponds form when ice-rich permafrost degrades and collapses forming a basin. Aquatic plants rapidly colonize the pond. Over time, marsh plants and sphagnum moss invade creating peatland conditions. This trend is leading to widespread ecosystem conversion in the Tanana Flats (Jorgenson et al. 2001b). If a collapse scar is isolated, succession follows a bog development model, whereas in an open hydrologic setting, succession follows a fen development model. Pond systems may become connected as adjacent permafrost thaws.
Succession to peatlands can also occur through paludification of previously forested landscapes. Restricted drainage from permafrost development (on inactive alluvial terraces, for example) can lead to the establishment of Sphagnum spp. or other peat-forming mosses or sedges, and overtime, peatland plants dominate the site.
Fire Frequency Results",Large patch (small patch),,,,"In 2021 Pat Comer drafted this description based on NatureServe’s updated Ecological Systems classification for AK. This concept was not described or modeled by LANDFIRE prior to 2021. Kori Blankenship created a simple one-box model to represent the BpS dynamics.

Succession Classes
Mapping Rules
Succession class letters A-E are described in the Succession Class Description section. Some classes use a leafform distinction where a qualifier is added to the class letter: Brdl (broadleaf), Con (conifer), or Mix (mixed conifer and broadleaf). UN refers to uncharacteristic native or a combination of height and cover that would not be expected under the reference condition. NP refers to not possible or a combination of height and cover which is not physiologically possible for the species in the BpS.


Description
Class A	100				Mid Development 1 - All Structures

Indicator Species

Description
This class represents the Shrub-Sedge Bog and Acidic Fen community. This class persists indefinitely under appropriate hydrological conditions.

Maximum Tree Size ClassNone
Model Parameters
Deterministic Transitions
Probabilistic Transitions","Comer, P., D. Faber-Langendoen, R. Evans, S. Gawler, C. Josse, G. Kittel, S. Menard, C. Nordman, M. Pyne, M. Reid, M. Russo, K. Schulz, K. Snow, J. Teague, and R. White. 2003-present. Ecological systems of the United States: A working classification of U.S. terrestrial systems. NatureServe, Arlington, VA. 

DeVelice, R.L., 1999. Plant community types of the Chugach National Forest: southcentral Alaska. US Department of Agriculture, Forest Service, Chugach National Forest, Alaska Region.

Foote, M. Joan. 1983. Classification, description, and dynamics of plant communities after fire in the Taiga of Interior Alaska. Res. Pap. PNW-307. Portland, OR: USDA Forest Service, Pacific Northwest Forest and Range Experiment Station. 108 pp.

Gracz, M., Noyes, K, North, P., Tande, G. 2005 Wetland Mapping and Classification of the Kenai Lowland, Alaska. http://www.kenaiwetlands.net/

Jorgenson, M. T., J. E. Roth, M. D. Smith, S. Schlentner, W. Lentz, and E. R. Pullman. 2001. An ecological land survey for Fort Greely, Alaska. U.S. Army Cold Regions Research and Engineering Laboratory, Hanover, NH. ERDC/CRREL TR-01-04. 85 pp.

Jorgenson, M. T., J. E. Roth, M. Raynolds, M. D. Smith, W. Lentz, A. Zusi-Cobb, and C. H. Racine. 1999. An ecological land survey for Fort Wainwright, Alaska. U.S. Army Cold Regions Research and Engineering Laboratory, Hanover, NH. U.S. Army Cold Regions Research Engineering Laboratory, Hanover, NH CRREL Report 99-9. 83 pp. 

Jorgenson, M. T., J. E. Roth, M. D. Smith, S. Schlentner, W. Lentz, and E. R. Pullman. 2001. An ecological land survey for Fort Greely, Alaska. U.S. Army Cold Regions Research and Engineering Laboratory, Hanover, NH. ERDC/CRREL TR-01-04. 85 pp.

Jorgenson, M.T., Racine, C.H., Walters, J.C. and Osterkamp, T.E., 2001. Permafrost degradation and ecological changes associated with a warmingclimate in central Alaska. Climatic change, 48(4), pp.551-579.

Klein, E., Berg, E.E. and Dial, R., 2005. Wetland drying and succession across the Kenai Peninsula Lowlands, south-central Alaska. Canadian Journal of Forest Research, 35(8), pp.1931-1941.

Post, R. A. 1996. Functional profile of black spruce wetlands in Alaska. US EPA, Alaska Operations Office, Seattle, WA. EPA/910/R-96/006. 170pp.

Racine, C.H., Jorgenson, M.T. and Walters, J.C., 1998, June. Thermokarst vegetation in lowland birch forests on the Tanana Flats, interior Alaska, USA. In Proceedings of the Seventh International Conference on Permafrost (Vol. 57, pp. 927-933). Québec: Université Laval.

Zoltai, S.C., Taylor, S., Jeglum, J.K., Mills, G.F. and Johnson, J.D., 1988. Wetlands of boreal Canada. Wetlands of Canada, Ecological Land Classification Series, 24, pp.97-154.",16200_68_69_70_71_72_73_74_75_76_77_78.docx,,,,,
Woody Wetland,"68, 69, 70, 71, 72, 73, 74, 75, 76, 77",,"This Biophysical Setting (BpS) is found at higher temperate and boreal latitudes of western Canada, extending into the Rocky Mountains, and in lowlands of the boreal and boreal transition regions of Alaska, including Yukon and Tanana Flats.","These wetlands form where the rate of peat accumulation exceeds its decomposition, resulting in ombrotrophic and acidic peatlands in which the bog surface is raised above the water table. This system is typically found on stream terraces, valley bottoms and toe-slopes up to eight percent slope, except on gravel substrates. Soils are poorly drained and acidic, often with a well-developed peat layer. Much of this vegetation is likely to be underlain by near surface permafrost (active layers < 1m deep). The presence of permafrost and poor drainage of flat areas work in conjunction to keep soils cool and wet, restricting decomposition and aiding the accumulation of peat. Warming climates and (perhaps, with extreme warming) deep-burning fires have the potential to disrupt the soil thermal regime and lead to permafrost thawing and subsidence (thermokarst). Thermokarst will lead to prolonged stages of wetland-marsh type vegetation. Re-establishment of black spruce forests is likely to occur when peat-reaccumulates and the permafrost develops again, leading to a rising of the surface above the water table.","The forest canopy is typically open to woodland and trees are generally stunted compared to adjacent more well-drained areas. The vegetation is dominated by dense to scattered trees with Picea mariana, and occasionally Larix laricina on less acidic sites. Low ericaceous shrubs are also dominant, including Andromeda polifolia, Betula nana, Betula glandulosa, Kalmia polifolia, Ledum palustre ssp. decumbens, Ledum groenlandicum, Chamaedaphne calyculata, Empetrum nigrum, Myrica gale, Rubus chamaemorus, Vaccinium oxycoccos, Vaccinium vitis-idaea, and, Vaccinium uliginosum. Patches of graminoids and bryophyte lawns are also common. Common graminoids include Carex pluriflora, Carex bigelowii, Eriophorum angustifolium, and Calamagrostis canadensis. Sphagnum species are characteristic, including Sphagnum capillifolium, Sphagnum magellanicum, Sphagnum fuscum, Sphagnum papillosum, and Sphagnum cuspidatum (DeVelice et al. 1999). Lichens include Cladina (several species), and Flavocetraria cucullata. Lichens overtop Sphagnum commonly on these thermokarst prone plots in the Yukon Flats Lowlands.
BpS Dominant and Indicator Species
Species names are from the NRCS PLANTS database. Check species codes at http://plants.usda.gov.","The major disturbances in this type are fire and thermokarst collapse. Mean fire return intervals (MFRI) for black spruce communities generally range from 25 to 146 years from the 1700s to the 2000s (Fryer 2014). As of 2013, there was generally more scientific literature on fire regimes of black spruce forest types than on other black spruce communities (e.g., black spruce-lichen, black spruce scrub, and black spruce bog types; Fryer 2014). Low severity fires may simply support re-sprouting of species present prior to the fire (Bernhardt et al. 2011).  A severe fire that impacts the peat layer may kill the shrub and tree rootstock, setting the system back to a wet meadow type.

In boreal wetlands, the general successional trend is from marsh to fen to treed bog. However, succession is not necessarily directional, and environmental conditions, such as nutrient content and abundance of groundwater, may prevent fens from developing into bogs (Zoltai et al. 1988). Warming climates and deep-burning fires that occur late in the summer have the potential to disrupt the soil thermal regime and lead to permafrost thawing and subsidence (thermokarst). Thermokarst will lead to prolonged stages of wetland-marsh type vegetation. Succession begins in shallow ponds or low-lying wetlands formed by processes such as glacial recession and floodplain dynamics (oxbows) or thermokarst. An organic root mat typically develops and is either anchored to the mineral soil or floating on water such as a pond's edge. In the absence of disturbance, over time, permafrost development begins, and peat-forming mosses and sedges may fill in the basin. As the peat layer develops, low and/or dwarf-shrubs become established. Dwarf-trees may establish on the well-developed peat and also around the margin of the peatland.

Many peatlands on the Kenai Lowland formed in kettles after remnant glacial ice melted. In this region there is a trend toward peatlands drying and ponds shrinking and filling in (Klein et al. 2005).

Permafrost degradation leading to collapse scars and thaw ponds is common in boreal Alaska, and studies from the Tanana Flats show areas of widespread degradation (Racine et al. 1998, Jorgenson et al. 2001a, 2001b). Thaw ponds form when ice-rich permafrost degrades and collapses forming a basin. Aquatic plants rapidly colonize the pond. Over time, marsh plants and sphagnum moss invade creating peatland conditions. This trend is leading to widespread ecosystem conversion in the Tanana Flats (Jorgenson et al. 2001b). If a collapse scar is isolated, succession follows a bog development model, whereas in an open hydrologic setting, succession follows a fen development model. Pond systems may become connected as adjacent permafrost thaws. Generally, once a forest peatland like this experiences thermokarst, it may be more prone to this in the future as well. (Myers-Smith et al. 2008).

Succession to peatlands can also occur through paludification of previously forested landscapes. Restricted drainage from permafrost development (on inactive alluvial terraces, for example) can lead to the establishment of Sphagnum spp. or other peat-forming mosses or sedges, and overtime, peatland plants dominate the site. Melting and impoundment can lead to an open water stage, or drainage of marshes can lead to a white spruce-Calamagrostis canadensis system.
Fire Frequency 
Fire interval is expressed in years for each fire severity class and for all types of fire combined (All Fires). Average FI is the central tendency modeled. Percent of all fires is the percent of all fires modeled in that severity class. Minimum and Maximum FIs show the relative range of fire intervals as estimated by model contributors, if known.",Large patch (small patch),,"Because the climate has been warming and drying over recent decades, thermokarst processes have been accelerating. At the same time, lakes and marshes have been shrinking and drying across the boreal region in recent decades. Many of the marshes in this region may be relicts of the early Holocene post-glacial period, rather than parts of a stable cycle of disturbance and succession. As a result, the concept of equilibrium dynamics inherent in this modeling process is difficult to apply to this system. Because thermokarst processes are accelerating, it was difficult to assign a reference probability to these processes. Over the past 5000yrs, the probability of thermokarst influencing a given point on the landscape averaged about 0.000014, compared with approximately 0.0006 in the past 50yrs. Under emerging climate conditions, the probability is presumably higher.",,"This BpS concept is similar to the Boreal Woodland Peat Frozen Terraces
ecological site description: https://edit.jornada.nmsu.edu/catalogs/esd/232X/XA232X01Y201. 
Attendees of the Boreal Forest BpS Review Work Session in February 2022 developed a relative ranking of fire frequency for boreal forest BpS and confirmed that the modeled MFRI of this BpS was appropriate relative to the other systems.

During LANDFIRE National, this BpS was described and modeled as a complex of systems including: marsh, wet meadow, low shrub peatland, black spruce forest, and tamarack fen. Further, the BpS was split to represent difference between the complex in the Boreal vs. the Sub-boreal regions. In 2021 NatureServe made significant revisions to the Ecological Systems for AK that changed how all of these types were classified. As a result, NatureServe and Kori Blankenship revised this BpS to reflect the new Ecological System concept: Western North American Boreal Black Spruce Bog and Dwarf-Tree Peatland. The Boreal/Sub-boreal split was not retained, and the tamarack fen was modeled and described separately. The revised description and model are heavily based on the Western North American Boreal Black Spruce Dwarf-tree Peatland - Boreal Complex BpS (16211) created by Jill Johnstone and Torre Jorgenson and reviewed by Michelle Schuman and Lisa Saperstein as well as the Western North American Boreal Black Spruce Dwarf-tree Peatland - Alaska Sub-boreal Complex (BpS 16212) created by Torre Jorgenson and Colleen Ryan and reviewed by Michelle Schuman. 

For the state-and-transition model, it was assumed that fire would occur on the less frequent end of the range provided in the Disturbance Description because the presence of moist surface fuels and the open forest canopy associated with this BpS would limit fire spread and therefore decrease the probability of any particular patch burning.

Succession Classes
Mapping Rules
Succession class letters A-E are described in the Succession Class Description section. Some classes use a leafform distinction where a qualifier is added to the class letter: Brdl (broadleaf), Con (conifer), or Mix (mixed conifer and broadleaf). UN refers to uncharacteristic native or a combination of height and cover that would not be expected under the reference condition. NP refers to not possible or a combination of height and cover which is not physiologically possible for the species in the BpS.


Description
Class A	47				Early Development 1 - All Structures

Indicator Species

Description
Low Shrub Peatland. Myrica gale and Chamaedaphne calyculata are among the first shrubs to resprout or invade. Presence of sphagnum mosses tends to increase soil acidity which in turn favors the ericaceous shrubs such as Ledum groenlandicum, L. palustre ssp. decumbens, and Vaccinium uliginosum. Other common shrub species include Salix spp., Betula nana (B. glandulosa) and Empetrum nigrum. If permafrost is ice-rich in this class, it is subject to thermokarst processes. During dry periods fire can burn into the peat layer and kill the shrubs. Increased water levels as a result of thermokarst processes could kill the existing vegetation.

Maximum Tree Size ClassNone
Class B	53				Late Development 1 - All Structures

Indicator Species

Description
Mature, wet, black spruce woodland or forest. Picea mariana or Picea mariana-Larix laricina mix. Trees are generally stunted and pole sized although some achieve the medium (9-21"") size class. The presence of Larix laricina can be associated with higher soil pH. Larch sawfly has reduced larch abundance in many areas. Common understory species include the same shrubs as in Class A, as well as Calamagrostis canadensis, Carex aquatilis, C. bigelowii and Sphagnum spp. Severe replacement fire will kill the shrubs. A mixed fire will kill most of the trees and top-kill the shrubs. Permafrost is well developed in this class, making it subject to thermokarst processes. Increased water levels as a result of thermokarst processes could kill the existing vegetation.

Maximum Tree Size ClassPole 5–9"" (swd)/5–11"" (hwd)
Model Parameters
Deterministic Transitions
Probabilistic Transitions

Optional Disturbances
Optional 1: increased water level (thermokarst processes)","Bernhardt, E.L., Hollingsworth, T.N. and Chapin, III, F.S., 2011. Fire severity mediates climate‐driven shifts in understorey community composition of black spruce stands of interior Alaska. Journal of Vegetation Science, 22(1):32-44.

Comer, P., D. Faber-Langendoen, R. Evans, S. Gawler, C. Josse, G. Kittel, S. Menard, C. Nordman, M. Pyne, M. Reid, M. Russo, K. Schulz, K. Snow, J. Teague, and R. White. 2003-present. Ecological systems of the United States: A working classification of U.S. terrestrial systems. NatureServe, Arlington, VA.

DeVelice, R.L., 1999. Plant community types of the Chugach National Forest: southcentral Alaska. US Department of Agriculture, Forest Service, Chugach National Forest, Alaska Region.

Foote, M. Joan. 1983. Classification, description, and dynamics of plant communities after fire in the Taiga of Interior Alaska. Res. Pap. PNW-307. Portland, OR: USDA Forest Service, Pacific Northwest Forest and Range Experiment Station. 108 pp.

Fryer, Janet L. 2014. Fire regimes of Alaskan black spruce communities. In: Fire Effects Information System, [Online]. U.S. Department of Agriculture, Forest Service, Rocky Mountain Research Station, Fire Sciences Laboratory (Producer). Available: www.fs.fed.us/database/feis/fire_regimes/AK_black_spruce/all.html [2021, September 21].

Gracz, M., Noyes, K, North, P., Tande, G. 2005 Wetland Mapping and Classification of the Kenai Lowland, Alaska. http://www.kenaiwetlands.net/

Jorgenson, M. T., J. E. Roth, M. D. Smith, S. Schlentner, W. Lentz, and E. R. Pullman. 2001a. An ecological land survey for Fort Greely, Alaska. U.S. Army Cold Regions Research and Engineering Laboratory, Hanover, NH. ERDC/CRREL TR-01-04. 85 pp.

Jorgenson, M.T., Racine, C.H., Walters, J.C. and Osterkamp, T.E., 2001b. Permafrost degradation and ecological changes associated with a warming climate in central Alaska. Climatic change, 48(4), pp.551-579.

Jorgenson, M. T., J. E. Roth, M. Raynolds, M. D. Smith, W. Lentz, A. Zusi-Cobb, and C. H. Racine. 1999. An ecological land survey for Fort Wainwright, Alaska. U.S. Army Cold Regions Research and Engineering Laboratory, Hanover, NH. U.S. Army Cold Regions Research Engineering Laboratory, Hanover, NH CRREL Report 99-9. 83 pp. 

Klein, E., Berg, E.E. and Dial, R., 2005. Wetland drying and succession across the Kenai Peninsula Lowlands, south-central Alaska. Canadian Journal of Forest Research, 35(8), pp.1931-1941.

Myers-Smith, I.H., Harden, J.W., Wilmking, M., Fuller, C.C., McGuire, A.D. and Chapin Iii, F.S., 2008. Wetland succession in a permafrost collapse: interactions between fire and thermokarst. Biogeosciences, 5(5):1273-1286.

Post, R. A. 1996. Functional profile of black spruce wetlands in Alaska. US EPA, Alaska Operations Office, Seattle, WA. EPA/910/R-96/006. 170pp.

Racine, C.H., Jorgenson, M.T. and Walters, J.C., 1998, June. Thermokarst vegetation in lowland birch forests on the Tanana Flats, interior Alaska, USA. In Proceedings of the Seventh International Conference on Permafrost (Vol. 57, pp. 927-933). Québec: Université Laval.

Zoltai, S.C., Taylor, S., Jeglum, J.K., Mills, G.F. and Johnson, J.D., 1988. Wetlands of boreal Canada. Wetlands of Canada, Ecological Land Classification Series, 24, pp.97-154.",16210_68_69_70_71_72_73_74_75_76_77.docx,,,,,
"Woody Wetland
Map Zones 
70, 71, 72, 73, 74",,,,This Biophysical Setting (BpS) occurs in lowlands across boreal Alaska and includes treed fens and other organic-rich lowland black spruce-tamarack forests. Soils are poorly drained and often have a well-developed peat layer. Sites with at least 40 cm of peat are classified as fens.,"The forest canopy is typically open to woodland and trees may be stunted. Common species include Picea mariana, Larix laricina, Betula nana, Ledum groenlandicum, Ledum palustre ssp. decumbens, Empetrum nigrum, Vaccinium vitis-idaea, Vaccinium uliginosum, Chamaedaphne calyculata, Carex spp., Eriophorum angustifolium, and Sphagnum spp. Larix laricina is considered a fen indicator in some regions. 
BpS Dominant and Indicator Species","There are two sources of natural disturbance: fire (without thermokarst collapse) and thermokarst collapse. 

Mean fire return intervals for black spruce communities in Alaska generally range from 25 to 146 years from the 1700s to the 2000s (Fryer 2014), but it is unclear how well this applies to this particular BpS. As of 2013, there was generally more scientific literature on fire regimes of black spruce forest types than on other black spruce communities (e.g. black spruce-lichen, black spruce scrub, and black spruce bog types; Fryer 2014).
Fire Frequency 
Fire interval is expressed in years for each fire severity class and for all types of fire combined (All Fires). Average FI is the central tendency modeled. Percent of all fires is the percent of all fires modeled in that severity class. Minimum and Maximum FIs show the relative range of fire intervals as estimated by model contributors, if known.",,,,"Larch sawfly (Pristiphora erichsonii), an invasive defoliator, affected an estimated 600,000 to 700,000 acres of Larix laricina stands in Alaska from 1999 and 2004, killing 80% or more of the trees (Burnside 2013).","4/2022 – During the Boreal Forest BpS Review Work Session in February 2022 participants ranked the boreal forest BpS by relative fire frequency. It was estimated that this BpS would have a mean fire return interval (MFRI) less frequent than the other black spruce types, but more frequent than the non-black spruce forest types. The existing model already had a MFRI within these parameters, so no change was made.

2021 - This BpS description and it’s accompanying state-and-transition model were heavily revised as a result of changes to the Ecological Systems. Kori Blankenship created the state-and-transition model based on the Western North American Boreal Black Spruce Bog and Dwarf-Tree Peatland BpS model (16210). All elements of the state-and-transition model need review. Are the states defined appropriately? Are major disturbances captured at the appropriate frequency? Does the proportion of states from the model results represent reference conditions?

This BpS model and description were drafted in 2021 by Pat Comer and Kori Blankenship based on the revised AK Ecological Systems classification. 
Succession Classes
Mapping Rules
Succession class letters A-E are described in the Succession Class Description section. Some classes use a leafform distinction where a qualifier is added to the class letter: Brdl (broadleaf), Con (conifer), or Mix (mixed conifer and broadleaf). UN refers to uncharacteristic native or a combination of height and cover that would not be expected under the reference condition. NP refers to not possible or a combination of height and cover which is not physiologically possible for the species in the BpS.

Description
Class A	44					Early Development 1 - All Structures
Structural Information
Tree Size Class: None

Indicator Species

Description

Low Shrub. Permafrost is well developed in this class, making it subject to thermokarst processes. During dry periods fire can burn into the peat layer and kill the shrubs. Increased water levels as a result of thermokarst processes could kill the existing vegetation.

Class B	56					Late Development 1 - All Structures
Structural Information
Tree Size Class: Pole 5–9"" (swd)/5–11"" (hwd)

Indicator Species

Description
Tamarack-black spruce woodland. Larix laricina or Larix laricina-Picea mariana mix. Trees are generally stunted and pole sized although some achieve the medium (9-21"") size class. The presence of Larix laricina is associated with higher soil pH. Severe replacement fire will kill the shrubs. A mixed fire will kill most of the trees and top-kill the shrubs. Permafrost is well developed in this class, making it subject to thermokarst processes. Increased water levels as a result of thermokarst processes could kill the existing vegetation.
Model Parameters
Deterministic Transitions
Probabilistic Transitions
Optional Disturbances
Optional 1: increased water level (thermokarst processes)","Boggs, K., and M. Sturdy. 2005. Plant associations and post-fire vegetation succession in Yukon-Charley Rivers National Preserve. Natural Resource Technical Report NPS/YUCH/NRTR--2005/001. National Park Service, Fort Collins, CO. 204 pp.

Burnside, R., M. Schultz, N. Lisuzzo, and J. Kruse. 2013. Assessing mortality and regeneration of larch (Larix laricina) after a 1999-2004 landscape level outbreak of the larch sawfly (Pristiphora erichsonii) in Alaska. In: Potter, Kevin M.; Conkling, Barbara L., eds. 2013. Forest Health Monitoring: national status, trends, and analysis 2010. Gen. Tech. Rep. SRS-GTR-176. Asheville, NC: U.S. Department of Agriculture Forest Service, Southern Research Station. 143-150.

Comer, P., D. Faber-Langendoen, R. Evans, S. Gawler, C. Josse, G. Kittel, S. Menard, C. Nordman, M. Pyne, M. Reid, M. Russo, K. Schulz, K. Snow, J. Teague, and R. White. 2003-present. Ecological systems of the United States: A working classification of U.S. terrestrial systems. NatureServe, Arlington, VA.  

Fryer, Janet L. 2014. Fire regimes of Alaskan black spruce communities. In: Fire Effects Information System, [Online]. U.S. Department of Agriculture, Forest Service, Rocky Mountain Research Station, Fire Sciences Laboratory (Producer). Available: www.fs.fed.us/database/feis/fire_regimes/AK_black_spruce/all.html [2021, September 21].

Jorgenson, M. T., J. E. Roth, M. D. Smith, S. Schlentner, W. Lentz, and E. R. Pullman. 2001a. An ecological land survey for Fort Greely, Alaska. ERDC/CRREL TR-01-04. U.S. Army Cold Regions Research and Engineering Laboratory, Hanover, NH. 85 pp.

Viereck, L. A., C. T. Dyrness, A. R. Batten, and K. J. Wenzlick. 1992. The Alaska vegetation classification. General Technical Report PNW-GTR286. USDA Forest Service, Pacific Northwest Research Station, Portland, OR. 278 pp",16230_70_71_72_73_74.docx,,,,,
Woody Wetland,"68, 69, 70, 71, 72, 73, 74, 75, 76, 77, 78",,This Biophysical Setting (BpS) occurs throughout the boreal and sub-boreal regions of AK.,Shrub swamps occur on poorly drained fine textured soil in lowland areas or depressions that retain standing water throughout all or most of the growing season (NatureServe 2008; Viereck et al. 1992). Soils range from muck to mineral (does not include peatlands; NatureServe 2008). This BpS tends to occur in transition zones between peatlands and forest systems. Specific locations may shift over time.,"Deciduous shrub swamps are usually dominated by alders, but willows or an alder/willow mix also occur (Viereck et al. 1992). Common species include Alnus incana ssp. tenuifolia, A. viridis ssp. sinuata, Salix pulchra, S. richardsonii, Calamagrostis canadensis, Equisetum spp., Comarum palustre (formerly Potentilla palustris), and hydrophytic mosses (Viereck et al. 1992).

Though this system is classified as closed by Viereck, et al. (1992), it may also occur in an open form.
BpS Dominant and Indicator Species
Species names are from the NRCS PLANTS database. Check species codes at http://plants.usda.gov.","Shrub swamps likely represent a topoedaphic climax community which will persist as long as the hydrologic conditions supporting them are maintained (Viereck et al. 1992). Some sites may move back and forth between this system and peatland, forest, or even open water as hydrology changes, but these transitions are not directional, and are generally outside of the time scale of this model. 

This BpS typically acts as a fire break, but it could burn under drought conditions and severe fire behavior. When fire occurs, it is likely to be replacement fire. Alders and willows are generally top-killed by fire but may resprout following fire (Viereck and Schandelmeier 1980), allowing recovery to this system. Alternatively, fire may cause changes in hydrology that could transition the site out of this system, possibly toward an open water condition. Replacement fire that regenerated this system is estimated at a mean fire return interval (MFRI) of 500yrs. 
Fire Frequency 
Fire interval is expressed in years for each fire severity class and for all types of fire combined (All Fires). Average FI is the central tendency modeled. Percent of all fires is the percent of all fires modeled in that severity class. Minimum and Maximum FIs show the relative range of fire intervals as estimated by model contributors, if known.","Typically small patch, but some large patches occur, especially in the Tanana Flats area.",,,,"In 2015 an extensive search was done by Fire Effects Information System (FEIS) staff to locate information for a synthesis on fire regimes of Alaskan alder and willow shrublands. At that time, the scientific literature about fire regimes in Alaskan alder and willow shrublands was scarce. Descriptions of fire ignition, season, pattern, and size specific to alder and willow shrublands were not found in the literature. Information about fire in Alaskan boreal shrub swamps specifically also was not found. Effects of fire on alders and willows is available in the Fire Regime Synthesis of Alaskan alder and willow shrublands.

Addition of an early herb stage was considered, but it is believed that shrubs typically recover quickly from fire. Flooding was not included as a disturbance because the dominant species are flood-tolerant.  Flooding severe or prolonged enough to kill the shrubs is likely to cause a transition out of this system.

Suggested reviewers for this system include: Al Batten, Torre Jorgenson and Katie Ireland.
Succession Classes
Mapping Rules
Succession class letters A-E are described in the Succession Class Description section. Some classes use a leafform distinction where a qualifier is added to the class letter: Brdl (broadleaf), Con (conifer), or Mix (mixed conifer and broadleaf). UN refers to uncharacteristic native or a combination of height and cover that would not be expected under the reference condition. NP refers to not possible or a combination of height and cover which is not physiologically possible for the species in the BpS.


Description
Class A	100				Early Development 1 - All Structures

Indicator Species

Description
Open to closed tall shrub swamp. The shrub canopy is commonly 3-5 meters tall (Viereck et al. 1992). Overstory is typically dominated by alder, willow or an alder/willow mix. Common overstory species include Alnus incana ssp. tenuifolia, A. viridis ssp. sinuata, Salix pulchra, and S. lanata. Understory can include Calamagrostis canadensis, Equisetum spp., Comarum palustre, and hydrophytic mosses. This class persists indefinitely under appropriate hydrological conditions. 

Maximum Tree Size ClassNone
Model Parameters
Deterministic Transitions
Probabilistic Transitions","Batten, Alan R., S. Murphy and D.F. Murray. 1978. Definition of Alaskan coastal
wetlands by floristic criteria. Corvallis, OR: Corvallis Environmental Research Laboratory; EPA 804965-01. 490 p.

Innes, Robin J. 2015. Fire regimes of Alaskan alder and willow shrublands. In: Fire Effects Information System, [Online]. U.S. Department of Agriculture, Forest Service, Rocky Mountain Research Station, Missoula Fire Sciences Laboratory (Producer). Available: http://www.fs.fed.us/database/feis/fire_regimes/AK_alder_shrub/all.html [ 2016, August 3].

NatureServe. 2008. International Ecological Classification Standard: Terrestrial Ecological Classifications. Draft Ecological Systems Description for Alaska Boreal and Sub-boreal Regions.

Viereck, L.A., Dyrness, C.T., Batten, A.R., Wenzlick, K.J. 1992.  The Alaska vegetation classification. Pacific Northwest Research Station, USDA Forest Service, Portland, OR. Gen. Tech. Rep. PNW-GTR286. 278 p.

Viereck, Leslie A.; Schandelmeier, Linda A. 1980. Effects of fire in Alaska and adjacent Canada: a literature review. BLM-Alaska Tech. Rep. 6, BLM/AK/TR-80/06. Anchorage, AK: U.S. Department of the Interior, Bureau of Land Management, Alaska State Office. 124 p",16240_68_69_70_71_72_73_74_75_76_77_78.docx,,,,,
Shrubland,"68, 69, 70, 71, 72, 73, 74, 76",This Biophysical Setting (BpS) was split into frequent and infrequent fire variants so regional differences in fire frequency could be represented. For mapping BpS 16281 should apply in level 2 ecoregions (Nowacki et al. 2001): Intermontane Boreal and Bering Tundra.,"This BpS occurs in lowland through subalpine zones of the boreal and boreal transition (northern portion and higher elevation) regions of Alaska and throughout arctic Alaska, from the Bristol Bay lowlands in southwestern Alaska to the North Slope on the Arctic Ocean.","Tussock communities occur on gentle slopes, terraces, and old alluvial deposits. These sites are cold, poorly drained, and underlain by mesic, silty mineral soils with a surface peat layer 10 to 40 cm thick surrounding the tussocks. Soils may be neutral to slightly acidic, poorly drained, gleyed, and often with a poorly decomposed organic horizon at the surface, which may constitute most of the active layer. Permafrost is usually present at depths of 30-65 cm. Frost scars are common (Viereck et al 1992). See Gushdoiman soil series description.","This is a common lowland system dominated by tussock sedges and low shrubs. Tussock shrub tundra is common in valleys and slopes throughout arctic Alaska. Tussock shrub tundra has >35% cover of sedges in a tussock growth form, and the combined cover of dwarf- and low shrubs is >25%. Eriophorum vaginatum is the primary tussock-former in most stands, but Carex bigelowii may be the dominant tussock sedge on some sites. Betula nana, Betula glandulosa, Salix pulchra, and Chamaedaphne calyculata can dominate the low-shrub layer. Other species include Ledum palustre ssp. decumbens, Ledum groenlandicum, Vaccinium vitis-idaea, Vaccinium uliginosum, Empetrum nigrum, and Carex spp. Grasses, including Calamagrostis canadensis and Arctagrostis spp. may also be present. Lichens are scarce (with the possible exception of Peltigera canina). There are also distinctions between acidic and non-acidic tussock tundra. Acidic sites have more ericaceous shrubs and Sphagnum, less Eriophorum spp., Betula nana, and Carex bigelowii, and have more organic matter buildup and the tussocks tend to be larger. Aulacomnium palustre and other moss species may be more common on less acid sites.
BpS Dominant and Indicator Species
Species names are from the NRCS PLANTS database. Check species codes at http://plants.usda.gov.","In 2013 an extensive search was done by FEIS staff to locate information for a synthesis on fire regimes of Alaskan tundra communities (Innes 2013). The literature reviewed at that time reported mean fire return interval estimates for tussock-shrub tundra ecosystems in Alaska during the late Holocene of:
260 years (range 30-840; Higuera et al. 2011) in Noatak National Preserve, 
142 years (range 115-174; Higuera et al. 2011) in Noatak National Preserve,
263 years (range 175-374; Higuera et al. 2011) in Noatak National Preserve, and
>5000 years on the North Slope (Jandt et al. 2008).
Jennifer Allen (personal communication) reported a fire-return interval of approximately 240yrs for tundra on the Seward Peninsula and 1,000yrs+ on the Beaufort Coastal Plain based on lake-core records. Charcoal sediment-based estimates of fire frequency in the Brook Range and to the north report fire frequencies of well over 1000 years (Sae-Lim et al. 2019). In the Yukon Flats, 13 of 31 sample plots were thought to be in some stage of fire succession, and the presence of Betula neoalaska in the plots was interpreted as a fire sere (Spellman pers. comm. 2022).
More fires occur near the forest-tundra ecotone and spread further if trees are present (Heinselman 1981). Wein (1976) reports that July and August are the most common months for lightning fires in tundra ecosystems, while Racine et al (1983; 1985) found that distinct fire seasons occur in both June and July in the Noatak River watershed. 
The fire regime of tundra systems varies from one region to another making generalizations difficult (Viereck and Schandelmeier 1980), and rapid recovery following fire makes fire frequency difficult to determine (Wein 1971). Fires typically burn-off the shrub layer resulting in an herbaceous-dominated tussock system, but the shrubs often recover to their pre-fire cover within 15-20 years. The fuel layer in sedge-shrub tussock tundra is dense and continuous and leads to large, fast-spreading fires (Racine et al. 1987; Duchesne and Hawkes 2000). Racine (1979) found much variation in burn intensity on a landscape scale on the Seward Peninsula, from completely unburned to intensely burned, that tundra burns were patchy, with unburned communities and unburned patches within burned communities, and that burning was generally less severe in the tussock-shrub and sedge-shrub tundra than in the birch and ericaceous shrub tundra of the Seward Peninsula. Differences in topography, moisture, vegetation composition, and organic matter depth cause variation in burn severity and lead to a patchy burn pattern (Racine 1979). Fire severity in Eriophorum tussock tundra types tends to be light because of the wet soil profile (Wein 1976). Burns in this type usually consume all aerial woody and herbaceous plant material and litter; regeneration is vigorous via rhizomes and root sprouts. In most areas of tussock-shrub tundra on the Seward Peninsula, less than one half of accumulated organic soil layer was removed by fire (Racine 1979). Thaw depths increased to reach into the mineral soil but were not greatly increased except where organics were removed. Frost features were made more conspicuous, and soil nutrient concentrations (K and P) increased locally. Subsidence and thermal erosion following fire are usually minimal in tundra ecosystems (Walker 1996).

On interior and southcentral Alaska Tussock Tundra sites the thaw pond cycle (disturbance leads to thawing of permafrost and ponding) and paludification (Sphagnum layer buildup and saturation) are important disturbances. On the Seward Peninsula and western Alaska, frost action creates polygonal ground and other periglacial features and is a widespread, small-scale and continuous disturbance.

Change in the arctic and subarctic climate is another source of disturbance that is currently affecting tundra ecosystems.
Fire Frequency
Fire interval is expressed in years for each fire severity class and for all types of fire combined (All Fires). Average FI is the central tendency modeled. Percent of all fires is the percent of all fires modeled in that severity class. Minimum and Maximum FIs show the relative range of fire intervals as estimated by model contributors, if known.","Vegetation found in large patches to matrix forming.

Wien (1976) reports many tundra fires in the 1 to 100 ha size range and few large (thousands of ha) fires. Racine (1979) reports that in 1977, lightning-caused fires burned 35,480 ha on the Seward Peninsula, with one fire burning 9,440 ha. Jandt and Meyers (2000) report that large fires (>200,000 ha) occur about every 10yrs in the Buckland Valley and surrounding highlands of the Seward Peninsula. Racine et al (1983) found that 40 fires burned 100,000 ha (1000 km2) in the 30,000 km2 watershed of the Noatak River between 1956 and 1981. Racine et al (1985) found a minimum fire size of .4 ha, a maximum fire size of 45,800 ha and a mean fire size of 1310 ha from 1956-1983 in the Noatak River watershed, an area dominated by tundra vegetation. Of the 79 fires in analyzed by Racine et al (1985), nearly half were between 1 and 10 ha in size. Forty-three percent of wildland fires occurring in interior Alaska occur in treeless areas, primarily tundra bogs and fens (Viereck 1975).",,Most of the fire regime literature available for tundra ecosystems in Alaska is from the Seward Peninsula and Noatak River Watershed where fire occurs more frequently than other regions of the state (Innes 2013). Little is known about fire history in arctic tundra communities in northern and northwestern Alaska (Innes 2013).,"According to Innes 2013: “Because most of the area occupied by tundra in Alaska is sparsely populated and has little road access, fire regimes in tundra may not differ much from historical regimes [Chapin et al. 2000; DeWilde and Chapin 2006; Heinselman 1981]. As of 2006, about 66% of interior Alaska was considered to have an essentially ""natural"" fire regime, with few human ignitions, negligible suppression activity, and many large, lightning-caused fires.” Innes 2013 provides information about climate change and Alaska tundra communities.","1/2023 Kori Blankenship split the BpS model and description into frequent and infrequent fire model variants based on feedback from participants in the virtual Tundra Work Session held in the winter 2022. Reviewer feedback is needed to refine the geographic range of the frequent and infrequent fire model variants.

This BpS is similar to the Boreal Tussock Loamy Frozen Terraces Ecological Site Description (ESD XA232X01Y209).

In 2021 NatureServe merged Western North American Boreal Low Shrub-Tussock Tundra (BpS 1628) and Alaska Arctic Shrub-Tussock Tundra (BpS 1693) into one Ecological System: North American Arctic and Subarctic Shrub-Tussock Tundra. BpS 1693 was not previously modeled as a distinct system (it was lumped with 16941 and 16942). Pat Comer and Kori Blankenship revised the 1628 description to reflect the new Ecological System concept. 

During LANDFIRE National, this model was based on the FRCC Guidebook PNVG model for Tussock Tundra 1 (TT1; Murphy and Witten 2006) and input from the experts who attended the LANDFIRE Fairbanks (Nov. 07) modeling meeting and was refined by Jennifer Allen. Much of the text in the Disturbance Description and Scale Description portion of this report were taken from the TT1 description (Murphy and Witten 2006). This model was created for the boreal region of AK and did not receive review for other parts of the state.

Succession Classes

Mapping Rules
Succession class letters A-E are described in the Succession Class Description section. Some classes use a leafform distinction where a qualifier is added to the class letter: Brdl (broadleaf), Con (conifer), or Mix (mixed conifer and broadleaf). UN refers to uncharacteristic native or a combination of height and cover that would not be expected under the reference condition. NP refers to not possible or a combination of height and cover which is not physiologically possible for the species in the BpS.


Description
Class A	7				Early Development 1 - All Structures

Indicator Species

Description
Mesic herbaceous-graminoid-tussock-sedge. First year following fire Eriophorum (cottongrass) and Carex spp. (sedges) regrow via rhizomes, most vascular species begin to recover, and shrubs sprout from rootstock. Sedges often capture site 6-10yrs post fire. Grasses (Calamagrostis and Arctagrostis) are locally important following fire.

Maximum Tree Size ClassNone
Class B	77				Mid Development 1 - Closed

Indicator Species

Description
Low shrub-tussock. Tussocks are dominated by Eriophorum (cottongrass) and Carex spp. (sedges). Common shrub species include Betula nana, Salix spp., and Vaccinium uliginosum. Lichens begin to re-establish but do not reach former abundance until 50-120yrs following fire. Fire is difficult to detect even in the early stages of this class; however, the proportions of species differ from the pre-burn community, with very few lichens, fewer shrubs, and more sedges, grasses, and cottongrass. Former abundances of all species are typically reached 50-120yrs post fire. Lichens, if present, have < 25% cover.

Maximum Tree Size ClassNone
Class C	16				Mid Development 1 - Open

Indicator Species

Description
Dwarf shrub-lichen-tussock. Tussocks are dominated by shrubs and lichens. Species composition is similar to that in Class B, but lichen cover is >25%.

References.
Comer, P., D. Faber-Langendoen, R. Evans, S. Gawler, C. Josse, G. Kittel, S. Menard, C. Nordman, M. Pyne, M. Reid, M. Russo, K. Schulz, K. Snow, J. Teague, and R. White. 2003-present. Ecological systems of the United States: A working classification of U.S. terrestrial systems. NatureServe, Arlington, VA.

Duchesne L. C. and B.C. Hawkes. 2000Fire in northern ecosystems. In: Brown, J.K. and J.K. Smith (eds.) Wildland fire in ecosystems: effects of fire on flora. Gen. Tech. Rep. RMRS-GTR-42-vol 2. Ogden, UT: USDA Forest Service, Rocky Mountain Research Station. 257 p.

Heinselman, M.L. 1981. Fire and succession in the conifer forests of northern North America. In: West, D.C., H.H. Shugart, and D.B. Botkin. Forest succession: concepts and application. Springer-Verlag, New York. Chapter 23.

Higuera, P.E., M. Chipman, J. Allen, S. Rupp and F.S. Hu. 2008. Preliminary data provided by Jenifer Allen from a study of tundra fire regimes in the Noatak National Preserve since 6000 years before present.
Higuera, Philip E., Barnes, Jennifer L.; Chipman, Melissa L.; Urban, Michael; Hu, Feng Sheng. 2011. The burning tundra: a look back to the last 6,000 years of fire in the Noatak National Preserve, northwestern Alaska. Alaska Park Science. 10(1): 37-41.

Higuera, Philip E.; Chipman, Melissa L.; Barnes, Jennifer L.; Urban, Michael A.; Hu, Feng Sheng. 2011. Variability of tundra fire regimes in Arctic Alaska: millennial-scale patterns and ecological implications. Ecological Applications. 21(8): 3211-3226. 

Innes, Robin J. 2013. Fire regimes of Alaskan tundra communities. In: Fire Effects Information System, [Online]. U.S. Department of Agriculture, Forest Service, Rocky Mountain Research Station, Fire Sciences Laboratory (Producer). Available: http://www.fs.fed.us
/database/feis/fire_regimes/AK_tundra/all.html [2016, June 28].

Jandt, R.J. and R.C. Meyers. 2000.  Recovery of lichen in tussock tundra following fire in Northwestern Alaska. USDOI BLM-Alaska Open File Report 82.  

Jandt, Randi; Joly, Kyle; Meyers, C. Randy; Racine, Charles. 2008. Slow recovery of lichen on burned caribou winter range in Alaska tundra: potential influences of climate warming and other disturbance factors. Arctic, Antarctic, and Alpine Research. 40(1): 89-95. 

Murphy, K.A. and E. Witten. 2006. Tussock Tundra 1. In Fire Regime Condition Class (FRCC) Interagency Guidebook Reference Conditions. Available at www.frcc.gov.

Payette, S., C. Morneau, L. Sirois, M. Desponts. 1989.  Recent fire history of the northern Quebec biomes.  Ecology. 70:656-673.

Personal communication experts’ workshop, March 2-4 2004.  Fire Regime Condition Class (FRCC) interagency experts’ workshop to develop and review Potential Natural Vegetation (PNV) groups for Alaska.  Anchorage, Alaska.  

Racine, C.H., L.A. Johnson, L.A. Viereck. 1987. Patterns of vegetation recovery after tundra fires in northwestern Alaska, USA.  Arctic and Alpine Research. 19:461-469. 

Racine. 1979. Climate of the Chucki-Imuruk area. Pages 32-37 in H. R. Melchior, ed., Biological Survey of the Bering Land Bridge National Monument. Alaska Cooperative Park Studies Unit, University of Alaska Fairbanks, Fairbanks, AK.

Racine, C. H., W. A. Patterson III, and J. G. Dennis. 1983. Permafrost thaw associated with tundra fires in northwest Alaska. Pages 1024-1029 in Proceedings, Permafrost, Fourth International Conference. National Academy Press, Washington, D.C.

Racine, C.H.; J.G. Dennis and W.A. Patterson III. 1985. Tundra fire regimes in the Noatak River Watershed, Alaska: 1956-83. Arctic 38:194-200.

Racine, C; J.L. Allen and J.G. Dennis. 2006. Long-term monitoring of vegetation change following tundra fires in Noatak National Preserve, Alaska. Arctic Network of Parks inventory and monitoring program, National Park Service, Alaksa Region. Report no. NPS/AKRARCN/NRTR-2006/02.

Sae-Lim, J., Russell, J. M., Vachula, R. S., Holmes, R. M., Mann, P. J., Schade, J. D., and Natali, S. M. 2019. Temperature-controlled tundra fire severity and frequency during the last millennium in the Yukon-Kuskokwim Delta, Alaska. The Holocene. 29(7): 1223-1233.

Viereck, L.A. 1975. Forest ecology of the Alaska Taiga.  In: Proceedings of the circumpolar conference on northern ecology; 1975 September; Ottawa, ON. National Research Council of Canada: I-1 to I-22. 

Viereck et al. 1992.  The Alaska vegetation classification. Pacific Northwest Research Station, USDA Forest Service, Portland, OR. Gen. Tech. Rep. PNW-GTR286. 278 p. 

Viereck, L.A.; Schandelmeier, L.A. 1980. Effects of fire in Alaska and adjacent Canada--a literature review. BLM-Aalska Tech. Rep. No. 6. Anchorage, Alaska: U.S. Department of the Interior, Bureau of Land Management. 124 p

Walker, D.A. 1996. Disturbance and Recovery of Arctic Alaskan Vegetation. In: JF Reynolds and JD Tenhunen eds, Landscape function and disturbance in arctic tundra. Ecological studies vol. 120, Springer Verlag Berlin Heidleberg 

Wein, R.W. 1971. Panel discussion: In: Slaughter, C.W., Barney, Richard J., and Hansen, G.M. (editors). 1971. Fire in the Northern Environment – A Symposium. Sponsors: Alaska Forest Fire Counc il and Society of American Foresters. Held at: The University of Alaska, Fairbanks. April 13-14, 1971. Published by: Pacific. 

Wein, R.W. 1976. Frequency and characteristics of arctic tundra fires. Arctic 29: 213-222.",,16281_68_69_70_71_72_73_74_76.docx,,,,,
Shrubland,"67, 68, 69, 70, 71, 72, 73, 74, 75, 76, 77",This Biophysical Setting (BpS) was split into frequent and infrequent fire variants so regional differences in fire frequency could be represented. For mapping BpS 16282 should apply across the range of the BpS except in level 2 ecoregions (Nowacki et al. 2001): Intermontane Boreal and Bering Tundra.,"This BpS occurs in lowland through subalpine zones of the boreal and boreal transition (northern portion and higher elevation) regions of Alaska and throughout arctic Alaska, from the Bristol Bay lowlands in southwestern Alaska to the North Slope on the Arctic Ocean.","Tussock communities occur on gentle slopes, terraces, and old alluvial deposits. These sites are cold, poorly drained, and underlain by mesic, silty mineral soils with a surface peat layer 10 to 40 cm thick surrounding the tussocks. Soils may be neutral to slightly acidic, poorly drained, gleyed, and often with a poorly decomposed organic horizon at the surface, which may constitute most of the active layer. Permafrost is usually present at depths of 30-65 cm. Frost scars are common (Viereck et al 1992). See Gushdoiman soil series description.","This is a common lowland system dominated by tussock sedges and low shrubs. Tussock shrub tundra is common in valleys and slopes throughout arctic Alaska. Tussock shrub tundra has >35% cover of sedges in a tussock growth form, and the combined cover of dwarf- and low- shrubs is >25%. Eriophorum vaginatum is the primary tussock-former in most stands, but Carex bigelowii may be the dominant tussock sedge on some sites. Betula nana, Betula glandulosa, Salix pulchra, and Chamaedaphne calyculata can dominate the low-shrub layer. Other species include Ledum palustre ssp. decumbens, Ledum groenlandicum, Vaccinium vitis-idaea, Vaccinium uliginosum, Empetrum nigrum, and Carex spp. Grasses, including Calamagrostis canadensis and Arctagrostis spp., may also be present. Lichens are scarce (with the possible exception of Peltigera canina). There are also distinctions between acidic and non-acidic tussock tundra. Acidic sites have more ericaceous shrubs and Sphagnum,less Eriophorum spp., Betula nana, and Carex bigelowii, and have more organic matter buildup and the tussocks tend to be larger. Aulacomnium palustre and other moss species may be more common on less acid sites.
BpS Dominant and Indicator Species
Species names are from the NRCS PLANTS database. Check species codes at http://plants.usda.gov.","In 2013 an extensive search was done by FEIS staff to locate information for a synthesis on fire regimes of Alaskan tundra communities (Innes 2013). The literature reviewed at that time reported mean fire return interval estimates for tussock-shrub tundra ecosystems in Alaska during the late Holocene of:
260 years (range 30-840; Higuera et al. 2011) in Noatak National Preserve, 
142 years (range 115-174; Higuera et al. 2011) in Noatak National Preserve,
263 years (range 175-374; Higuera et al. 2011) in Noatak National Preserve, and
>5000 years on the North Slope (Jandt et al. 2008).
Jennifer Allen (personal communication) reported a fire-return interval of approximately 240yrs for tundra on the Seward Peninsula and 1,000yrs+ on the Beaufort Coastal Plain based on lake-core records. Charcoal sediment-based estimates of fire frequency in the Brook Range and to the north report fire frequencies of well over 1000 years (Sae-Lim et al. 2019). In the Yukon Flats, 13 of 31 sample plots were thought to be in some stage of fire succession, and the presence of Betula neoalaska in the plots was interpreted as a fire sere (Spellman pers. comm. 2022).

On interior and southcentral Alaska Tussock Tundra sites, the thaw pond cycle (disturbance leads to thawing of permafrost and ponding) and paludification (Sphagnum layer buildup and saturation) are important disturbances. On the Seward Peninsula and western Alaska, frost action creates polygonal ground and other periglacial features and is a widespread, small-scale and continuous disturbance.

Change in the arctic and subarctic climate is another source of disturbance that is currently affecting tundra ecosystems.
Fire Frequency
Fire interval is expressed in years for each fire severity class and for all types of fire combined (All Fires). Average FI is the central tendency modeled. Percent of all fires is the percent of all fires modeled in that severity class. Minimum and Maximum FIs show the relative range of fire intervals as estimated by model contributors, if known.",Vegetation found in large patches to matrix forming.,,Most of the fire regime literature available for tundra ecosystems in Alaska is from the Seward Peninsula and Noatak River Watershed where fire occurs more frequently than other regions of the state (Innes 2013). Little is known about fire history in arctic tundra communities in northern and northwestern Alaska (Innes 2013).,Innes 2013 provides information about climate change and Alaska tundra communities.,"1/2023 Kori Blankenship split the BpS model and description into frequent and infrequent fire model variants based on feedback from participants in the virtual Tundra Work Session held in the winter 2022. It is difficult to select a fire frequency for the model because studies report frequencies of ~1600 to 6000 years for tundra ecosystems in and north of the Brooks Range and in the Yukon-Kuskokwim Delta ecoregion (Sae-Lim et al. 2019). Because fire is so infrequent, fire related successional dynamics are not modeled. Reviewer feedback is needed to refine the geographic range of the frequent and infrequent fire model variants.

This BpS is similar to the Boreal Tussock Loamy Frozen Terraces Ecological Site Description (ESD XA232X01Y209).

In 2021 NatureServe merged Western North American Boreal Low Shrub-Tussock Tundra (BpS 1628) and Alaska Arctic Shrub-Tussock Tundra (BpS 1693) into one Ecological System: North American Arctic and Subarctic Shrub-Tussock Tundra. BpS 1693 was not previously modeled as a distinct system (it was lumped with 16941 and 16942). Pat Comer and Kori Blankenship revised the 1628 description to reflect the new Ecological System concept. 

During LANDFIRE National, this model was based on the FRCC Guidebook PNVG model for Tussock Tundra 1 (TT1; Murphy and Witten 2006) and input from the experts who attended the LANDFIRE Fairbanks (Nov. 07) modeling meeting and was refined by Jennifer Allen. Much of the text in the Disturbance Description and Scale Description portion of this report were taken from the TT1 description (Murphy and Witten 2006). This model was created for the boreal region of AK and did not receive review for other parts of the state.



Succession Classes

Mapping Rules
Succession class letters A-E are described in the Succession Class Description section. Some classes use a leafform distinction where a qualifier is added to the class letter: Brdl (broadleaf), Con (conifer), or Mix (mixed conifer and broadleaf). UN refers to uncharacteristic native or a combination of height and cover that would not be expected under the reference condition. NP refers to not possible or a combination of height and cover which is not physiologically possible for the species in the BpS.


Description
Class A	100					Mid Development 1 - All
Indicator Species

Description
This state represents the relatively stable shrub-tussock tundra BpS. 

References.
Comer, P., D. Faber-Langendoen, R. Evans, S. Gawler, C. Josse, G. Kittel, S. Menard, C. Nordman, M. Pyne, M. Reid, M. Russo, K. Schulz, K. Snow, J. Teague, and R. White. 2003-present. Ecological systems of the United States: A working classification of U.S. terrestrial systems. NatureServe, Arlington, VA.

Duchesne L. C. and B.C. Hawkes. 2000Fire in northern ecosystems. In: Brown, J.K. and J.K. Smith (eds.) Wildland fire in ecosystems: effects of fire on flora. Gen. Tech. Rep. RMRS-GTR-42-vol 2. Ogden, UT: USDA Forest Service, Rocky Mountain Research Station. 257 p.

Heinselman, M.L. 1981. Fire and succession in the conifer forests of northern North America. In: West, D.C., H.H. Shugart, and D.B. Botkin. Forest succession: concepts and application. Springer-Verlag, New York. Chapter 23.

Higuera, P.E., M. Chipman, J. Allen, S. Rupp and F.S. Hu. 2008. Preliminary data provided by Jenifer Allen from a study of tundra fire regimes in the Noatak National Preserve since 6000 years before present.
Higuera, Philip E., Barnes, Jennifer L.; Chipman, Melissa L.; Urban, Michael; Hu, Feng Sheng. 2011. The burning tundra: a look back to the last 6,000 years of fire in the Noatak National Preserve, northwestern Alaska. Alaska Park Science. 10(1): 37-41.

Higuera, Philip E.; Chipman, Melissa L.; Barnes, Jennifer L.; Urban, Michael A.; Hu, Feng Sheng. 2011. Variability of tundra fire regimes in Arctic Alaska: millennial-scale patterns and ecological implications. Ecological Applications. 21(8): 3211-3226. 

Innes, Robin J. 2013. Fire regimes of Alaskan tundra communities. In: Fire Effects Information System, [Online]. U.S. Department of Agriculture, Forest Service, Rocky Mountain Research Station, Fire Sciences Laboratory (Producer). Available: http://www.fs.fed.us
/database/feis/fire_regimes/AK_tundra/all.html [2016, June 28].

Jandt, R.J. and R.C. Meyers. 2000.  Recovery of lichen in tussock tundra following fire in Northwestern Alaska. USDOI BLM-Alaska Open File Report 82.  

Jandt, Randi; Joly, Kyle; Meyers, C. Randy; Racine, Charles. 2008. Slow recovery of lichen on burned caribou winter range in Alaska tundra: potential influences of climate warming and other disturbance factors. Arctic, Antarctic, and Alpine Research. 40(1): 89-95. 

Murphy, K.A. and E. Witten. 2006. Tussock Tundra 1. In Fire Regime Condition Class (FRCC) Interagency Guidebook Reference Conditions. Available at www.frcc.gov.

Payette, S., C. Morneau, L. Sirois, M. Desponts. 1989.  Recent fire history of the northern Quebec biomes.  Ecology. 70:656-673.

Personal communication experts’ workshop, March 2-4 2004.  Fire Regime Condition Class (FRCC) interagency experts’ workshop to develop and review Potential Natural Vegetation (PNV) groups for Alaska.  Anchorage, Alaska.  

Racine, C.H., L.A. Johnson, L.A. Viereck. 1987. Patterns of vegetation recovery after tundra fires in northwestern Alaska, USA.  Arctic and Alpine Research. 19:461-469. 

Racine. 1979. Climate of the Chucki-Imuruk area. Pages 32-37 in H. R. Melchior, ed., Biological Survey of the Bering Land Bridge National Monument. Alaska Cooperative Park Studies Unit, University of Alaska Fairbanks, Fairbanks, AK.

Racine, C. H., W. A. Patterson III, and J. G. Dennis. 1983. Permafrost thaw associated with tundra fires in northwest Alaska. Pages 1024-1029 in Proceedings, Permafrost, Fourth International Conference. National Academy Press, Washington, D.C.

Racine, C.H.; J.G. Dennis and W.A. Patterson III. 1985. Tundra fire regimes in the Noatak River Watershed, Alaska: 1956-83. Arctic 38:194-200.

Racine, C; J.L. Allen and J.G. Dennis. 2006. Long-term monitoring of vegetation change following tundra fires in Noatak National Preserve, Alaska. Arctic Network of Parks inventory and monitoring program, National Park Service, Alaska Region. Report no. NPS/AKRARCN/NRTR-2006/02.

Sae-Lim, J., Russell, J. M., Vachula, R. S., Holmes, R. M., Mann, P. J., Schade, J. D., and Natali, S. M. 2019. Temperature-controlled tundra fire severity and frequency during the last millennium in the Yukon-Kuskokwim Delta, Alaska. The Holocene. 29(7): 1223-1233.

Viereck, L.A. 1975. Forest ecology of the Alaska Taiga.  In: Proceedings of the circumpolar conference on northern ecology; 1975 September; Ottawa, ON. National Research Council of Canada: I-1 to I-22. 

Viereck et al. 1992.  The Alaska vegetation classification. Pacific Northwest Research Station, USDA Forest Service, Portland, OR. Gen. Tech. Rep. PNW-GTR286. 278 p. 

Viereck, L.A.; Schandelmeier, L.A. 1980. Effects of fire in Alaska and adjacent Canada--a literature review. BLM-Aalska Tech. Rep. No. 6. Anchorage, Alaska: U.S. Department of the Interior, Bureau of Land Management. 124 p

Walker, D.A. 1996. Disturbance and Recovery of Arctic Alaskan Vegetation. In: JF Reynolds and JD Tenhunen eds, Landscape function and disturbance in arctic tundra. Ecological studies vol. 120, Springer Verlag Berlin Heidleberg 

Wein, R.W. 1971. Panel discussion: In: Slaughter, C.W., Barney, Richard J., and Hansen, G.M. (editors). 1971. Fire in the Northern Environment – A Symposium. Sponsors: Alaska Forest Fire Counc il and Society of American Foresters. Held at: The University of Alaska, Fairbanks. April 13-14, 1971. Published by: Pacific. 

Wein, R.W. 1976. Frequency and characteristics of arctic tundra fires. Arctic 29: 213-222.",,16282_67_68_69_70_71_72_73_74_75_76_77.docx,,,,,
Herbaceous,68,This Biophysical Setting (BpS) was split into frequent and infrequent fire variants so regional differences in fire frequency could be represented. The frequent fire variant applies to mapzone 68 within level 2 ecoregions (Nowacki et al. 2001) Intermontane Boreal and Bering Tundra. In all other areas the infrequent fire variant applies.,"This BpS occurs throughout arctic Alaska, from the Bristol Bay lowlands in southwestern Alaska to the North Slope on the Arctic Ocean as well as in lowland through subalpine zones of boreal and boreal transition (northern portion and higher elevation) regions of Alaska.","Tussock tundra is common in valleys and slopes throughout arctic Alaska. These sites are cold, poorly to very poorly drained, gleyed, and underlain by mesic, silty mineral soils often with a shallow, poorly decomposed organic horizon at the surface, which may constitute most of the active layer surrounding the tussocks (Viereck et al. 1992). Permafrost is usually present at depths of 30-55 cm. Frost scars are common. Lichens are more common on the drier tussock tundra sites in western Alaska, such as on adjacent loess covered and rounded slopes of plains, hill summits, and mountain summits (domes). Patch size is small to large. Tussock bog communities occur on lowlands of boreal and boreal transition Alaska, on filled-in sloughs on floodplains and on cold, poorly drained slopes and terraces. These sites are underlain by wet, silty mineral soils with a surface peat layer 10 to 40 cm thick surrounding the tussocks (Viereck et al. 1992).
Vegetation Description 
Tussock tundra has >35% cover of sedges in a tussock growth form. The combined cover of dwarf- and low shrubs is <25%, and dwarf-shrubs may be common. Lichen cover is typically <25%. Eriophorum vaginatum is the primary tussock-former in most stands, but Carex bigelowii may dominate some sites. Calamagrostis canadensis, Arctagrostis latifolia, and Chamerion latifolium (= Epilobium latifolium) may be common (the latter, especially after fire). On wetter sites, Vaccinium spp. (= Oxycoccus spp.) and Chamaedaphne calyculata may be present. Shrubs include Betula nana, Ledum palustre ssp. decumbens, Vaccinium vitis-idaea, and Vaccinium uliginosum. Mosses (Sphagnum spp., Polytrichum strictum, and Hylocomium splendens) may form a nearly continuous mat between tussocks. Lichens may include Flavocetraria cucullate (= Cetraria cucullata), Cetraria islandica, Cladonia spp., Cladonia rangiferina (= Cladina rangiferina), and Thamnolia subuliformis. There are also distinctions between acidic and non-acidic tussock tundra. Acidic sites have more ericaceous shrubs and Sphagnum and less Eriophorum spp., Betula nana, and Carex bigelowii. Acidic sites also have more organic matter build-up, and the tussocks tend to be larger. 
BpS Dominant and Indicator Species
Species names are from the NRCS PLANTS database. Check species codes at http://plants.usda.gov.",,"In 2013 an extensive search was done by FEIS staff to locate information for a synthesis on fire regimes of Alaskan tundra communities (Innes 2013). The literature reviewed at that time reported mean fire return interval estimates for tussock-shrub tundra ecosystems in Alaska during the late Holocene of:
260 years (range 30-840; Higuera et al. 2011) in Noatak National Preserve, 
142 years (range 115-174; Higuera et al. 2011) in Noatak National Preserve,
263 years (range 175-374; Higuera et al. 2011) in Noatak National Preserve, and
>5000 years on the North Slope (Jandt et al. 2008).
Jennifer Allen (personal communication) reported a fire-return interval of approximately 240yrs for tundra on the Seward Peninsula and 1,000yrs+ on the Beaufort Coastal Plain based on lake-core records. Charcoal sediment-based estimates of fire frequency for tundra in the Brook Range and to the north report fire frequencies of well over 1000 years (Sae-Lim et al. 2019).

More fires occur near the forest-tundra ecotone and spread further if trees are present (Heinselman 1981). Wein (1976) reports that July and August are the most common months for lightning fires in tundra ecosystems, while Racine et al. (1983; 1985) found that distinct fire seasons occur in both June and July in the Noatak River watershed. Subsidence and thermal erosion following fire is usually minimal in tundra ecosystems (Walker 1996). 

The fire regime of tundra systems varies from one region to another, making generalizations difficult (Viereck and Schandelmeier 1980), and rapid recovery following fire makes fire frequency difficult to determine (Wein 1971). The fuel layer in sedge-shrub tussock tundra is dense and continuous and leads to large, fast spreading fires (Duchesne and Hawkes 2000; Racine et al. 1987). Racine (1979) found much variation in burn intensity on a landscape scale on the Seward Peninsula, from completely unburned to intensely burned. These patterns are related to variations in topography and the composition, moisture content, and soil organic accumulations of the plant communities. Fires in Eriophorum tussock tundra types tend to be light because of the wet soil profile (Wein 1971). Burns in this type usually consume all aerial woody and herbaceous plant material and litter; regeneration is vigorous via rhizomes and root sprouts. Racine (1979) found that burning was generally less severe in the tussock-shrub and sedge-shrub tundras than in the birch and ericaceous shrub tundra of the Seward Peninsula. He found that tundra burns were patchy, with unburned communities and unburned patches within burned communities.

In most areas of tussock-shrub tundra on the Seward Peninsula, less than one half of accumulated organic soil layer was removed by fire (Racine 1979). Thaw depths increased to reach into the mineral soils but were not greatly increased except where organics were removed. Frost features were made more conspicuous, and soil nutrient concentrations (K and P) increased locally.

In interior and southcentral Alaska Tussock Tundra sites, the thaw pond cycle (disturbance leads to thawing of permafrost and ponding) and paludification (Sphagnum layer buildup and saturation) are important disturbances. On the Seward Peninsula and western AK, frost action creates polygonal ground and other periglacial features and is a widespread, small-scale and continuous disturbance.

Change in the arctic and subarctic climate is another source of disturbance that is currently affecting tundra ecosystems.
Fire Frequency 
Fire interval is expressed in years for each fire severity class and for all types of fire combined (All Fires). Average FI is the central tendency modeled. Percent of all fires is the percent of all fires modeled in that severity class. Minimum and Maximum FIs show the relative range of fire intervals as estimated by model contributors, if known.","Vegetation is found in large patches.

Wien (1976) reports many tundra fires in the 1 to 100 ha size range and few large (thousands of ha) fires. Racine (1979) reports that in 1977, lightning-caused fires burned 35,480 ha on the Seward Peninsula, with one fire burning 9,440 ha. Jandt and Meyers (2000) report that large fires (>200,000 ha) occur about every 10yrs in the Buckland Valley and surrounding highlands of the Seward Peninsula. Racine et al. (1983) found that 40 fires burned 100,000 ha (1000 km2) in the 30,000 km2 watershed of the Noatak River between 1956 and 1981. Racine et al. (1985) found a minimum fire size of .4 ha, a maximum fire size of 45,800 ha and a mean fire size of 1310 ha from 1956-1983 in the Noatak River watershed, an area dominated by tundra vegetation. Of the 79 fires analyzed by Racine et al. (1985), nearly half were between 1 and 10 ha in size. Forty-three percent of wildland fires occurring in interior Alaska occur in treeless areas, primarily tundra bogs and fens (Viereck 1975).",,Most of the fire regime literature available for tundra ecosystems in Alaska is from the Seward Peninsula and Noatak River Watershed where fire occurs more frequently than other regions of the state (Innes 2013). Little is known about fire history in arctic tundra communities in northern and northwestern Alaska (Innes 2013).,"According to Innes 2013: “Because most of the area occupied by tundra in Alaska is sparsely populated and has little road access, fire regimes in tundra may not differ much from historical regimes [Chapin et al. 2000; DeWilde and Chapin 2006; Heinselman 1981]. As of 2006, about 66% of interior Alaska was considered to have an essentially ""natural"" fire regime, with few human ignitions, negligible suppression activity, and many large, lightning-caused fires.” Innes 2013 provides information about climate change and Alaska tundra communities.","1/2023 Kori Blankenship split the BpS model and description into frequent and infrequent fire model variants based on feedback from participants in the virtual Tundra Work Session held in the winter 2022. Jennifer Barnes suggested a fire return interval of approximately 120 years for the frequent fire model. Reviewer feedback is needed to refine the geographic range of the frequent and infrequent fire model variants.

In 2021 NatureServe merged Western North American Boreal Tussock Tundra
 (BpS 1629), Alaska Arctic Tussock Tundra (BpS 16940), and Alaska Arctic Tussock-Lichen Tundra (16950) into one Ecological System: North American Arctic and Subarctic Tussock Tundra. Pat Comer and Kori Blankenship merged the BpS descriptions and used the 16290 state-and-transition model to represent the new Ecological System concept. 

The 16290 BpS model and description was created by Jennifer Allen based on the Tussock Tundra 1 PNVG model description (Murphy and Witten 2006) and was reviewed by Lisa Saperstein and Stuart Chapin. The 16941 and 16942 BpS models and descriptions were created by Coleen Ryan, Kori Blankenship, and Keith Bogs with review by Janet Jorgenson. BpS 16950 was previously lumped with 16941 and 16942. Experts who attended LANDFIRE modeling meetings in Nov. 2007 and April 2008 provided input on BpS model development for all of these systems. 

The 16290 state-and-transition model was originally developed with two herbaceous classes: a Mesic Graminoid Tussock and a Wet Graminoid Tussock class. When it was determined that the LANDFIRE project would not be able to distinguish these classes based on a Viereck et al. (1992) based existing vegetation map, these two classes were lumped into what is now Class A. Experts at the Fairbanks meeting indicated the need for a late seral sphagnum tussock bog stage that would develop as a result of paludification in Class B. The state-and-transition model does not include that stage because it would be hard to distinguish for mapping using LANDFIRE methods.

Succession Classes

Mapping Rules
Succession class letters A-E are described in the Succession Class Description section. Some classes use a leafform distinction where a qualifier is added to the class letter: Brdl (broadleaf), Con (conifer), or Mix (mixed conifer and broadleaf). UN refers to uncharacteristic native or a combination of height and cover that would not be expected under the reference condition. NP refers to not possible or a combination of height and cover which is not physiologically possible for the species in the BpS.


Description
Class A	89				Early Development 1 - All Structures

Indicator Species

Description
Mesic graminoid tussocks dominates for the first 10yrs or longer. First year following fire, Eriophorum (cottongrass) and Carex spp. (sedges) regrow via rhizomes, most vascular species begin to recover, and shrubs sprout from rootstock. Sedges often capture site 6-10yrs post fire. Grasses (Calamagrostis and Arctagrostis) are locally important following fire. A high severity fire can lead to increased shrub development, whereas a low to moderate severity fire typically leads to the development of a wet graminoid tussock stage. 

Wet graminoid tussock can dominate some sites developing about 10yrs post fire. It is the most common stage after a low to moderate severity fire. Over time paludification results in the development of a sphagnum tussock bog (the model does not include the sphagnum tussock bog stage because it would be hard to distinguish for mapping using LANDFIRE methods). 4

Maximum Tree Size ClassNone
Class B	11				Late Development 1 - All Structures

Indicator Species

Description
Dwarf shrub, tussock. Most common stage after a high severity fire. Tussocks dominated by Eriophorum (cottongrass) and Carex spp. (sedges). Common shrubs include Oxycoccus spp. (Vaccinium oxycoccus), Chamaedaphne calyculata, Betula nana, Ledum decumbens, and Vaccinium spp. Lichens begin to re-establish but do not reach former abundance until 50-120yrs following fire. Fire is difficult to detect even in the early stages of this class, however the proportions of species differs from the pre-burn community, with very few lichens, fewer shrubs and more sedges, grasses, and cottongrass. Former abundances of all species are typically reached 50-120yrs post fire.

Maximum Tree Size ClassNone
Model Parameters
Deterministic Transitions
Probabilistic Transitions","Chapin, F. S., III; McGuire, A. D.; Randerson, J.; Pielke, R., Sr.; Baldocchi, D.; Hobbie, S. E.; Roulet, N.; Eugster, W.; Kasischke, E.; Rastetter, E. B.; Zimov, S. A.; Running, S. W. 2000. Arctic and boreal ecosystems of western North America as components of the climate system. Global Change Biology. 6(Supplement 1): 211-223. 

Comer, P., D. Faber-Langendoen, R. Evans, S. Gawler, C. Josse, G. Kittel, S. Menard, C. Nordman, M. Pyne, M. Reid, M. Russo, K. Schulz, K. Snow, J. Teague, and R. White. 2003-present. Ecological systems of the United States: A working classification of U.S. terrestrial systems. NatureServe, Arlington, VA. 

DeWilde, La'ona; Chapin, F. Stuart, III. 2006. Human impacts on the fire regime of interior Alaska: interactions among fuels, ignition sources, and fire suppression. Ecosystems. 9(8): 1342-1353. 

Duchesne L. C. and B.C. Hawkes. 2000. Fire in northern ecosystems. In: Brown, J.K. and J.K. Smith (eds.) Wildland fire in ecosystems: effects of fire on flora. Gen. Tech. Rep. RMRS-GTR-42-vol 2. Ogden, UT: USDA Forest Service, Rocky Mountain Research Station. 257 p.

Heinselman, Miron L. 1981. Fire intensity and frequency as factors in the distribution and structure of northern ecosystems. In: Mooney, H. A.; Bonnicksen, T. M.; Christensen, N. L.; Lotan, J. E.; Reiners, W. A., technical coordinators. Fire regimes and ecosystem properties: Proceedings of the conference; 1978 December 11-15; Honolulu, HI. Gen. Tech. Rep. WO-26. Washington, DC: U.S. Department of Agriculture, Forest Service: 7-57. 

Heinselman, M.L. 1981. Fire and succession in the conifer forests of northern North America. In: West, D.C., H.H. Shugart, and D.B. Botkin. Forest succession: concepts and application. Springer-Verlag, New York. Chapter 23.

Higuera, P.E., M. Chipman, J. Allen, S. Rupp and F.S. Hu. 2008. Preliminary data provided by Jenifer Allen from a study of tundra fire regimes in the Noatak National Preserve since 6000 years before present.

Higuera, Philip E., Barnes, Jennifer L.; Chipman, Melissa L.; Urban, Michael; Hu, Feng Sheng. 2011. The burning tundra: a look back to the last 6,000 years of fire in the Noatak National Preserve, northwestern Alaska. Alaska Park Science. 10(1): 37-41.

Higuera, Philip E.; Chipman, Melissa L.; Barnes, Jennifer L.; Urban, Michael A.; Hu, Feng Sheng. 2011. Variability of tundra fire regimes in Arctic Alaska: millennial-scale patterns and ecological implications. Ecological Applications. 21(8): 3211-3226. 

Innes, Robin J. 2013. Fire regimes of Alaskan tundra communities. In: Fire Effects Information System, [Online]. U.S. Department of Agriculture, Forest Service, Rocky Mountain Research Station, Fire Sciences Laboratory (Producer). Available: http://www.fs.fed.us
/database/feis/fire_regimes/AK_tundra/all.html [2016, June 28].

Jandt, Randi; Joly, Kyle; Meyers, C. Randy; Racine, Charles. 2008. Slow recovery of lichen on burned caribou winter range in Alaska tundra: potential influences of climate warming and other disturbance factors. Arctic, Antarctic, and Alpine Research. 40(1): 89-95. 

Jandt, R.J. and R.C. Meyers. 2000. Recovery of lichen in tussock tundra following fire in Northwestern Alaska. USDOI BLM-Alaska Open File Report 82. 

Murphy, K.A. and E. Witten. 2006. Tussock Tundra 1. In Fire Regime Condition Class (FRCC) Interagency Guidebook Reference Conditions. Available at www.frcc.gov.

Payette, S., C. Morneau, L. Sirois, M. Desponts. 1989. Recent fire history of the northern Quebec biomes. Ecology. 70:656-673.

Personal communication experts’ workshop, March 2-4 2004. Fire Regime Condition Class (FRCC) interagency experts’ workshop to develop and review Potential Natural Vegetation (PNV) groups for Alaska. Anchorage, Alaska. 

Racine, C.H., L.A. Johnson, L.A. Viereck. 1987. Patterns of vegetation recovery after tundra fires in northwestern Alaska, USA. Arctic and Alpine Research. 19:461-469. 

Racine. 1979. Climate of the Chucki-Imuruk area. Pages 32-37 in H. R. Melchior, ed., Biological Survey of the Bering Land Bridge National Monument. Alaska Cooperative Park Studies Unit, University of Alaska Fairbanks, Fairbanks, AK.

Racine, C. H., W. A. Patterson III, and J. G. Dennis. 1983. Permafrost thaw associated with tundra fires in northwest Alaska. Pages 1024-1029 in Proceedings, Permafrost, Fourth International Conference. National Academy Press, Washington, D.C.

Racine, C.H.; J.G. Dennis and W.A. Patterson III. 1985. Tundra fire regimes in the Noatak River Watershed, Alaska: 1956-83. Arctic 38:194-200.

Racine, C; J.L. Allen and J.G. Dennis. 2006. Long-term monitoring of vegetation change following tundra fires in Noatak National Preserve, Alaska. Arctic Network of Parks inventory and monitoring program, National Park Service, Alaksa Region. Report no. NPS/AKRARCN/NRTR-2006/02.

Sae-Lim, J., Russell, J. M., Vachula, R. S., Holmes, R. M., Mann, P. J., Schade, J. D., and Natali, S. M. 2019. Temperature-controlled tundra fire severity and frequency during the last millennium in the Yukon-Kuskokwim Delta, Alaska. The Holocene. 29(7): 1223-1233.

Viereck, L.A. 1975. Forest ecology of the Alaska Taiga. In: Proceedings of the circumpolar conference on northern ecology; 1975 September; Ottawa, ON. National Research Council of Canada: I-1 to I-22. 

Viereck et al. 1992. The Alaska vegetation classification. Pacific Northwest Research Station, USDA Forest Service, Portland, OR. Gen. Tech. Rep. PNW-GTR286. 278 p. 

Viereck, L.A.; Schandelmeier, L.A. 1980. Effects of fire in Alaska and adjacent Canada--a literature review. BLM-Aalska Tech. Rep. No. 6. Anchorage, Alaska: U.S. Department of the Interior, Bureau of Land Management. 124 p

Walker, D.A. 1996. Disturbance and Recovery of Arctic Alaskan Vegetation. In: JF Reynolds and JD Tenhunen eds, Landscape function and disturbance in arctic tundra. Ecological studies vol. 120, Springer Verlag Berlin Heidleberg 

Wein, R.W. 1976. Frequency and characteristics of arctic tundra fires. Arctic, 29,213-222.

Wein, R.W. 1971. Panel discussion: In: Slaughter, C.W., Barney, Richard J., and Hansen, G.M. (editors). 1971. Fire in the Northern Environment – A Symposium. Sponsors: Alaska Forest Fire Counc il and Society of American Foresters. Held at: The University of Alaska, Fairbanks. April 13-14, 1971. Published by: Pacific.",16291_68.docx,,,,,
Herbaceous,"67, 68, 69, 70, 71, 72, 73, 74, 76",This Biophysical Setting (BpS) was split into frequent and infrequent fire variants so regional differences in fire frequency could be represented. The frequent fire variant applies to mapzone 68 within level 2 ecoregions (Nowacki et al. 2001) Intermontane Boreal and Bering Tundra. In all other areas the infrequent fire variant applies.,"This BpS occurs throughout arctic Alaska, from the Bristol Bay lowlands in southwestern Alaska to the North Slope on the Arctic Ocean as well as in lowland through subalpine zones of boreal and boreal transition (northern portion and higher elevation) regions of Alaska.","Tussock tundra is common in valleys and slopes throughout arctic Alaska. These sites are cold, poorly to very poorly drained, gleyed, and underlain by mesic, silty mineral soils often with a shallow, poorly decomposed organic horizon at the surface, which may constitute most of the active layer surrounding the tussocks (Viereck et al. 1992). Permafrost is usually present at depths of 30-55 cm. Frost scars are common. Lichens are more common on the drier tussock tundra sites in western Alaska, such as on adjacent loess covered and rounded slopes of plains, hill summits, and mountain summits (domes). Patch size is small to large. Tussock bog communities occur on lowlands of boreal and boreal transition Alaska, on filled-in sloughs on floodplains and on cold, poorly drained slopes and terraces. These sites are underlain by wet, silty mineral soils with a surface peat layer 10 to 40 cm thick surrounding the tussocks (Viereck et al. 1992).","Tussock tundra has >35% cover of sedges in a tussock growth form. The combined cover of dwarf- and low shrubs is <25%, and dwarf-shrubs may be common. Lichen cover is typically <25%. Eriophorum vaginatum is the primary tussock-former in most stands, but Carex bigelowii may dominate some sites. Calamagrostis canadensis and Arctagrostis latifolia may be common. On wetter sites, Vaccinium spp. (= Oxycoccus spp.) and Chamaedaphne calyculata may be present. Shrubs include Betula nana, Ledum palustre ssp. decumbens, Vaccinium vitis-idaea, and Vaccinium uliginosum. Mosses (Sphagnum spp., Polytrichum strictum, and Hylocomium splendens) may form a nearly continuous mat between tussocks. Lichens may include Flavocetraria cucullate (= Cetraria cucullata), Cetraria islandica, Cladonia spp., Cladonia rangiferina (= Cladina rangiferina), and Thamnolia subuliformis. There are also distinctions between acidic and non-acidic tussock tundra. Acidic sites have more ericaceous shrubs and Sphagnum and less Eriophorum spp., Betula nana, and Carex bigelowii. Acidic sites also have more organic matter build-up, and the tussocks tend to be larger. 
BpS Dominant and Indicator Species
Species names are from the NRCS PLANTS database. Check species codes at http://plants.usda.gov.","In 2013 an extensive search was done by FEIS staff to locate information for a synthesis on fire regimes of Alaskan tundra communities (Innes 2013). The literature reviewed at that time reported mean fire return interval estimates for tussock-shrub tundra ecosystems in Alaska during the late Holocene of:
260 years (range 30-840; Higuera et al. 2011) in Noatak National Preserve, 
142 years (range 115-174; Higuera et al. 2011) in Noatak National Preserve,
263 years (range 175-374; Higuera et al. 2011) in Noatak National Preserve, and
>5000 years on the North Slope (Jandt et al. 2008).
Jennifer Allen (personal communication) reported a fire-return interval of approximately 240yrs for tundra on the Seward Peninsula and 1,000yrs+ on the Beaufort Coastal Plain based on lake-core records. Charcoal sediment-based estimates of fire frequency for tundra in the Brook Range and to the north report fire frequencies of well over 1000 years (Sae-Lim et al. 2019).

On interior and southcentral Alaska Tussock Tundra sites, the thaw pond cycle (disturbance leads to thawing of permafrost and ponding) and paludification (Sphagnum layer buildup and saturation) are important disturbances. On the Seward Peninsula and western AK, frost action creates polygonal ground and other periglacial features and is a widespread, small-scale and continuous disturbance.

Change in the arctic and subarctic climate is another source of disturbance that is currently affecting tundra ecosystems.
Fire Frequency 
Fire interval is expressed in years for each fire severity class and for all types of fire combined (All Fires). Average FI is the central tendency modeled. Percent of all fires is the percent of all fires modeled in that severity class. Minimum and Maximum FIs show the relative range of fire intervals as estimated by model contributors, if known.",Vegetation is found in large patches.,,Most of the fire regime literature available for tundra ecosystems in Alaska is from the Seward Peninsula and Noatak River Watershed where fire occurs more frequently than other regions of the state (Innes 2013). Little is known about fire history in arctic tundra communities in northern and northwestern Alaska (Innes 2013).,Innes 2013 provides information about climate change and Alaska tundra communities.,"1/2023 Kori Blankenship split the BpS model and description into frequent and infrequent fire model variants based on feedback from participants in the virtual Tundra Work Session held in the winter 2022. Jennifer Barnes suggested a fire return interval of approximately 120 years for the frequent fire model. It is difficult to select a fire frequency for the infrequent fire variant because studies report frequencies of ~1600 to 6000 years for tundra ecosystems in and north of the Brooks Range and in the Yukon-Kuskokwim Delta ecoregion (Sae-Lim et al. 2019). Because fire is so infrequent, fire related successional dynamics are not included in this model. Reviewer feedback is needed to refine the geographic range of the frequent and infrequent fire model variants.

In 2021 NatureServe merged Western North American Boreal Tussock Tundra
 (BpS 1629), Alaska Arctic Tussock Tundra (BpS 16940), and Alaska Arctic Tussock-Lichen Tundra (16950) into one Ecological System: North American Arctic and Subarctic Tussock Tundra. Pat Comer and Kori Blankenship merged the BpS descriptions and used the 16290 state-and-transition model to represent the new Ecological System concept. 

The 16290 BpS model and description was created by Jennifer Allen based on the Tussock Tundra 1 PNVG model description (Murphy and Witten 2006) and was reviewed by Lisa Saperstein and Stuart Chapin. The 16941 and 16942 BpS models and descriptions were created by Coleen Ryan, Kori Blankenship, and Keith Bogs with review by Janet Jorgenson. BpS 16950 was previously lumped with 16941 and 16942. Experts who attended LANDFIRE modeling meetings in Nov. 2007 and April 2008 provided input on BpS model development for all of these systems. 

The 16290 state-and-transition model was originally developed with two herbaceous classes: a Mesic Graminoid Tussock and a Wet Graminoid Tussock class. When it was determined that the LANDFIRE project would not be able to distinguish these classes based on a Viereck et al. (1992) existing vegetation map, these two classes were lumped into what is now Class A. Experts at the Fairbanks meeting indicated the need for a late seral sphagnum tussock bog stage that would develop as a result of paludification in Class B. The state-and-transition model does not include that stage because it would be hard to distinguish for mapping using LANDFIRE methods.

Succession Classes
Mapping Rules
Succession class letters A-E are described in the Succession Class Description section. Some classes use a leafform distinction where a qualifier is added to the class letter: Brdl (broadleaf), Con (conifer), or Mix (mixed conifer and broadleaf). UN refers to uncharacteristic native or a combination of height and cover that would not be expected under the reference condition. NP refers to not possible or a combination of height and cover which is not physiologically possible for the species in the BpS.


Description
Class A	100				Mid Development 1 - All Structures

Indicator Species

Description
Tussocks dominated by Eriophorum (cottongrass) and Carex spp. (sedges). Common shrubs include Oxycoccus spp. (Vaccinium oxycoccus), Chamaedaphne calyculata, Betula nana, Ledum decumbens, and Vaccinium spp. 

Maximum Tree Size ClassNone
Model Parameters
Deterministic Transitions
Probabilistic Transitions","Chapin, F. S., III; McGuire, A. D.; Randerson, J.; Pielke, R., Sr.; Baldocchi, D.; Hobbie, S. E.; Roulet, N.; Eugster, W.; Kasischke, E.; Rastetter, E. B.; Zimov, S. A.; Running, S. W. 2000. Arctic and boreal ecosystems of western North America as components of the climate system. Global Change Biology. 6(Supplement 1): 211-223. 

Comer, P., D. Faber-Langendoen, R. Evans, S. Gawler, C. Josse, G. Kittel, S. Menard, C. Nordman, M. Pyne, M. Reid, M. Russo, K. Schulz, K. Snow, J. Teague, and R. White. 2003-present. Ecological systems of the United States: A working classification of U.S. terrestrial systems. NatureServe, Arlington, VA. 

DeWilde, La'ona; Chapin, F. Stuart, III. 2006. Human impacts on the fire regime of interior Alaska: interactions among fuels, ignition sources, and fire suppression. Ecosystems. 9(8): 1342-1353. 

Duchesne L. C. and B.C. Hawkes. 2000. Fire in northern ecosystems. In: Brown, J.K. and J.K. Smith (eds.) Wildland fire in ecosystems: effects of fire on flora. Gen. Tech. Rep. RMRS-GTR-42-vol 2. Ogden, UT: USDA Forest Service, Rocky Mountain Research Station. 257 p.

Heinselman, Miron L. 1981. Fire intensity and frequency as factors in the distribution and structure of northern ecosystems. In: Mooney, H. A.; Bonnicksen, T. M.; Christensen, N. L.; Lotan, J. E.; Reiners, W. A., technical coordinators. Fire regimes and ecosystem properties: Proceedings of the conference; 1978 December 11-15; Honolulu, HI. Gen. Tech. Rep. WO-26. Washington, DC: U.S. Department of Agriculture, Forest Service: 7-57. 

Heinselman, M.L. 1981. Fire and succession in the conifer forests of northern North America. In: West, D.C., H.H. Shugart, and D.B. Botkin. Forest succession: concepts and application. Springer-Verlag, New York. Chapter 23.

Higuera, P.E., M. Chipman, J. Allen, S. Rupp and F.S. Hu. 2008. Preliminary data provided by Jenifer Allen from a study of tundra fire regimes in the Noatak National Preserve since 6000 years before present.

Higuera, Philip E., Barnes, Jennifer L.; Chipman, Melissa L.; Urban, Michael; Hu, Feng Sheng. 2011. The burning tundra: a look back to the last 6,000 years of fire in the Noatak National Preserve, northwestern Alaska. Alaska Park Science. 10(1): 37-41.

Higuera, Philip E.; Chipman, Melissa L.; Barnes, Jennifer L.; Urban, Michael A.; Hu, Feng Sheng. 2011. Variability of tundra fire regimes in Arctic Alaska: millennial-scale patterns and ecological implications. Ecological Applications. 21(8): 3211-3226. 

Innes, Robin J. 2013. Fire regimes of Alaskan tundra communities. In: Fire Effects Information System, [Online]. U.S. Department of Agriculture, Forest Service, Rocky Mountain Research Station, Fire Sciences Laboratory (Producer). Available: http://www.fs.fed.us
/database/feis/fire_regimes/AK_tundra/all.html [2016, June 28].

Jandt, Randi; Joly, Kyle; Meyers, C. Randy; Racine, Charles. 2008. Slow recovery of lichen on burned caribou winter range in Alaska tundra: potential influences of climate warming and other disturbance factors. Arctic, Antarctic, and Alpine Research. 40(1): 89-95. 

Jandt, R.J. and R.C. Meyers. 2000. Recovery of lichen in tussock tundra following fire in Northwestern Alaska. USDOI BLM-Alaska Open File Report 82. 

Murphy, K.A. and E. Witten. 2006. Tussock Tundra 1. In Fire Regime Condition Class (FRCC) Interagency Guidebook Reference Conditions. Available at www.frcc.gov.

Payette, S., C. Morneau, L. Sirois, M. Desponts. 1989. Recent fire history of the northern Quebec biomes. Ecology. 70:656-673.

Personal communication experts’ workshop, March 2-4 2004. Fire Regime Condition Class (FRCC) interagency experts’ workshop to develop and review Potential Natural Vegetation (PNV) groups for Alaska. Anchorage, Alaska. 

Racine, C.H., L.A. Johnson, L.A. Viereck. 1987. Patterns of vegetation recovery after tundra fires in northwestern Alaska, USA. Arctic and Alpine Research. 19:461-469. 

Racine. 1979. Climate of the Chucki-Imuruk area. Pages 32-37 in H. R. Melchior, ed., Biological Survey of the Bering Land Bridge National Monument. Alaska Cooperative Park Studies Unit, University of Alaska Fairbanks, Fairbanks, AK.

Racine, C. H., W. A. Patterson III, and J. G. Dennis. 1983. Permafrost thaw associated with tundra fires in northwest Alaska. Pages 1024-1029 in Proceedings, Permafrost, Fourth International Conference. National Academy Press, Washington, D.C.

Racine, C.H.; J.G. Dennis and W.A. Patterson III. 1985. Tundra fire regimes in the Noatak River Watershed, Alaska: 1956-83. Arctic 38:194-200.

Racine, C; J.L. Allen and J.G. Dennis. 2006. Long-term monitoring of vegetation change following tundra fires in Noatak National Preserve, Alaska. Arctic Network of Parks inventory and monitoring program, National Park Service, Alaksa Region. Report no. NPS/AKRARCN/NRTR-2006/02.

Sae-Lim, J., Russell, J. M., Vachula, R. S., Holmes, R. M., Mann, P. J., Schade, J. D., and Natali, S. M. 2019. Temperature-controlled tundra fire severity and frequency during the last millennium in the Yukon-Kuskokwim Delta, Alaska. The Holocene. 29(7): 1223-1233.

Viereck, L.A. 1975. Forest ecology of the Alaska Taiga. In: Proceedings of the circumpolar conference on northern ecology; 1975 September; Ottawa, ON. National Research Council of Canada: I-1 to I-22. 

Viereck et al. 1992. The Alaska vegetation classification. Pacific Northwest Research Station, USDA Forest Service, Portland, OR. Gen. Tech. Rep. PNW-GTR286. 278 p. 

Viereck, L.A.; Schandelmeier, L.A. 1980. Effects of fire in Alaska and adjacent Canada--a literature review. BLM-Aalska Tech. Rep. No. 6. Anchorage, Alaska: U.S. Department of the Interior, Bureau of Land Management. 124 p

Walker, D.A. 1996. Disturbance and Recovery of Arctic Alaskan Vegetation. In: JF Reynolds and JD Tenhunen eds, Landscape function and disturbance in arctic tundra. Ecological studies vol. 120, Springer Verlag Berlin Heidleberg 

Wein, R.W. 1976. Frequency and characteristics of arctic tundra fires. Arctic, 29,213-222.

Wein, R.W. 1971. Panel discussion: In: Slaughter, C.W., Barney, Richard J., and Hansen, G.M. (editors). 1971. Fire in the Northern Environment – A Symposium. Sponsors: Alaska Forest Fire Counc il and Society of American Foresters. Held at: The University of Alaska, Fairbanks. April 13-14, 1971. Published by: Pacific.",16292_67_68_69_70_71_72_73_74_76.docx,,,,,
Forest and Woodland,"68, 69, 70, 71, 72, 73, 74, 75, 76, 77, 78",,"This Biophysical Setting (BpS) is found throughout interior Alaska from the southern slopes of the Brooks Range to southcentral AK (but not including the boreal transition) and west to the limit of coniferous tree growth (NatureServe 2008, Viereck 1983).","This BpS is found on north-facing slopes, gentle hills, and inactive alluvial surfaces underlain by shallow and ice-rich permafrost (NatureServe 2008; Viereck et al. 1992). Soils are poorly drained and consist of tussocks over peat or mineral soil (Jorgenson et al. 2001; Boggs and Sturdy 2005). Shallow, ice-rich permafrost retards the infiltration of surface water causing soil saturation and ponding. Active layer depth (i.e., depth of seasonal thaw) ranges from 20-40 inches below the ground surface. The live moss, duff, and organic soil layers may be up to 20 inches (50 cm) thick (Viereck 1973). In the Yukon Flats region, the surrounding hills partially isolate the Picea mariana lowlands from weather systems that moderate the climate of other regions of Interior Alaska. Comparatively warmer summers and cooler winters maintain a cold and continuous distribution of permafrost, which supports the development of black spruce tussock tundra.","A woodland system with Picea mariana is the dominant tree species. Permafrost soils often result in the stunted and chlorotic growth of black spruce. The tussock-forming sedge Eriophorum vaginatum contributes at least 25% of the vegetation cover (NatureServe 2008). Common understory shrubs include Betula nana (including B. glandulosa), Chamaedaphne calyculata, Empetrum nigrum, Ledum palustre ssp. decumbens, Ledum groenlandicum, Vaccinium uliginosum and V. vitis-idaea. Less common shrubs include Alnus viridis ssp. crispa, Salix pulchra, and S. arbusculoides. Associated herbaceous species include Carex bigelowii and Rubus chamaemorus (NatureServe 2008; Foote 1983; NMSU 2022). Mosses and lichens are usually abundant in the ground layer (Jorgenson et al. 2001; Boggs and Sturdy 2005). Dominant mosses include Sphagnum spp., Hylocomium splendens, Tomentypnum nitens, Pleurozium schreberi, Polytrichum juniperinum, and Ptilium crista-castrensis. Dominant lichens include Cladonia spp. and Peltigera aphthosa (Viereck 1983; Viereck et al. 1992).

BpS Dominant and Indicator Species
Species names are from the NRCS PLANTS database. Check species codes at http://plants.usda.gov.","Fire is the primary disturbance in this system (Foote 1983). Fire severity is generally sufficient to kill the overstory (Foote 1983; Lutz 1956; Todd and Jewkes 2006) and follows two basic scenarios – low and high severity burns. 

It has been noted that fires in this type of system in the Yukon Flats region are thought to be more complex (Johnstone et al. 2008). Lethal surface fire can occur alone but is most common in combination with crown fire. The soil organic layer is often consumed during crown and lethal surface fires (Johnstone 2003; Lutz 1960; Viereck 1983; Wein 1983). High combustion of the organic layer (high fire severity) led to increased densities of deciduous seedlings but not black spruce and had a positive influence on aboveground biomass of all species (Johnstone et al. 2020). 

Low severity fires, however, only remove the non-graminoid cover and the disturbance provides nutrients for tussocks, and tussocks become more productive (Viereck et al. 1992). Generally, black spruce is successful at replacing itself after fire on moister sites and sites burned at a low or moderate severity level where some level of organic layer is left unconsumed (Johnstone et al. 2010). Much of the land that burned in the 2004 Taylor Complex Fire region of interior AK are black spruce communities. Research between 2005 and 2016 in this fire complex showed low severity burn sites generally had the highest woody fuel loading and understory community composition correlated with multiple factors including moss depth, canopy cover, elevation, and aspect (Hammond et al. 2019). 

In a literature review, Fryer (1994a) reported mean fire return intervals (MFRI) of 73-113 years from fire history studies in boreal AK black spruce communities (Drury and Grissom 2008; Fastie et al. 2002; Kasischke et al. 2008; Kurkowski et al. 2008; Lloyd et al. 2005; Yarie 1981). Detailed information about fire disturbance in this BpS can be found in the “Fire regimes of Alaskan black spruce communities” (Fryer 2014a) and “Picea mariana” species review (Fryer 2014b).

Under appropriate conditions, this system can originate from a very late seral stage of the Boreal Black Spruce Dwarf-tree Peatland system.

Fire Frequency 
Fire interval is expressed in years for each fire severity class and for all types of fire combined (All Fires). Average FI is the central tendency modeled. Percent of all fires is the percent of all fires modeled in that severity class. Minimum and Maximum FIs show the relative range of fire intervals as estimated by model contributors, if known.",Large patch (small patch),"This system tends to occur on a continuum between the Boreal Black Spruce Dwarf-tree Peatland system and the Boreal Low Shrub-Tussock Tundra system. Boreal Wet Black Spruce-Tussock Woodland occurs on sites that are slightly drier than tussock-shrub sites and slightly lower and wetter than wet black spruce sites.

The herb and shrub classes of this system are similar in structure and composition to the herb and shrub classes of the Boreal Low Shrub-Tussock Tundra system, but the Boreal Low Shrub-Tussock Tundra system occurs where site conditions prevent trees from invading.","With information dating back to the 1940s, Alaska’s fire history records provide limited information on recent fire history (Viereck and Schandelmeier 1980).",,"This BpS concept is similar to the Ecological Site Description: Boreal Woodland Loamy Frozen Plain Wet (ECOLOGICAL SITE XA232X02Y217).

The modeled fire severity in this BpS is mostly replacement severity because LANDFIRE defines replacement severity as >75% top-kill of the upper layer lifeform. Some reviewers of this system described the severity as low because fire generally killed the trees but did not kill the tussocks or ericaceous shrubs. 

2022 - Attendees of the Boreal Forest BpS Review Work Session in February 2022 agreed that a fire frequency of approximately 100 years was appropriate for this BpS. 

2015 - Fryer noted that the original modeled All Fire MFRI of 124 years was outside of the range found in the literature (i.e. 73-113 years). Blankenship adjusted the replacement fire frequencies, resulting in an All Fire MFRI of 100 years.

More information on black spruce forest can be found in the Fire Effects Information System Synthesis: Fire regimes of Alaskan black spruce communities (Fryer 2014a); and in the species review: Picea mariana (Fryer 2014b). 

During LANDFIRE National, this model was created for the boreal region of AK and did not receive review for other parts of the state. This model was based on input from the experts who attended the LANDFIRE Fairbanks (Nov. 07) modeling meeting and refined by Robert Lambrecht. Torre Jorgenson provided some information on the relationships between this system and adjacent systems.

Succession Classes

Mapping Rules
Succession class letters A-E are described in the Succession Class Description section. Some classes use a leafform distinction where a qualifier is added to the class letter: Brdl (broadleaf), Con (conifer), or Mix (mixed conifer and broadleaf). UN refers to uncharacteristic native or a combination of height and cover that would not be expected under the reference condition. NP refers to not possible or a combination of height and cover which is not physiologically possible for the species in the BpS.


Description
Class A	8				Early Development 1 - All Structures

Indicator Species

Description
This class is characterized by tussock forming sedges. Common species include Eriophorum vaginatum, Carex bigelowii and Rubus chamaemorus.


Maximum Tree Size ClassNone
Class B	27				Mid Development 1 - All Structures

Indicator Species

Description
Shrubs resprout quickly after fire, becoming the dominant, upper-level canopy layer in 6-25 years (Viereck 1983). Common species include Betula nana, Ledum palustre ssp. decumbens., Vaccinium uliginosum and V. vitis-idaea. 

Maximum Tree Size ClassSeedling/Sapling <5""
Class C	65				Late Development 1 - Open

Indicator Species

Description
This class is characterized by mature black spruce tussock forest (spruce cover generally 10-25%; tussock cover >25%). Overstory is dominated by Picea mariana. It is during this class when organic material begins to accumulate and a distinctive “active layer” appears, affecting fire behavior depending upon how dry it gets.  

Maximum Tree Size ClassPole 5–9"" (swd)/5–11"" (hwd)
Model Parameters
Deterministic Transitions
Probabilistic Transitions","Alexander, M. E.; Lanoville, R. A. 1989. Predicting fire behavior in the black spruce-lichen woodland fuel type of western and northern Canada. Edmonton, AB: Forestry Canada, Northern Forestry Centre; Fort Smith, NT: Government of the Northwest Territories, Department of Renewable Resources, Territorial Forest Fire Centre. Poster.

Auclair, A. N. D. 1983. The role of fire in lichen-dominated tundra and forest-tundra. In: Wein, Ross W.; MacLean, David A., eds. The role of fire in northern circumpolar ecosystems. Scope 18. New York: John Wiley & Sons: 235-256.

Bergeron, Yves; Fenton, Nicole J. 2012. Boreal forests of eastern Canada revisited: old growth, nonfire disturbances, forest succession, and biodiversity. Botany. 90(6): 509-523. 

Boggs, K. and Sturdy, M. 2005.  Plant associations and post-fire vegetation succession in Yukon-Charley Rivers National Preserve.  Alaska Natural Heritage Program, Environment and Natural Resources Institute, University of Alaska Anchorage. Prepared For: National Park Service, Landcover Mapping Program, National Park Service-Alaska Support Office, Anchorage, Alaska 99501.

Coen, Janice; Mahalingham, Shankar; Daily, John. 2004. Infrared imagery of crown-fire dynamics during FROSTFIRE. Journal of Applied Meterology. 43(9): 1241-1259.

Cronan, James; McKenzie, Donald; Olson, Diana. [n.d.]. Fire regimes of the Alaska boreal forest. Draft manuscript. Portland, OR: U.S. Department of Agriculture, Forest Service, Pacific Northwest Research Station. 124 p. In cooperation with: Seattle, WA: University of Washington, School of Forest Resources; New Haven, CT: Yale School of Forestry and Environmental Studies; Moscow, ID: University of Idaho; Fairbanks, AK: U.S. Department of the Interior, Bureau of Land Management, Alaska Fire Service. Available online: http://www.frames.gov/documents/alaska/fire_history/fire_regimes_alaskan_boreal_forest_draft_gtr.zip [2012, September 4]. 

Drury, S. A.; Grissom, P. J. 2008. Fire history and fire management implications in the Yukon Flats National Wildlife Refuge, interior Alaska. Forest Ecology and Management. 256(3): 304-312.

Duchesne, Luc C.; Hawkes, Brad C. 2000. Fire in northern ecosystems. In: Brown, James K.; Smith, Jane Kapler, eds. Wildland fire in ecosystems: Effects of fire on flora. Gen. Tech. Rep. RMRS-GTR-42-vol. 2. Ogden, UT: U.S. Department of Agriculture, Forest Service, Rocky Mountain Research Station: 35-51.

Fastie, Christopher L.; Lloyd, Andrea H.; Doak, Patricia. 2002. Fire history and postfire forest development in an upland watershed of interior Alaska. Journal of Geophysical Research. 107 (D1): 8150. doi:10.1029/2001JD000570. 

Foote, M. Joan. 1983. Classification, description, and dynamics of plant communities after fire in the taiga of interior Alaska. Res. Pap. PNW-307. Portland, OR: U.S. Department of Agriculture, Forest Service, Pacific Northwest Forest and Range Experiment Station. 108 p. 

Foster, David R. 1983. The history and pattern of fire in the boreal forest of southeastern Labrador. Canadian Journal of Botany. 61(9): 2459-2471.

Fryer, Janet L. 2014a. Fire regimes of Alaskan black spruce communities. In: Fire Effects Information System, [Online]. U.S. Department of Agriculture, Forest Service, Rocky Mountain Research Station, Fire Sciences Laboratory (Producer). Available: http://www.fs.fed.us/database/feis/fire_regimes/AK_black_spruce/all.html. 

Fryer, Janet L. 2014b. Picea mariana. In: Fire Effects Information System, [Online]. U.S. Department of Agriculture, Forest Service, Rocky Mountain Research Station, Fire Sciences Laboratory (Producer). Available: http://www.fs.fed.us/database/feis/plants/tree/picmar/all.html.

Hammond, D.H., Strand, E.K., Hudak, A.T. and B.A. Newingham. 2019. Boreal forest vegetation and fuel conditions 12 years after the 2004 Taylor Complex fires in Alaska, USA. Fire Ecology: volume 15:32. https://doi.org/10.1186/s42408-019-0049-5

Hanson, William A. 1979. Preliminary results of the Bear Creek fire effects studies. Proposed open file report. Anchorage, AK: U.S. Department of the Interior, Bureau of Land Management, Anchorage District Office. 83 p. On file with: U.S. Department of Agriculture, Forest Service, Rocky Mountain Research Station, Fire Sciences Laboratory, Missoula, MT; FEIS files. 

Heinselman, M.L. 1981. Fire and succession in the conifer forests of northern North America. In: West, D.C., H.H. Shugart, and D.B. Botkin. Forest succession: concepts and application. Springer-Verlag, New York. Chapter 23.

Johnson, Edward A. 1992. Fire and vegetation dynamics: Studies from the North American boreal forest. Cambridge Studies in Ecology. Cambridge, UK: Cambridge University Press. 129 p.

Johnstone, J. F., Celis, G, Chapin, F.S. III, Hollingsworth, T.N., Jean, M. and M.C. Mack. 2020.  Factors shaping alternative successional trajectories in burned black spruce forests of Alaska.  Ecosphere 11:5. https://doi.org/10.1002/ecs2.3129.

Johnstone, J., Hollingsworth, T , Chapin, F.S. III, and M.C. Mack.  2010.  Changes in Fire Regime Break the Legacy Lock on Successional Trajectories in Alaskan Boreal Forest.  Global Change Biology. https://doi.org/10.1111/j.1365-2486.2009.02051.x.

Johnstone, Jill Frances. 2003. Fire and successional trajectories in boreal forest: implications for response to a changing climate. Fairbanks, AK: University of Alaska Fairbanks. 201 p. Dissertation.

Jorgenson, M. T., J. E. Roth, M. D. Smith, S. Schlentner, W. Lentz, and E. R. Pullman.  2001.  An ecological land survey for Fort Greely, Alaska.  U.S. Army Cold Regions Research and Engineering Laboratory, Hanover, NH. ERDC/CRREL TR-01-04.  85 pp.

Kasischke, Eric S.; Turetsky, Merritt R.; Ottmar, Roger D.; French, Nancy H. F.; Hoy, Elizabeth E.; Kane, Evan S. 2008. Evaluation of the composite burn index for assessing fire severity in Alaskan black spruce forests. International Journal of Wildland Fire. 17(4): 515-526.

Kilgore, Bruce M.; Heinselman, Miron L. 1990. Fire in wilderness ecosystems. In: Hendee, John C.; Stankey, George H.; Lucas, Robert C., eds. Wilderness management. 2d ed. (Revised). Golden, CO: North American Press: 297-335. In cooperation with U.S. Department of Agriculture, Forest Service.

Kurkowski, Thomas A.; Mann, Daniel H.; Rupp, T. Scott; Verbyla, David L. 2008. Relative importance of different secondary successional pathways in an Alaskan boreal forest. Canadian Journal of Forest Research. 38(7): 1911-1923.

Lloyd, Andrea H.; Wilson, Alexis E.; Fastie, Christopher L.; Landis, R. Matthew. 2005. Population dynamics of black spruce and white spruce near the arctic tree line in the southern Brooks Range, Alaska. Canadian Journal of Forest Research. 35(9): 2073-2081

Lutz, H. J. 1953. The effects of forest fires on the vegetation of interior Alaska. Station Paper No. 1. Juneau, AK: U.S. Department of Agriculture, Forest Service, Alaska Forest Research Center. 36 p.

Lutz, H. J. 1956. Ecological effects of forest fires in the interior of Alaska. Tech. Bull. No. 1133. Washington, DC: U.S. Department of Agriculture, Forest Service. 121 p.

Lutz, H. J. 1960. Fire as an ecological factor in the boreal forest of Alaska. Journal of Forestry. 58(6): 454-460. [16603]

Lynch, Jason Anthony. 2001. Fire history of boreal forests: implications for past climate change. Durham, NC: Duke University. 175 p. Dissertation.

NatureServe. 2008. International Ecological Classification Standard: Terrestrial Ecological Classifications. Draft Ecological Systems Description for Alaska Boreal and Sub-boreal Regions.

New Mexico State University.  2022.  Ecological Site Descriptions available at:  https://edit.jornada.nmsu.edu/catalogs/esd.  

Norum, Rodney A. 1982. Predicting wildfire behavior in black spruce forests in Alaska. Res. Note PNW-401. Portland, OR: U.S. Department of Agriculture, Forest Fire, Pacific Northwest Forest and Range Experiment Station. 10 p. 

Rowe, J.S., J.L Bergsteinsson, G.A. Padbury, and R. Hermesh. 1974. Fire Studies in the Mackenzie Valley. ALUR Report 73-74-61. Arctic Land Use Research Program, Department of Indian Affairs and Human Development, Ottawa, Canada. 123 pp.

Todd, Susan K.; Jewkes, Holly Ann. 2006. Wildland fire in Alaska: a history of organized fire suppression and management in the last frontier. Bulletin No. 114. Fairbanks, AK: University of Alaska Fairbanks, Agricultural and Forestry Experiment Station. 63 p.

Viereck, Leslie A. 1973. Wildfire in the taiga of Alaska. Quaternary Research. 3(3): 465-495. 

Viereck, L.A. 1983. The effects of fire in black spruce ecosystems of Alaska and northern Canada. In: Wein, Ross W.; MacLean, David A., eds. The role of fire in northern circumpolar ecosystems. New York: John Wiley & Sons Ltd.: 201-220. Chapter 11.Viereck, L.A. Van Cleve, K. Dyrness, C.T. 1986. Forest Ecosystems in the Alaska Taiga. In: Van Cleve, K., Chapin F.S. III, Flanagan, P.W. (and others), eds. Forest Ecosystems in the Alaskan taiga: a synthesis of structure and function. New York: Springer-Verlag; 1986: 22-43.

Viereck, L. A.; Dyrness, C. T.; Batten, A. R.; Wenzlick, K. J. 1992. The Alaska vegetation classification. Gen. Tech. Rep. PNW-GTR-286. Portland, OR: U.S. Department of Agriculture, Forest Service, Pacific Northwest Research Station. 278 p.

Viereck, Leslie A.; Johnston, William F. 1990. Picea mariana (Mill.) B.S.P. black spruce. In: Burns, Russell M.; Honkala, Barbara H., technical coordinators. Silvics of North America. Volume 1. Conifers. Agric. Handb. 654. Washington, DC: U.S. Department of Agriculture, Forest Service: 227-237.

Viereck, Leslie A.; Schandelmeier, Linda A. 1980. Effects of fire in Alaska and adjacent Canada--a literature review. BLM-Alaska Tech. Rep. 6; BLM/AK/TR-80/06. Anchorage, AK: U.S. Department of the Interior, Bureau of Land Management, Alaska State Office. 124 p.
Wein, Ross W. 1983. Fire behaviour and ecological effects in organic terrain. In: Wein, Ross W.; MacLean, David A., eds. The role of fire in northern circumpolar ecosystems. Scope 18. New York: John Wiley & Sons: 81-95. [18505]

Yarie, John. 1981. Forest fire cycles and life tables: a case study from interior Alaska. Canadian Journal of Forest Research. 11(3): 554-562.

Yarie J. 1983. Forest community classification of the Porcupine River drainage, interior Alaska, and its application to forest management. USDA Forest Service GTR PNW-154.",16300_68_69_70_71_72_73_74_75_76_77_78.docx,,,,,
Herbaceous,"68, 69, 70, 71, 73, 74, 75, 76, 77, 78",,This Biophysical Setting (BpS) occurs on gentle slopes in subalpine and lower alpine environments throughout boreal AK (NatureServe 2008).,This BpS occurs on alpine and subalpine slopes. It tends to occur in small patches in a matrix with dwarf or low shrub systems. Soils are moist to mesic.,"Carex bigelowii is the dominant species. Other common species may include Luzula confusa and lichens. Dwarf shrubs such as Arctostaphylos alpina, Empetrum nigrum, Salix pulchra, Betula nana, and Vaccinium uliginosum are usually present, but contribute less than 25% to the canopy cover (NatureServe 2008, Boggs and Sturdy 2005). Wetter sites may include more sedges and Salix spp. This system may form a mosaic with dwarf and low shrub systems.
BpS Dominant and Indicator Species
Species names are from the NRCS PLANTS database. Check species codes at http://plants.usda.gov.","Little is known about the disturbance regime of this system. It tends to occur adjacent to low shrub and alpine tundra systems, and even in a patchy mosaic with dwarf and low shrub systems. Because these adjacent systems burn, it is likely that some fire will carry through this system, especially in drier periods. Fire frequency is likely to depend on the adjacent vegetation. For this model, the fire return interval (FRI) was estimated at twice that of the adjacent Western North American Boreal Mesic Scrub Birch-Willow Shrubland - Boreal BpS (16101).

Little is known about post-fire dynamics, but Carex bigelowii is expected to maintain its dominance. Dwarf shrubs are likely to resprout or establish gradually over time but will remain a minor component of the system.
Fire Frequency 
Fire interval is expressed in years for each fire severity class and for all types of fire combined (All Fires). Average FI is the central tendency modeled. Percent of all fires is the percent of all fires modeled in that severity class. Minimum and Maximum FIs show the relative range of fire intervals as estimated by model contributors, if known.",Small to large patch,There is no species overlap between boreal and Sub-boreal herbaceous alpine meadow types. Slope position may also be different. This BpS often occurs in a patchy mosaic with low and dwarf shrub types (Betula nana and ericaceous dwarf shrub types).,,,"In 2015, an extensive search was done by Fire Effects Information System staff to locate information for a synthesis on fire regimes of Alaskan wet and mesic herbaceous systems (Innes 2015). No published information was found on mesic herbaceous meadows in the boreal alpine and subalpine zones. 

During LANDFIRE National this model was created for the boreal region of AK and did not receive review for other parts of the state. Because no data are available about the dynamics of this fairly minor system, this model was based on best estimates, considering vegetation and site characteristics and the dynamics of adjacent vegetation types.

Page Spencer is a suggested reviewer for this system.

Succession Classes
Mapping Rules
Succession class letters A-E are described in the Succession Class Description section. Some classes use a leafform distinction where a qualifier is added to the class letter: Brdl (broadleaf), Con (conifer), or Mix (mixed conifer and broadleaf). UN refers to uncharacteristic native or a combination of height and cover that would not be expected under the reference condition. NP refers to not possible or a combination of height and cover which is not physiologically possible for the species in the BpS.


Description
Class A	100				Early Development 1 - All Structures

Indicator Species

Description
Mesic herbaceous. In interior Alaska, Carex bigelowii is the dominant species. Other herbaceous species, including Luzula confusa, are frequently present, along with a well-developed lichen layer. Dwarf shrubs such as Arctostaphylos alpina, Empetrum nigrum, Salix pulchra, and Betula nana are present, and in places can contribute 25% -50% to the canopy cover (Boggs and Sturdy 2005, Spellman pers. comm. 2022).

Although this system tends to be fairly moist, litter accumulation will provide enough fuel to carry a fire during dry periods. This BpS is relatively stable over time. 

Maximum Tree Size ClassNone
Model Parameters
Deterministic Transitions
Probabilistic Transitions","Boggs, K. and Sturdy, M. 2005.  Plant associations and post-fire vegetation succession in Yukon-Charley Rivers National Preserve.  Alaska Natural Heritage Program, Environment and Natural Resources Institute, University of Alaska Anchorage. Prepared For: National Park Service, Landcover Mapping Program, National Park Service-Alaska Support Office, Anchorage, Alaska 99501.

Boggs, K., A. Garibaldi, J. Stevens, J. Grunblatt, and T. Helt. 2001. Denali National Park and Preserve Landcover mapping project. Volume 2: Landcover classes and plant associations. Alaska Natural Heritage Program, Environment and Natural Resources Institute, University of Alaska Anchorage, 707 A Street, Anchorage, AK. 164 pp.

Innes, Robin J. 2015. Fire regimes of Alaskan wet and mesic herbaceous systems. In: Fire Effects Information System, [Online]. U.S. Department of Agriculture, Forest Service, Rocky Mountain Research Station, Missoula Fire Sciences Laboratory (Producer). Available: http://www.fs.fed.us/database/feis/fire_regimes/AK_wet_herbaceous/all.html [2016, August 2].

NatureServe. 2008. International Ecological Classification Standard: Terrestrial Ecological Classifications. Draft Ecological Systems Description for Alaska Boreal and Sub-boreal Regions.",16330_68_69_70_71_73_74_75_76_77_78.docx,,,,,
Shrubland,"68, 69, 70, 71, 72, 73, 74, 75, 76, 77, 78",,"This Biophysical Setting (BpS) is found in the alpine and subalpine areas of the boreal and sub-boreal regions of Alaska. To the southwest, the range includes the Ahklun Mtns. and the Aleutians and to the west it extends to the Nulato hills (Ecoregions 9 and 7, Nowacki et al. 2001).","This alpine and subalpine system occurs commonly on mountain sideslopes, low summits and ridges, windswept summits and ridges, and in alpine valleys, on sites throughout northern, western, and the boreal and boreal transition regions in Alaska. Sites in the boreal region are well-drained and mesic to somewhat dry. Sites that occur in the boreal transition regions are typically mesic and extend up to the alpine regions. Soils on alpine sites are thin, stony, and well-drained to excessively well-drained. Sites are generally exposed to the wind and do not accumulate much winter snow.","Within the boreal ecoregion, the dwarf shrub Empetrum nigrum both dominates and indicates the system (Boucher et al. 2016). Other dwarf-shrubs that may co-dominate in the core boreal region include Vaccinium uliginosum, Vaccinium vitis-idaea, Ledum palustre ssp. decumbens, Loiseuria procumbens, Salix arctica, Cassiope tetragona, Dryas octopetala, and Arctostaphylos spp. With increasing exposure to the desiccating effects of wind, the dwarf shrubs Dryas integrifolia and/or Dryas octopetala may become subdominant. With increasing maritime influence dwarf shrub codominance shifts to Harrimanella stelleriana, Phyllodoce aleutica, Harrimanella stelleriana, Cassiope lycopodioides, Vaccinium caespitosum, and Luetkea pectinata. 

The herbaceous component is variable and provides little cover. Frequent herbaceous species include Anthoxanthum monticola ssp. alpinum, Campanula lasiocarpa, Rhodiola integrifolia ssp. integrifolia, Arnica lessingii, Carex spectabilis, Cherleria spp., Anemone narcissiflora, Trisetum spicatum, Festuca altaica, and Artemisia arctica. 

Mosses can include Pleurozium schreberi, Polytrichum spp., and Racomitrium spp. Lichen cover increases with exposure where common lichens include Alectoria nigricans, Cetraria islandica, Cladina rangiferina, Cladina stellaris, Flavocetraria cucullata, Stereocaulon spp., and Thamnolia vermicularis. Cassiope and Harrimanella tundra sites occur on terrain that is well-protected by snow in the winter, and often remains snow-covered until the middle of the growing season. 

On alpine sites, canopy cover is sparse, generally less than 25%, due to extreme exposure. The shrub component is often mixed, with ericaceous shrubs, Dryas, and willows contributing to the layer. Exposed rock and lichens are abundant, and lichen cover is at least 25%. Fruticose lichens often co-dominate with the shrubs and can include Flavocetraria nivalis, Asahinea chrysantha, Umbilicaria spp., and Masonhalea richardsonii. 
BpS Dominant and Indicator Species
Species names are from the NRCS PLANTS database. Check species codes at http://plants.usda.gov.","Alpine shrub systems likely represent a relatively stable topoedaphic climax, but little is known about their successional dynamics (Viereck et al. 1992). Vegetation in these areas is controlled by the alpine environment, wind desiccation, and short growing season. 

In 2013 an extensive search was done by Fire Effects Information System staff to locate information for a synthesis on fire regimes of Alaskan tundra communities (Innes 2013). It is possible that fires caused by lightning strikes could affect small patches of vegetation, but little is known about the frequency, severity or seasonality of fires in this BpS. Lightning strikes in subalpine forest could spread to adjacent alpine tundra communities (Innes 2013). Fire spread was likely limited due to the sparse cover of fine fuels and barren areas acting as fire breaks. 

Recent soil surveys from the White Mountains near Fairbanks show fire related mosses (e.g. Ceratodon), grasses like Poa, and fireweed dominating post fire (personal communication Blaine Spellman). 

Fire Frequency 
Fire interval is expressed in years for each fire severity class and for all types of fire combined (All Fires). Average FI is the central tendency modeled. Percent of all fires is the percent of all fires modeled in that severity class. Minimum and Maximum FIs show the relative range of fire intervals as estimated by model contributors, if known.","Vegetation can be found in small or large patches. Fires are typically quite small, and their spread is inhibited by lack of fuel continuity.","Adjacent systems include Western North American Boreal Alpine Mesic Herbaceous Meadow, Alaska Sub-boreal and Maritime Alpine Mesic Herbaceous Meadow, or barren alpine classes (including talus or bedrock).",,,"10/2021 This description was updated by NatureServe staff and Kori Blankenship based on the updated Ecological Systems classification for Alaska. Edits focused on adjusting the Geographic Range, Biophysical Site Descriptions, and Vegetation Description sections.

In 2021 NatureServe merged Western North American Boreal Alpine Dwarf-Shrub Summit (BpS 16310), Western North American Boreal Alpine Dryas Dwarf-Shrubland (BpS 16340), Western North American Boreal Alpine Ericaceous Dwarf-Shrubland (16350), Western North American Boreal Alpine Dwarf-Shrub-Lichen Shrubland (16360) into one system called Western North American Boreal Alpine Dwarf-shrubland. Kori Blankenship revised this description accordingly. 

For LANDFIRE National this model was created by Kori Blankenship in consultation with Tina Boucher for the boreal region of AK and did not receive review for other parts of the state. 

Succession Classes

Mapping Rules
Succession class letters A-E are described in the Succession Class Description section. Some classes use a leafform distinction where a qualifier is added to the class letter: Brdl (broadleaf), Con (conifer), or Mix (mixed conifer and broadleaf). UN refers to uncharacteristic native or a combination of height and cover that would not be expected under the reference condition. NP refers to not possible or a combination of height and cover which is not physiologically possible for the species in the BpS.


Description
Class A	100				Early Development 1 - All Structures

Indicator Species

Description
Sparse, open, or closed dwarf shrubs dominate. Exposed rock and lichens can be abundant. Phyllodoce aleutica, Harrimenilla stelleriana, and Luetkea pectinata are potential indicators species in the ‘maritime boreal’ region.

This BpS is relatively stable over time. Continual wind disturbance maintains this BpS.

Maximum Tree Size ClassNone
Model Parameters
Deterministic Transitions
Probabilistic Transitions","Boggs, K., A. Garibaldi, J. Stevens, J. Grunblatt, and T. Helt. 2001. Denali National Park and Preserve Landcover mapping project. Volume 2: Landcover classes and plant associations. Alaska Natural Heritage Program, Environment and Natural Resources Institute, University of Alaska Anchorage, 707 A Street, Anchorage, AK. 164 p. 

Boggs, K. and Sturdy, M. 2005.  Plant associations and post-fire vegetation succession in Yukon-Charley Rivers National Preserve.  Alaska Natural Heritage Program, Environment and Natural Resources Institute, University of Alaska Anchorage. Prepared For: National Park Service, Landcover Mapping Program, National Park Service-Alaska Support Office, Anchorage, Alaska 99501.

Boucher, T.V., L.A. Flagstad, and B.L. Bernard. 2016. National Vegetation Classification: Boreal and Arctic Alaska Regional Analysis. Available: NationalVegetationClassification_BorealArcticAlaskaRegionalAnalysis.pdf. 

Comer, P., D. Faber-Langendoen, R. Evans, S. Gawler, C. Josse, G. Kittel, S. Menard, C. Nordman, M. Pyne, M. Reid, M. Russo, K. Schulz, K. Snow, J. Teague, and R. White. 2003-present. Ecological systems of the United States: A working classification of U.S. terrestrial systems. NatureServe, Arlington, VA.

DeVelice, R.L., Hubbard, C.J., Boggs, K. et al. 1999.  Plant community types of the Chugach National Forest. Tech. Publ. R10-TP-76. Juneau, AK: USDA Forest Service, Alaska Region. 375 p.

Innes, Robin J. 2013. Fire regimes of Alaskan tundra communities. In: Fire Effects Information System, [Online]. U.S. Department of Agriculture, Forest Service, Rocky Mountain Research Station, Fire Sciences Laboratory (Producer). Available: http://www.fs.fed.us
/database/feis/fire_regimes/AK_tundra/all.html [2016, June 28].

Viereck et al. 1992.  The Alaska vegetation classification. Pacific Northwest Research Station, USDA Forest Service, Portland, OR. Gen. Tech. Rep. PNW-GTR286. 278 p.",16350_68_69_70_71_72_73_74_75_76_77_78.docx,,,,,
Herbaceous,"68, 69, 70, 71, 72, 73, 74, 75, 76, 77, 78, 80",,The Biophysical Setting (BpS) is found in alpine and subalpine areas in the boreal and boreal transition regions of AK.,"This BpS includes seasonally flooded habitats in the alpine and subalpine zones. Sites are often associated with pond and lake margins or streams and may include floodplains; standing water is usually present. Wet meadows may develop in alpine basins and floodplains where surface water pools, especially after snow melt, along lake and pond margins where fluctuating water levels cause inundation, and along headwater and upper perennial streams where spring flows and precipitation events cause exceedances of bankfull width. Soils develop on alluvium and are typically shallow and well-drained (NatureServe 2008).","Wet meadows support a mix of forbs and graminoids with species composition dependent on the frequency of flooding and the ability of the site to retain surface water. The wettest sites with organic soils and slow moving to standing water support aquatic vegetation such as Hippuris vulgaris, Ranunculus gmelini, R. hyperboreus, and R. trichophyllus. Aquatic vegetation generally succeeds to marsh and fen communities with species such as Menyanthes trifoliata, Comarum palustre, Caltha palustris, Carex aquatilis, and Equisetum fluviatile. Areas of late-lying snow in the alpine may include Tricophorum caespitosum, Oxyria digina, Koenigia islandica, Saxifraga rivularis, Cardamine bellidifolia, Poa arctica, Carex lachenalia, and Claytonia sarmentosa. Subalpine wet meadows typically support a rich assemblage of forbs including Caltha leptosepala, Viola epipsila, Saxifraga nelsoniana, Chamerion latifolium, Mertensia paniculata, Valeriana sitchensis, Veratrum viride, Prenanthes frigida, and Carex macrochaeta. With increasing successional stage, riparian willows such as Salix alaxensis and S. pulchra may establish. As these meadows become more mesic, the contributions of Lupinus nootkatensis or L. arcticus, Erigereron peregrinus, Sangusorbia canadensis, Heracleum maximum and the fern Athyrium filix-femina may increase, with Chamerion latifolium replaced by C. angustifolium. 
Regardless of successional stage, woody species contribute less than 25% cover, mosses may be present but are not dominant and lichens are typically absent. 

Later seral stages of wet meadow development may include Sedge-Dwarf-Shrub Bogs and Low Shrub Peatland. Common species may include Sphagnum spp., Eriophorum angustifolium, Oxycoccus microcarpus, Andromeda polifolia, Myrica gale and Betula nana.

BpS Dominant and Indicator Species
Species names are from the NRCS PLANTS database. Check species codes at http://plants.usda.gov.","Frequent stream channel migration and associated flooding and fluvial processes constitute the major disturbances in this type (NatureServe 2008). The probability of flooding is assumed to be higher in alpine floodplains compared with lower elevation floodplains because the alpine floodplains tend to have higher gradients and the landscape absorbs less runoff due to steep slopes and typically coarse substrates. The overall return interval for flooding in the alpine floodplain is estimated at about 20yrs, compared with 70-75yrs in the floodplain forest and shrub systems. 

In 2015, an extensive search was done by Fire Effects Information System staff to locate information for a synthesis on fire regimes of Alaskan alder and willow shrublands (Innes 2015). At that time, the scientific literature about fire regimes in Alaskan alder and willow shrublands was scarce. Note: this BpS is willow dominated with very little alder.  

Fire Frequency 
Fire interval is expressed in years for each fire severity class and for all types of fire combined (All Fires). Average FI is the central tendency modeled. Percent of all fires is the percent of all fires modeled in that severity class. Minimum and Maximum FIs show the relative range of fire intervals as estimated by model contributors, if known.",Linear,"Floodplain systems may occur in the active and inactive part of the riparian zone, but abandoned floodplains are considered part of the adjacent upland. Adjacent systems may include, dwarf shrub/sedge meadows (in the alpine), mesic shrublands, and meadows (in the subalpine).","The probability of flooding in the model is a best guess, not based on literature.",,"In 2021, changes to the Ecological Systems classification resulted in the Boreal and Aleutian floodplain and wetland systems merging into one system called Western North American Boreal Wet Meadow and Marsh. Kori Blankenship merged the descriptions for Western North American Boreal Shrub and Herbaceous Floodplain Wetland (BpS 16170), Western North American Boreal Alpine Floodplain - Lower Elevations (BpS 16371), and Western North American Boreal Alpine Floodplain - Higher Elevations (16372) into one BpS called Western North American Boreal Wet Meadow and Marsh – Boreal. A separate description and model were developed for the Aleutians. Blankenship used the 16372 model as a starting point to represent this BpS but changed the overall modeled flooding frequency to about 50 years; a compromise between the estimates for lower and upper elevation floodplains (as described in the Disturbance Description section). Blankenship also adjusted the alternative succession probability to reduce the proportion of the dwarf shrub class because this model now represents all elevations.

During LANDFIRE National, the Ecological System Western North American Boreal Alpine Floodplain was split into a Lower Elevations and an Upper Elevations BpS model. The lower elevation model applied in the subalpine zone within the tall shrub zone, and the upper elevations model applied above the elevational limit of tall shrubs. These models were developed based on input from the experts who attended the LANDFIRE Anchorage (Dec. 07) modeling meeting and refined by Tina Boucher and Kori Blankenship for the boreal region of AK (it did not receive review for other parts of the state). 

During LANDFIRE National, the model and description for the Western North American Boreal Shrub and Herbaceous Floodplain Wetland was based on input from the experts who attended the LANDFIRE Fairbanks modeling meeting (Nov. 07) and refined by Tina Boucher, Kori Blankenship, and Colleen Ryan. Michelle Schuman reviewed the BpS. 

Succession Classes
Mapping Rules
Succession class letters A-E are described in the Succession Class Description section. Some classes use a leafform distinction where a qualifier is added to the class letter: Brdl (broadleaf), Con (conifer), or Mix (mixed conifer and broadleaf). UN refers to uncharacteristic native or a combination of height and cover that would not be expected under the reference condition. NP refers to not possible or a combination of height and cover which is not physiologically possible for the species in the BpS.


Description
Class A	22				Early Development 1 - All Structures

Indicator Species

Description
Although it is not modeled, because LANDFIRE does not map sparsely vegetated areas, this class should be preceded by a sparse/gravel bar phase. This herbaceous class represents early seral vegetation that would come in on gravel bars or other sparsely vegetated areas in the floodplain. Common species include Chamerion latifolium, Lupinus spp. (L. nootkatnesis in the boreal transition and L. arcticus in the core boreal), Mertensia paniculata, Crepis elegans, Erigeron acris, and small stature wetland sedges. Vegetation cover is generally open (10-50%) with large areas of exposed alluvium.

The alternate succession pathway represents sites that would not support low or tall shrubs. 

Maximum Tree Size ClassNone
Class B	42				Late Development 1 - All Structures

Indicator Species

Description
Willow and alder low and tall shrubs. Common shrub species may include Salix alaxensis, other Salix spp., Alnus viridis ssp. sinuata, and Betula nana.

This class may persist on some sites or may eventually transition to dwarf shrub.

Maximum Tree Size ClassNone
Class C	36				Late Development 2 - All Structures

Indicator Species

Description
On higher elevation alpine flood plains, dwarf shrubs may replace the early seral herbaceous stage. Dominant shrubs may include one or more of the following: Salix glauca, Salix reticulata, Dryas octopetala., or Empetrum nigrum. Low willows can still be present, but cover is less than 25%.

Maximum Tree Size ClassNone
Model Parameters
Deterministic Transitions
Probabilistic Transitions

Optional Disturbances
Optional 1: Flooding","Innes, Robin J. 2015. Fire regimes of Alaskan alder and willow shrublands. In: Fire Effects Information System, [Online]. U.S. Department of Agriculture, Forest Service, Rocky Mountain Research Station, Missoula Fire Sciences Laboratory (Producer). Available: http://www.fs.fed.us/database/feis/fire_regimes/AK_alder_shrub/all.html [ 2016, August 3].

NatureServe. 2008. International Ecological Classification Standard: Terrestrial Ecological Classifications. Draft Ecological Systems Description for Alaska Boreal and Sub-boreal Regions.

Racine, C.H., and J.C. Walters. 1994. Groundwater-discharge fens in the Tanana Lowlands, Interior Alaska, USA. Arctic and Alpine Research 26: (4) 418-426.",16370_68_69_70_71_72_73_74_75_76_77_78_80.docx,,,,,
Shrubland,"67, 68, 69, 70, 71, 72, 73, 76",,"This Biophysical Setting (BpS) occurs throughout arctic AK, from the Bristol Bay lowlands in southwestern AK to the North Slope on the Arctic Ocean. It is more common in western AK than on the North Slope. In MZ76 this type is found in Nowacki ecoregions 8, 9 and 10.","This system is widespread but uncommon, found on mountain and hill slopes and small steep streams (but not floodplains) throughout arctic AK (Boggs et al. 2008). Soils are mesic but sometimes wet if found adjacent to a small stream (Boggs et al. 2008).","Alnus viridis ssp. crispa is the dominant shrub species but may codominate with Salix glauca and Salix pulchra. Additional species include Vaccinium uliginosum, Vaccinium vitis-idaea, Betula nana, Ledum palustre ssp. decumbens, Empetrum nigrum, Equisetum spp., Spiraea stevenii, Dryas spp., and Cassiope tetragona. Mosses include Hylocomium splendens and Dicranum spp. Low-shrub tundra and dwarf-shrubs are common in the gaps between alder patches.
BpS Dominant and Indicator Species
Species names are from the NRCS PLANTS database. Check species codes at http://plants.usda.gov.","This system may or may not be controlled by avalanche activity and unstable slopes. 

There are few published studies about fire regimes in this BpS (Innes 2015). Alders and willows are generally top-killed by fire but may resprout following fire (Viereck and Schandelmeier 1980). Alder and willow stands can act as a firebreak but are known to burn under severe fire weather. The fire-return interval is likely long. Burns are more common on the Seward Peninsula and other parts of western AK near the spruce forest boundary where fire likely comes into alder from adjacent vegetation types. Early-season fire prior to green-up would be more likely to carry than late-season fire. Insect defoliators and cankers also affect alder.

Alder invades disturbed sites and also spreads into undisturbed sites adjacent to existing patches. After establishing in the uplands, it may be stable for long periods. 
Fire Frequency 
Fire interval is expressed in years for each fire severity class and for all types of fire combined (All Fires). Average FI is the central tendency modeled. Percent of all fires is the percent of all fires modeled in that severity class. Minimum and Maximum FIs show the relative range of fire intervals as estimated by model contributors, if known.",Small patch,,,Alder appears to be moving upwards on stable toe-slopes and increasing in cover in the Arctic. For further discussion on contemporary changes in this BpS see Innes 2015.,"In 2015 an extensive search was done by Fire Effects Information System staff to locate information for a synthesis on fire regimes of Alaskan alder and willow shrublands (Innes 2015). At that time, the scientific literature about fire regimes in Alaskan alder and willow shrublands was scarce. Descriptions of fire ignition, season, pattern, and size specific to alder and willow shrublands were not found in the literature. 

During LANDFIRE National this system was created for the AK Arctic region and did not receive review for other regions in the state. This model was created by Kori Blankenship and Keith Boggs based input from experts who attended the LANDFIRE Arctic Modeling Meeting (April 2008) and the draft Arctic Ecological Systems description (Boggs et al. 2008).

Succession Classes

Mapping Rules
Succession class letters A-E are described in the Succession Class Description section. Some classes use a leafform distinction where a qualifier is added to the class letter: Brdl (broadleaf), Con (conifer), or Mix (mixed conifer and broadleaf). UN refers to uncharacteristic native or a combination of height and cover that would not be expected under the reference condition. NP refers to not possible or a combination of height and cover which is not physiologically possible for the species in the BpS.


Description
Class A	100				Mid Development 1 - All Structures

Indicator Species

Description
This class represents the Mesic Alder Shrubland BpS. See Vegetation Description for more information on species composition.

Maximum Tree Size ClassNone
Model Parameters
Deterministic Transitions
Probabilistic Transitions","Boggs et al. 2008. International Ecological Classification Standard: Terrestrial Ecological Classifications. Draft Ecological Systems Description for the Alaska Arctic Region.

Innes, Robin J. 2015. Fire regimes of Alaskan alder and willow shrublands. In: Fire Effects Information System, [Online]. U.S. Department of Agriculture, Forest Service, Rocky Mountain Research Station, Missoula Fire Sciences Laboratory (Producer). Available:  https://www.fs.fed.us/database/feis/fire_regimes/AK_alder_shrub/all.html [ 2021, May 13].

Viereck, Leslie A.; Schandelmeier, Linda A. 1980. Effects of fire in Alaska and adjacent Canada: a literature review. BLM-Alaska Tech. Rep. 6, BLM/AK/TR-80/06. Anchorage, AK: U.S. Department of the Interior, Bureau of Land Management, Alaska State Office. 124 p",16380_67_68_69_70_71_72_73_76.docx,,,,,
Shrubland,"67, 68, 69, 70, 71, 72, 73, 76",,"This Biophysical Setting (BpS) occurs throughout arctic AK, from the Bristol Bay lowlands in southwestern AK to the North Slope on the Arctic Ocean. If mapped in the Boreal region it would generally be found in the alpine zone. In MZ76 this type is found in Nowacki ecoregions 8, 9 and 10.","The low-tall willow system is widespread and common on mesic to wet mountain and hill slopes, flats, and adjacent to streams throughout arctic AK (Boggs et al. 2008). Soils are mesic to wet, including wet sites with subsurface water flow, water tracks, adjacent to narrow constrained streams, and on snow accumulation areas with late snowmelt (Boggs et al. 2008).","Total low- and tall-shrub (>0.2m tall) cover is >25% and dominated by willows (Boggs et al. 2008). Salix alaxensis, Salix pulchra and Salix glauca are the dominant species. Alnus viridis ssp. crispa, Betula nana, Vaccinium uliginosum, and Ledum palustre ssp. decumbens may codominate. Dwarf-shrubs such as Empetrum nigrum and Vaccinium vitis-idaea may be common under the low-shrub layer. Herbaceous species are sparse but sedges (Carex aquatilis and Eriophorum angustifolium) are sometimes common on wet sites. Feathermosses (Hylocomium splendens and Pleurozium schreberi) and lichens may be common.

Salix spp. are the primary indicators for this type. The other species listed in the Dominant Species field overlap with other BpS.
BpS Dominant and Indicator Species
Species names are from the NRCS PLANTS database. Check species codes at http://plants.usda.gov.","This system seems to be relatively stable over time (personal communication experts’ workshop April 2008). Viereck et al. (1992) and others note that the successional status of Closed Tall Willow Shrub (II.B.1.a) on sheltered upland slopes are unclear and that these stands may persist over long time periods. The expert review indicated that this system is not controlled by avalanche activity, although avalanches may occur (personal communication experts’ workshop April 2008). Insects and diseases also affect willows.

Shrub stringers that occur next to small streams or water tracks appear to be stable. Seasonal overbank flooding may occur, but generally it does not result in shifting channels or gravel bar formation. Subsurface flow may be common, and the soils are often stony.

The fire-return interval is likely long and primary fire spread likely comes in from adjacent vegetation. The willow canopy shades the understory vegetation, possibly making the fine fuel layer moist and less able to carry fire. 

In 2015, an extensive literature search was done by Fire Effects Information System staff to locate information for a synthesis on fire regimes of Alaskan alder and willow shrublands (Innes 2015).  At that time, the scientific literature about fire regimes in Alaskan alder and willow shrublands was scarce. Descriptions of fire ignition, season, pattern, and size specific to alder and willow shrublands were not found in the literature. Alder and willow communities can act as firebreaks but are also known to burn during extreme fire weather (Innes 2015). Alders and willows are generally top-killed by fire but may resprout following fire (Viereck and Schandelmeier 1980). Salix glauca, in particular, is known to sprout aggressively after fire (Uchytil 1992).
Fire Frequency 
Fire interval is expressed in years for each fire severity class and for all types of fire combined (All Fires). Average FI is the central tendency modeled. Percent of all fires is the percent of all fires modeled in that severity class. Minimum and Maximum FIs show the relative range of fire intervals as estimated by model contributors, if known.",Patch size is small to large and often linear along small streams.,"This system does not include floodplain, which can be distinguished using a floodplain mask, or tussock-dominated (>35% tussocks) sites (Boggs et al. 2008). This type is common from high elevation to the flatlands and will therefore occur adjacent to many of the other Arctic BpS.",Little information exists on fire history in Alaskan alder and willow shrublands (Innes 2015).,For information on contemporary changes in this BpS see Innes 2015.,"During LANDFIRE National this system was created for the AK Arctic region and did not receive review for other regions in the state. This model was created by Kori Blankenship and Keith Boggs based input from experts who attended the LANDFIRE Arctic Modeling Meeting (April 2008) and the draft Arctic Ecological Systems description (Boggs et al. 2008).

Succession Classes
Mapping Rules
Succession class letters A-E are described in the Succession Class Description section. Some classes use a leafform distinction where a qualifier is added to the class letter: Brdl (broadleaf), Con (conifer), or Mix (mixed conifer and broadleaf). UN refers to uncharacteristic native or a combination of height and cover that would not be expected under the reference condition. NP refers to not possible or a combination of height and cover which is not physiologically possible for the species in the BpS.


Description
Class A	100				Mid Development 1 - All Structures

Indicator Species

Description
This class represents the Arctic Mesic-Wet Willow Shrubland. See Vegetation Description for more information on species composition.

Maximum Tree Size ClassNone
Model Parameters
Deterministic Transitions
Probabilistic Transitions","Boggs et al. 2008. International Ecological Classification Standard: Terrestrial Ecological Classifications. Draft Ecological Systems Description for Alaska Arctic Region.

Innes, Robin J. 2015. Fire regimes of Alaskan alder and willow shrublands. In: Fire Effects Information System, [Online]. U.S. Department of Agriculture, Forest Service, Rocky Mountain Research Station, Missoula Fire Sciences Laboratory (Producer). Available: http://www.fs.fed.us/database/feis/fire_regimes/AK_alder_shrub/all.html [ 2016, August 3].

Uchytil, Ronald J. 1992. Salix glauca. In: Fire Effects Information System, [Online]. 
U.S. Department of Agriculture, Forest Service, Rocky Mountain Research Station, 
Fire Sciences Laboratory (Producer). Available:  https://www.fs.fed.us/database/feis/plants/tree/salgla/all.html [2021, May 24].

Viereck, L.A., C.T. Dyrness, A.R. Batten, K.J. Wenzlick. 1992. The Alaska vegetation classification. Pacific Northwest Research Station, USDA Forest Service, Portland, OR. Gen. Tech. Rep. PNW-GTR286. 278 p.

Viereck, Leslie A.; Schandelmeier, Linda A. 1980. Effects of fire in Alaska and adjacent Canada: a literature review. BLM-Alaska Tech. Rep. 6, BLM/AK/TR-80/06. Anchorage, AK: U.S. Department of the Interior, Bureau of Land Management, Alaska State Office. 124 p",16390_67_68_69_70_71_72_73_76.docx,,,,,
Shrubland,"73, 76, 80",,"This BpS is relatively uncommon yet widespread on Kodiak Island, the Alaska Peninsula, and diminishes moving west.","This type can occur on broad valleys, along streams and lakeshores, and on mountain sideslopes (NatureServe 2008). Each of these geophysical settings support moderate soil moisture regimes that in turn support recurrent plant species assemblages. In Katmai National Park and Preserve it is found up to about 660 m elevation and sporadically above the alder zones on mountain slopes (Boggs et al. 2003). The soil substrates range from mineral to peat and the sites are mesic to wet (NatureServe 2008).","The dominant willow species are Salix barclayi, S. glauca and S. pulchra although S. alaxensis and S. commutata, are also common. Alnus viridis ssp. sinuata may codominate. Understory herbaceous and shrub species include Achillea millefolium var. borealis, Angelica lucida, Calamagrostis canadensis, Carex lenticularis var. lipocarpa, C. aquatilis var. aquatilis, C. utriculata, Chamerion angustifolium ssp. angustifolium, Equisetum arvense, E. pratense, Geranium erianthum, Heracleum maximum (= Heracleum lanatum), Rubus arcticus, Sanguisorba canadensis (= Sanguisorba stipulata), Vaccinium vitis-idaea, V. uliginosum, Empetrum nigrum and Betula nana (NatureServe 2008).
BpS Dominant and Indicator Species
Species names are from the NRCS PLANTS database. Check species codes at http://plants.usda.gov.","This system appears to be relatively stable over time. Viereck and others (1992) note that the successional status of Closed Tall Willow Shrub (II.B.1.a) on sheltered upland slopes are unclear and that these stands may persist over long time periods. Insects and diseases also affect willows.

In 2015, an extensive literature search was done by Fire Effects Information System staff to locate information for a synthesis on Fire regimes of Alaskan alder and willow shrublands with few results for this BpS (Innes 2015). This review found no fires reported for Aleutian mesic-wet willows shrublands. Alder and willow communities can act as firebreaks but are also known to burn during extreme fire weather (Innes 2015). 
Fire Frequency 
Fire interval is expressed in years for each fire severity class and for all types of fire combined (All Fires). Average FI is the central tendency modeled. Percent of all fires is the percent of all fires modeled in that severity class. Minimum and Maximum FIs show the relative range of fire intervals as estimated by model contributors, if known.",Large patch,,,See Innes 2015 for contemporary changes in fire regimes of Alaskan alder and willow shrublands.,"In 2015 an extensive search was done by FEIS staff to locate information for a synthesis on Fire regimes of Alaskan alder and willow shrublands (Innes 2015). At that time, the scientific literature about fire regimes in Alaskan alder and willow shrublands was scarce. Descriptions of fire ignition, season, pattern, and size specific to alder and willow shrublands were not found in the literature. 

For LANDFIRE National this model was created by Kori Blankenship and Keith Boggs based on the draft Aleutians Ecological Systems description (NatureServe 2008).
Succession Classes
Mapping Rules
Succession class letters A-E are described in the Succession Class Description section. Some classes use a leafform distinction where a qualifier is added to the class letter: Brdl (broadleaf), Con (conifer), or Mix (mixed conifer and broadleaf). UN refers to uncharacteristic native or a combination of height and cover that would not be expected under the reference condition. NP refers to not possible or a combination of height and cover which is not physiologically possible for the species in the BpS.


Description
Class A	100				Mid Development 1 - All Structures

Indicator Species

Description
This class represents the Mesic-Wet Willow Shrubland. See Vegetation Description for more information on species composition.

Maximum Tree Size ClassNone
Model Parameters
Deterministic Transitions
Probabilistic Transitions","Boggs, K., S. C. Klein, J. Grunblatt and B. Koltun. 2003. Landcover classes, ecoregions and plant associations of Katmai National Park and Preserve. Alaska Natural Heritage Program, Environment and Natural Resources Institute, University of Alaska Anchorage, 707 A Street, Anchorage, AK 99501. 274 p. 

Fleming, M.D. and P. Spencer. 2007. Kodiak Archipelago Land Cover Classification Users Guide. USGS, Alaska Science Center, Anchorage, AK. 77 p.

Innes, Robin J. 2015. Fire regimes of Alaskan alder and willow shrublands. In: Fire Effects Information System, [Online]. U.S. Department of Agriculture, Forest Service, Rocky Mountain Research Station, Missoula Fire Sciences Laboratory (Producer). Available: http://www.fs.fed.us/database/feis/fire_regimes/AK_alder_shrub/all.html [ 2016, August 3].

NatureServe. 2008. International Ecological Classification Standard: Terrestrial Ecological Classifications. Draft Ecological Systems Description for the Alaska Aleutians Region. 

Viereck, L.A., C.T. Dyrness, A.R. Batten and K.J. Wenzlick. 1992. The Alaska vegetation classification. Pacific Northwest Research Station, USDA Forest Service, Portland, OR. Gen. Tech. Rep. PNW-GTR286. 278 p.",16400_73_76_80.docx,,,,,
Shrubland,"73, 74, 75, 76, 77, 78",,This Biophysical Setting (BpS) occurs from the Alaska Range and Prince William Sound south and east through southeastern Alaska.,"This system occurs on a variety of sites in the alpine and subalpine zones of southeastern, maritime Alaska, but it can also be found at lower elevations (e.g., Kenai Fjords and Prince William Sound). It occurs on sideslopes, shoulder slopes, low summits, exposed summits, windswept ridges, and fell-fields, and the terrain varies from flat to gently sloping to steep. Environmental conditions are often harsh, particularly on exposed summits and ridge tops where vegetation may be sparse with a high proportion of exposed rock or soil. Much of the alpine zone will be under snow for most of the year leading to a short growing season.","This BpS represents several existing vegetation types, so species composition is highly variable.

The vegetation can be a mosaic of herbaceous meadow and alpine heath (dwarf-shrublands) or herbaceous meadow with a heath understory; however, in some areas dwarf-shrub cover is continuous. In areas with harsh environmental conditions, vegetation cover is sparse, ranging from 10 to 25%. Dominant dwarf-shrub species include Empetrum nigrum, Phyllodoce aleutica, Phyllodoce glanduliflora, Cassiope mertensiana, Cassiope tetragona, Harrimanella stelleriana, and Luetkea pectinata. Other common species may include Artemisia arctica, Sibbaldia procumbens, Vaccinium uliginosum, Vaccinium vitis-idaea, and Loiseleuria procumbens. Ericaceous species typically dominate this type, but sites dominated by Salix arctica, Salix reticulata, and Salix rotundifolia are included in this system. Scattered tall shrubs and dwarf trees may be present. Common herbaceous species include Aconitum delphiniifolium, Anemone narcissiflora, Astragalus alpinus, Athyrium filix-femina, Carex macrochaeta, Castilleja unalaschcensis, Chamerion angustifolium, Chamerion latifolium, Calamagrostis canadensis, Geranium erianthum, Lupinus nootkatensis, Minuartia arctica, Saxifraga bracteata, Saxifraga bronchialis, Silene acaulis, Sanguisorba canadensis, Senecio triangularis, Valeriana sitchensis, Veratrum viride and Viola spp. On slopes on the outer coast and also in Kenai Fjords and Prince William Sound, Nephrophyllidium crista-galli is common. Lichens may be common. 
BpS Dominant and Indicator Species
Species names are from the NRCS PLANTS database. Check species codes at http://plants.usda.gov.","These communities tend to be quite stable over time. Soil disturbance, such as soil creep or freeze-thaw cycles, is likely the main disturbance factor although snow avalanche is possible in some areas. Wind plays a role in inhibiting vegetation growth on exposed summits and ridge tops. Reduced snow levels could allow invasion of other plants and lead to succession to another system. This type is unlikely to carry fire.
Fire Frequency 
Fire interval is expressed in years for each fire severity class and for all types of fire combined (All Fires). Average FI is the central tendency modeled. Percent of all fires is the percent of all fires modeled in that severity class. Minimum and Maximum FIs show the relative range of fire intervals as estimated by model contributors, if known.","Small patch, Large patch",,"It is unclear whether there is a successional relationship between herbs and shrubs in some alpine types or whether soil differences result in the prevalence of different life forms on different sites. Because of the uncertainty, this system is represented by a single seral stage.",,"In 2021 NatureServe merged Alaskan Pacific Maritime Alpine Dwarf-Shrubland (BpS 1643) and Alaskan Pacific Maritime Alpine Sparse Shrub and Fell-Field (BpS 1674) into one Ecological System: Alaskan Pacific Alpine-Subalpine Dwarf-shrubland and Heath. These BpS were previously lumped for modeling, but Kori Blankenship worked with NatureServe staff to update the description to reflect the new Ecological System concept.

During LANDFIRE National this model was based on the draft Maritime Ecological Systems description with input from Tom DeMeo.
Succession Classes
Mapping Rules
Succession class letters A-E are described in the Succession Class Description section. Some classes use a leafform distinction where a qualifier is added to the class letter: Brdl (broadleaf), Con (conifer), or Mix (mixed conifer and broadleaf). UN refers to uncharacteristic native or a combination of height and cover that would not be expected under the reference condition. NP refers to not possible or a combination of height and cover which is not physiologically possible for the species in the BpS.


Description
Class A	100				Mid Development 1 - All Structures

Indicator Species

Description
Alpine dwarf shrub and heath communities may include a diverse mix of species and species assemblages. The Class Indicator Species listed are not true indicators -- refer to the Vegetation Description for species information. 

Maximum Tree Size ClassNone
Model Parameters
Deterministic Transitions
Probabilistic Transitions","Comer, P., D. Faber-Langendoen, R. Evans, S. Gawler, C. Josse, G. Kittel, S. Menard, C. Nordman, M. Pyne, M. Reid, M. Russo, K. Schulz, K. Snow, J. Teague, and R. White. 2003-present. Ecological systems of the United States: A working classification of U.S. terrestrial systems. NatureServe, Arlington, VA.",16430_73_74_75_76_77_78.docx,,,,,
Forest and Woodland,"73, 75, 76, 77, 78, 80",,"This Biophysical Setting (BpS) is found along the Gulf Coast of Alaska and the North Pacific, in the perhumid and subpolar rainforest zones. It is present in a narrow coastal band (likely 1 to several km wide) on the west side of Cook Inlet including portions of Katmai and Lake Clark National Parks. The northern extent of Sitka spruce is near the Johnson River.","This productive ecological system occurs on well-drained sideslopes, footslopes, and floodplains along the Gulf Coast of Alaska and the North Pacific where the boreal and maritime regions of Alaska overlap in the perhumid and subpolar rainforest zones. Spruce occurs on rolling bedrock hills and valleys where there is a strong maritime influence and warm, wet coastal storms occur. Sites dominated by Picea sitchensis are usually tied to disturbance such as slope instability, water movement (either downhill through the soil or in open streams), exposure to salt spray, or windthrow. Soils tend to be well-drained to excessively well-drained, shallow to deep, stony, and well-developed (except in areas where spruce is invading meadows and shrublands).

In the northern portion of the temperate rainforest (Kodiak Island, Kenai Fjords, and Prince William Sound), Picea sitchensis is frequently the dominant canopy tree from sea level to treeline on productive sites, and it is the only conifer that occurs on Afognak and Kodiak islands, where its range is actively expanding. In the southern portion of the Alaskan rainforest, Picea sitchensis is linked more closely with disturbance (e.g., very steep sites, recently deglaciated landscapes, outer coast headlands, alluvial fans, landslides) and karst substrates. It also occurs commonly at upper elevations just below the mountain hemlock zone. Mature forests usually have very little downed wood or snags. Beach ridges form and become removed from direct contact with saltwater through long-shore sediment transport coupled with isostatic rebound. Coastal beach communities are often dominated by Leymus mollis and brackish meadows. Picea sitchensis seedlings establish in the brackish meadows, but often do not survive, probably due to excessive salt spray. Further inland, Picea sitchensis seedlings establish and survive in these meadows, causing the meadow to transition to forest. Picea sitchensis establishes about 130 years after beach ridge formation and may succeed to Tsuga heterophylla forest where soil drainage decreases.

The biophysical environment of the Kodiak Archipelago is unique in that vegetation communities on these islands are still responding to the retreat of Pleistocene glaciers and ash deposition from the 1912 Katmai eruption (Fleming and Spencer 2007). Fleming and Spencer (2007, p. 5) note that: “Sitka spruce forest is actively moving south along the island of Kodiak, perhaps as much as a mile/century [the source of this claim is unknown (personal communication, Page Spencer)]. This succession replaces alder, salmon and elderberry and forb meadows with dense spruce forest. Preferred wildlife habitats with grasses, sedges and forbs, and prolific berry crops, are being replaced with dense conifers.”","Picea sitchensis is the dominant tree species, although Tsuga mertensiana or Tsuga heterophylla may be minor canopy associates and can be codominant especially on older sites. In southeastern Alaska, Alnus rubra may be an associated understory tree species, especially in riparian floodplain systems and on alluvial fans. Oplopanax horridus and mosses are common in the understory of open stands (Fleming and Spencer 2007). Closed stands tend to have a very sparse understory that may include Oplopanax horridus, Vaccinium ovalifolium, Sambucus racemosa, Viburnum edule, Alnus viridis ssp. sinuata, Rubus spectabilis, and feather mosses (e.g., Hylocomium splendens and Rhytidiadelphus loreus) (Fleming and Spencer 2007). Calamagrostis canadensis and Menyanthes trifoliata are also present in some forest openings. In Lake Clark National Park near the northern extent of this BpS, a broader range of species is present including Picea glauca which may hybridize with Picea sitchensis. In this area, the characteristic moss understory found in the Kodiak Archipelago is absent. Calamagrostis nutkaensis may be common on exposed sites near the coast.
BpS Dominant and Indicator Species
Species names are from the NRCS PLANTS database. Check species codes at http://plants.usda.gov.","Primary succession of the Picea sitchensis forest in the Kodiak Archipelago begins with rich forb meadows. Overtime, Alnus viridis ssp. sinuata invades, fills in and Sambucus racemosa and Rubus spectabilis are added to the species mix. Eventually Picea sitchensis will start to invade. The timing of the transition to Picea sitchensis appears to be a function of the timing of the Pleistocene glacial retreat, seed source and seed advancement. As the Picea sitchensis trees become denser, the first generation closed Picea sitchensis forest develops with Vaccinium ovalifolium, Oplopanax horridus and feather mosses in the understory. After about 150-300 years the trees start to senesce, small scale blow down occurs and a multi age stand develops. In the forest gaps left after tree death or blowdown a rich shrub layer with Alnus viridis ssp. sinuata, Oplopanax horridus and Calamagrostis canadensis competes with the young Picea sitchensis trees. With further succession, these forests can become more open. In areas with beaver activity, ponds can form that when drained can again support Picea sitchensis trees. 

In the Katmai area Picea sitchensis advancement appears to be slower than on Kodiak (personal communication, Page Spencer). It is unclear how well the Kodiak successional sequence applies to Picea sitchensis forest on the south end of the Kenai Peninsula which appears to be better developed and is the likely seed source for Picea sitchensis invading the Kodiak Archipelago.

Wind disturbances at both small and large scales play a fundamental role in shaping forest dynamics in Southeast Alaska (Alaback et al. 2017; Harris and Farr 1974; Nowacki and Kramer 1998). Wind disturbance characteristics change over a continuum dependent on landscape features (e.g., exposure, position on the landscape, topography). Some research suggests that frequent, small-scale wind events have a larger impact on these forests than the relatively less frequent, large-scale blowdowns (Harcombe 1986). More recent research suggests that catastrophic wind-throw events are a more important driver of forest dynamics in the region than previously recognized (Kramer et al. 2001). Stem-snap and resultant canopy gaps are more likely to occur in old growth forests and mean gap size tends to be larger in old growth forests than in mature forests (Nowacki and Kramer 1998). Depending on intensity, wind can create single generation stands with uniform canopies or multi-generation stands with diverse canopy and size structures. Intervals between complete blowdowns tend to be long with forests cycling through stand initiation, stem exclusion, and understory re-initiation stages, eventually reaching the old growth stage (at about 350 years). The direction of gap-maker tree falls is significantly aligned with the direction of prevailing winds. Distinct wind disturbance regimes grade from exposed landscapes where recurrent, large-scale wind events prevail to wind-protected landscapes where small-scale canopy gaps predominate. Blowdowns in southeast Alaska range in size from 1 to 1,000 acres and disproportionately occur as smaller patches (typically < 50 acres) (Nowacki and Kramer 1998). Catastrophic winds commonly cause large-scale blowdown throughout southeast Alaska (Deal et al. 1991). Windthrow is more likely in this system than other maritime forests because the trees are shallow rooted in young soils.

In 2017, a comprehensive literature search for fire history information in Alaskan Pacific maritime ecosystems found a single study. In the Kenai Mountains, Potkin (1997) sampled two stands containing spruce and hemlock trees and reported subsurface charcoal 1270 years +/- 40 BP at one site and no soil charcoal at a second site (Potkin 1997).

Other important disturbances include avalanches, landslides and tectonic movement.
Fire Frequency 
Fire interval is expressed in years for each fire severity class and for all types of fire combined (All Fires). Average FI is the central tendency modeled. Percent of all fires is the percent of all fires modeled in that severity class. Minimum and Maximum FIs show the relative range of fire intervals as estimated by model contributors, if known.",Matrix,"A variety of vegetation types could be found adjacent to this BpS depending on substrate, landform, and elevation. Most adjacent undisturbed areas on low to mid elevation valley landscapes are western hemlock or spruce-hemlock forest, depending on age and local site factors. Open Sitka spruce forests are often intermixed with alder and forb meadows (Fleming and Spencer 2007).","In dense spruce forest where secondary succession characterized by gap dynamics has begun, the disturbance is occurring on a fine scale as individual or small groups of trees die or are windthrown. The small forest openings created by these dynamics are likely not mappable using the LANDFIRE methodology; the state-and-transition model for this BpS attempts to capture broader scale dynamics.

It is unclear how well the dynamics described in the Disturbance Description for the Kodiak Archipelago apply to the Kenai and west Cook Inlet parts of the distribution of this BpS.",Logging on Kodiak Island and on the Kenai Peninsula south of Seldovia has created more early successional forests than would exist otherwise.,"10/2021 This description was updated by NatureServe staff and Kori Blankenship based on the updated Ecological Systems classification for Alaska. Edits focused on adjusting the Geographic Range, Biophysical Site Descriptions, and Vegetation Description sections.

In 2021 Kori Blankenship updated the state-and-transition model for this BpS. During LANDFIRE National it was thought that the states of this type would be difficult to map using LANDIFRE methods. While this may still be the case, Blankenship felt it was important to construct at least a conceptual model to represent the dynamics of the BpS. Blankenship used information from the Fire Regime Condition Class Coastal Forest model by Karen A. Murphy and Evie Witten and the LANDFIRE Alaskan Pacific Maritime Western Hemlock Forest
BpS model by Sheila Spores and reviewed by Paul Alaback, Roy Josephson, and Tom DeMeo. In addition to model changes, Blankenship added to the disturbance regime and succession classes section of the model description which was developed during LANDIFRE National largely based on work in the Kodiak Archipelago (Fleming and Spencer 2007) and conversations with Page Spencer.
Succession Classes
Mapping Rules
Succession class letters A-E are described in the Succession Class Description section. Some classes use a leafform distinction where a qualifier is added to the class letter: Brdl (broadleaf), Con (conifer), or Mix (mixed conifer and broadleaf). UN refers to uncharacteristic native or a combination of height and cover that would not be expected under the reference condition. NP refers to not possible or a combination of height and cover which is not physiologically possible for the species in the BpS.


Description
Class A	5				Early Development 1 - All Structures

Indicator Species

Description
Post-disturbance stand initiation.

Herbs, shrubs, and tree seedlings grow from seeds, sprouts, and advance regeneration. Within five years following disturbance, a vigorous shrub layer develops and will often persist past age 20 years. Thirty years is used as the estimate of the end of this stage (Alaback 1984; DeMeo et al. 1992). By age 50, shrub cover is reduced past the pre-disturbance level (DeMeo et al. 1992). Post disturbance conifer regeneration will depend on the pre disturbance stand composition and the type of disturbance. Hemlock is more likely to regenerate following windthrow whereas spruce is more likely to regenerate if mineral soil is exposed (e.g., after a landslide).

Maximum Tree Size ClassSeedling/Sapling <5""
Class B	12				Mid Development 1 - Closed

Indicator Species

Description
Stem exclusion.

Tree canopy closes and shade intolerant species in the understory are lost. Forest structure becomes stratified, with slower-growing, shade tolerant conifer species forming lower canopy strata. Some trees are thinned from the stand due to lack of resources (e.g., light, growing space, nutrients, etc.). Spruce and hemlock dominate. Understory can be completely void of vegetation, therefore no understory species are listed as indicators for this class. 

Maximum Tree Size ClassMed. 9–20"" (swd)/11–20"" (hwd)
Class C	28				Late Development 1 - Closed

Indicator Species

Description
Understory re-initiation.

As the overstory ages, new species of shade-tolerant forbs and shrubs appear on the forest floor. Eventually larger tree-fall gaps, which are not subject to closure by lateral extension, begin to appear in the overstory, thus allowing for conifer regeneration and the beginning of gap-phase replacement. A two-aged, two-layered stand forms. 

Larger tree-fall gaps, which are not subject to closure by lateral extension, begin to appear in the overstory, thus allowing for conifer regeneration and the beginning of gap-phase replacement. A two-aged, two-layered stand forms.

Maximum Tree Size ClassLarge 20"" – 40""
Class D	55				Late Development 2 - Closed

Indicator Species

Description
Old growth.

It takes about 350 years from stand initiation to reach the old growth stage (Nowacki and Kramer, 1998). Multi-aged, multi-layered stand with continuing gap-phase replacement. Tree mortality is generally balanced with growth from newly established seedlings. Large, decadent trees, standing snags, coarse woody debris, overhead gaps, and regeneration patches are all present. 

Maximum Tree Size ClassVery Large 40.0""+
Model Parameters
Deterministic Transitions
Probabilistic Transitions","Alaback, P.B. 1982. Dynamics of understory biomass in Sitka spruce-western hemlock forests of southeast Alaska. Ecology 63:1932-1948.

Alaback, P. B., Nowacki, G., & Saunders, S. 2017. Natural disturbance patterns in the temperate rainforests of southeast Alaska and adjacent British Columbia. North Pacific temperate rainforests: ecology and conservation. University of Washington Press, Seattle, Washington, USA, 73-81.

Boggs et al. in preparation. Kenai Fjords User’s Guide.

Comer, P., D. Faber-Langendoen, R. Evans, S. Gawler, C. Josse, G. Kittel, S. Menard, C. Nordman, M. Pyne, M. Reid, M. Russo, K. Schulz, K. Snow, J. Teague, and R. White. 2003-present. Ecological systems of the United States: A working classification of U.S. terrestrial systems. NatureServe, Arlington, VA.

Deal, R.L., Oliver, C.D., and B.T. Bormann.1991. Reconstruction of mixed hemlock-spruce stands in coastal southeast Alaska. Can. J. For. Res. 21:643-654. 

DeMeo, T., J. Martin, and R.A. West. 1992. Forest plant association management guide, Ketchikan Area, Tongass National Forest. R10-MB-210.  USDA Forest Service Alaska Region.  Juneau, Alaska.

Fleming, M.D. and P. Spencer. 2007. Kodiak Archipelago land cover classification users guide. SAIC at USGS Alaska Science Center, Anchorage, AK. 77 pp. 

Harcombe. P. A. 1986. Stand development in a 130 year old spruce-hemlock forest based on age structure and 50 years of mortality data. For. Ecol. and Manage. 14:41-58.

Harris, A.S. and W. A. Farr. 1974. The forest ecosystem of southeast Alaska. 7: Forest ecology and timber management. USDA Forest Service, Pacific Northwest Forest and Range Experiment Station: PNW-GTR-25. Portland, OR. 109 p.

Kramer, M. G., Hansen, A. J., Taper, M. L., & Kissinger, E. J. 2001. Abiotic controls on long‐term windthrow disturbance and temperate rain forest dynamics in southeast Alaska. Ecology, 82(10), 2749-2768.

Nowacki, G.J. and M. G. Kramer.1998. The effects of wind disturbance on temperate rain forest structure and dynamics of Southeast Alaska. USDA Forest Service, Pacific Northwest Research Station: PNW-GTR-421.

Potkin, Michele. 1997. Fire history disturbance study of the Kenai Peninsula mountainous portion of the Chugach National Forest. Unpublished report on file with: U.S. Department of Agriculture, Forest Service, Rocky Mountain Research Station, Fire Sciences Laboratory, Missoula, MT. 75 p.

USDA Forest Service PNW Research Station Gen. Tech. Report PNW-GTR-979. 2020. Coastal Alaska Forest Resources.

Viereck, L.A., C.T. Dyrness, A.R. Batten and K.J. Wenzlick. 1992. The Alaska vegetation classification. Pacific Northwest Research Station, USDA Forest Service, Portland, OR. Gen. Tech. Rep. PNW-GTR286. 278 p.",16441_73_75_76_77_78_80.docx,,,,,
Forest and Woodland,"77, 78",,This Biophysical Setting (BpS) is found from Kodiak Island south through southeast AK.,"This BpS occurs on young terrains exposed through deglaciation since the end of the Little Ice Age, as well as those sites uplifted by isostatic rebound and/or regional tectonics. This includes landscapes less than 500yrs old throughout Southeast and Southcentral Alaska. Specific systems have been described from Sitka (Flagstad and Boucher 2013), Klondike Gold Rush National Park (Flagstad and Boucher 2015), Yakutat (Shephard 1993, 1995), Glacier Bay (Boggs et al. 2008a), Wrangel St. Elias National Park (Jorgenson et al. 2008), Kenai Fjords (Boggs et al. 2008b, Flagstad 2007), and Kodiak Island (Fleming and Spencer 2004). Periglacial systems (those underlain by ice) are described by Boggs and others (2019). Soils are shallow, stony, and well-drained to excessively well-drained. Substrates include glacial till, residuum, and colluvium. Soil profile development is lacking or minimal.","Common early successional or pioneer communities are initially dominated by non-vascular plants (e.g. mosses: Racomitrium canescens, Polytrichum juniperinum; lichens: Stereocaulon tomentosum, Cladonia crispata, Cladina portentosa) and later early-seral herbaceous or shrubs species can capture the site. Common herbaceous species may include Calamagrostis canadensis, Chamerion angustifolium, C. latifolium, Heracleum maximum, Lupinus nootkatensis, Equisetum arvense, Athyrium filix-femina, Dryopteris expansa, Phegopteris connectilis, Streptopus amplexifolius, Pyrola spp., Carex mertensii and Chamerion spp. 

In the mid-successional stage, the Sitka spruce (Picea sitchensis) overstory underlain by a dense shrub understory is co-dominated by Sitka alder (Alnus viridis ssp. sinuata), salmonberry (Rubus spectabilis), and Devil’s club (Oplopanax horridum) in younger stands, with the contribution of early blueberry (Vaccinium ovalifolium) and rusty menziesia (Menziesia ferruginea), increasing in older stands. Salix alaxensis, S. barclayi, or S. sitchensis may also be abundant. Ferns such as lady fern (Athyrium filix-femina) and spreading woodfern (Dryopteris expansa), five-leafed bramble (Rubus pedatus), foamflower (Tiarella trifoliata), and the feathermoss Rhytidiadelphus loreus is common in the understory. 

Later-seral transitional forest communities support either Populus balsamifera ssp. trichocarpa or a mix of Populus balsamifera ssp. trichocarpa and Picea sitchensis. Subalpine fir occurs in limited areas usually near mainland corridors to interior ecosystems (e.g. Skagway area, Taku River valley, and possibly the Stikine River). Picea sitchensis often forms a dense layer below the overstory of Populus balsamifera ssp. trichocarpa. Where Populus balsamifera ssp. trichocarpa co-dominates with Picea sitchensis, the shrub understory is more likely to include willow species, a greater diversity of forbs such as twisted stalk (Streptopus amplexifolius) and the northern oak fern (Gymnocarpium dryopteris), and the feathermosses Hylocomium splendens and Pleurozium schreberi. Transitional forest communities are generally found on older landscapes at low elevations near the maximum glacial extent. 

The latest seral stage considered in this modeled is dominated by Picea sitchensis and characterized by a rich moss ground layer. Tsuga heterophylla (Southeast Alaska) or Tsuga mertensiana (Southcentral Alaska) recruit in the understory. Other common understory species in this stage include Rubus spectabilis, Sambucus racemosa, Oplopanax horridus, and Ribes bracteosum (Cooper 1923). Herbaceous species may include Aspidium spinulosum, Polystichum braunii, Athyrium filix-femina, Listera cordata, Actaea rubra, Orthilia secunda, and Moneses uniflora (Cooper 1923). Mosses include Hylocomium splendens, Rhytidiadelphus triquetrus, and R. squarrosus (Cooper 1923).
BpS Dominant and Indicator Species
Species names are from the NRCS PLANTS database. Check species codes at http://plants.usda.gov.","The following is one conceptual model for how succession will proceed on recently deglaciated sites: 
Primary succession on recently deglaciated terrain (glacial till or bedrock shields) usually begins with colonization of bare rock and soil by lichens and mosses, followed by grasses and forbs, then by shrub species such as alder and willow. The rate and direction of succession is variable and depends on initial site conditions, propagule pressure, and species interactions (Chapin et al. 1995; Fastie 1995; Flagstad 2007). On glacial till substrates, Alnus viridis ssp. sinuata and/or Salix spp. (S. sitchensis, barclayi) dominate the site within about 20yrs. On bedrock substrates, mosses and herbaceous species may persist longer due to the lack of microsites for shrub establishment. Disturbance-prone sites may remain dominated by Alnus viridis ssp. sinuata.  Alnus viridis ssp. sinuata helps to fix nitrogen in the soil, facilitating the growth of trees. Seed dispersal is also an important factor in the successional dynamics of a recently deglaciated site (Chapin et al. 1995). After about 50yrs a transitional forest system characterized by Populus balsamifera ssp. trichocarpa (common on well-drained sites) or Alnus viridis ssp. sinuata and Picea sitchensis can emerge through the tall shrub canopy. Picea sitchensis eventually gains dominance in the canopy and over long time-scales (not considered in this model) mountain hemlock or possibly sloping peatland systems may develop. This transition to a hemlock-spruce forest is evident at Glacier Bay where bark beetles killed some of the even-age Sitka spruce approximately 140yrs after colonization, yielding a multi-age forest favoring more western hemlock (Paul Hennon, personal communication).

Rates of succession will be highly variable based on substrate, landform, and elevation. Avalanche and rock slides will slow development on high angle slopes. On low angle slopes with finer glacial deposits succession will proceed more rapidly.

Avalanches, rock slides, glacial advance and outwash, and windthrow are the primary disturbances that affect this type. Windthrow is more likely in this BpS than other maritime forests because the trees are shallowly rooted in young soils. Some areas are also prone to periodic glacial outburst floods, also known as jokulhlaups, which may occur annually, but this is not a widespread phenomenon across the range of this BpS.

In 2014, an extensive literature search was done by Fire Effects Information System staff to locate information this and other BpSs with black cottonwood for a synthesis on fire regimes of Alaskan black cottonwood communities, with few results (Innes 2014). 
Fire Frequency 
Fire interval is expressed in years for each fire severity class and for all types of fire combined (All Fires). Average FI is the central tendency modeled. Percent of all fires is the percent of all fires modeled in that severity class. Minimum and Maximum FIs show the relative range of fire intervals as estimated by model contributors, if known.",Matrix,"A variety of vegetation types could be found adjacent to this BpS depending on substrate, landform, and elevation. Most adjacent undisturbed areas on low to mid elevation valley landscapes are western hemlock or spruce-hemlock forest, depending on age and local site factors.

Although the Alaskan Pacific Sitka Spruce Forest and Beach Ridge - Beach Ridge BpS (formerly called Alaskan Pacific Hypermaritime Sitka Spruce Beach Ridge) occurs on recently uplifted sites, it is considered a separate BpS.","Periglacial Sitka spruce forests represent a unique biophysical environment with unique successional dynamics. It is difficult to model these dynamics using the LANDFIRE methodology, which assumes that over time an equilibrium condition will be reached and that the percent of the landscape in each seral stage varies within a certain range (i.e. the natural or historic range of variability). These modeling assumptions do not apply to areas where spruce is actively invading recently deglaciated or uplifted sites where plants colonize newly exposed ground and modify the biophysical environment over time.

Age ranges mentioned in this description and given in the state-and-transition model should be considered approximations. The current model is partially based on age ranges and seral stage descriptions from Reiners et al. 1971 and Cooper 1923. Snow avalanche, rockslide, glacial advance and outwash, and windthrow (only in the forest stages) are believed to be primary disturbances affecting recently deglaciated sites. They are therefore included in the state-and-transition model, but there are no data to support the probabilities assigned to them. The probabilities were assigned in a relative sense, assuming that the probability of non-wind disturbance, especially avalanches and rockslides, was most prevalent but decreased over time as vegetation developed, soil stabilized, and distance from the glacier increased. The class percentages from this model should not be used as a reference condition to calculate fire regime condition class. It is likely that class percentages vary widely over time and from site to site.

This model was largely developed based on studies in Glacier Bay which may not be representative of other periglacial environments. Walker (1995) found that conditions at Glacier Bay favored more rapid growth and succession than at other sites in Alaska.",Innes 2014 and Zouhar 2017 include information about contemporary changes relevant to this BpS.,"08/2022 The description was updated based on reviewer feedback to include more recent literature as well as updated and additional vegetation species information. Based on reviewer feedback, Kori Blankenship added an alternative succession transition to the model to represent the possibility that the Mid1Closed Alder-Willow Thicket state succeeded directly to the Late2Closed Sitka Spruce Forest state, skipping the intervening Late1All Spruce-Cottonwood Transition Forest state. The probability of this successional pathway is not known.

10/2021 This description was updated by NatureServe staff and Kori Blankenship based on the updated Ecological Systems classification for Alaska. Edits focused on adjusting the Geographic Range, Biophysical Site Descriptions, and Vegetation Description sections.

For LANDFIRE National this model was based on input from experts who attended the LANDFIRE Juneau Modeling Meeting (Feb. 08) and refined by Rick Turner. Sclass age ranges and descriptions are partially based on a chronosequence of sites in primary succession at Glacier Bay, AK (Reiners et al. 1971, p. 56). Review comments resulted in minor descriptive edits to the model description and quantitative changes to the state-and-transition model. Model changes included the addition of a Sitka Spruce forest stage (Class D) and the addition of windthrow disturbance in the Spruce-Cottonwood Transitional Forest (Class C) and Sitka Spruce Forest (Class D) stages.
Succession Classes
Mapping Rules
Succession class letters A-E are described in the Succession Class Description section. Some classes use a leafform distinction where a qualifier is added to the class letter: Brdl (broadleaf), Con (conifer), or Mix (mixed conifer and broadleaf). UN refers to uncharacteristic native or a combination of height and cover that would not be expected under the reference condition. NP refers to not possible or a combination of height and cover which is not physiologically possible for the species in the BpS.


Description
Class A	3				Early Development 1 - Open

Indicator Species

Description
Pioneer: Non-Vascular plants, Dryas, Sparse Willows, Poplar and Alder

After ice retreat the first plants to pioneer a site include Polytrichum juniperinum, Equisetum variegatum, E. arvense, Carex ssp., and Chamerion latifolium.  Herbaceous species colonizing the initial pioneer community include Calamagrostis canadensis, Chamerion angustifolium, Heracleum maximum, Lupinus nootkatensis, Athyrium filix-femina, Dryopteris expansa, Phegopteris connectilis, Streptopus amplexifolius, Pyrola spp., Carex mertensii, and Chamerion spp. Scattered Salix ssp., Alnus viridis ssp. sinuate, and Populus balsamifera ssp. trichocarpa seedlings may be present.

Maximum Tree Size ClassSeedling/Sapling <5""
Class B	10				Mid Development 1 - Closed

Indicator Species

Description
Alder-Willow Thicket

Alnus viridis ssp. sinuata often dominates the species composition, although Salix alaxensis, S. sitchensis, or S. barclayi may also be abundant. The relative abundance of Salix species can be quite variable; S. alaxensis is typically found on disturbed sites with sandy soils. Scattered pole sized cottonwoods may be present in this stage.

Maximum Tree Size ClassSeedling/Sapling <5""
Class C	21				Late Development 1 - All Structures

Indicator Species

Description
Spruce-Cottonwood Transition Forest 

This stage is typically found on older deglaciated landscapes at lower elevations near the maximum glacial extent; elsewhere it is absent, and succession proceeds directly to Sitka spruce forest. Populus balsamifera ssp. trichocarpa or a mix of Populus balsamifera ssp. trichocarpa and Picea sitchensis dominate. Common understory shrubs include Rubus spectabilis, Alnus viridis ssp. sinuata, Salix sitchensis, and Oplopanax horridus. 

Rock slides (Option 1) cause a transition to Class A. Snow avalanches (Option 1) cause a transition to class B. Wind throw causes a transition to Class B.

Maximum Tree Size ClassMed. 9–20"" (swd)/11–20"" (hwd)
Class D	66				Late Development 2 - Closed

Indicator Species

Description
Sitka Spruce Forest

Picea sitchensis eventually gains canopy dominance over the hardwoods. Tsuga heterophylla (Southeast Alaska) and Tsuga mertensiana (Southcentral Alaska) seedlings and saplings may be present and a rich moss understory develops (Reiners et al. 1971). As the forest matures, Tsuga heterophylla will likely gain dominance, but then the Mt. Hemlock Forest BpS model would apply. Alnus viridis ssp. sinuata and Salix spp. are present in more open stands. Common understory species include Rubus spectabilis, Sambucus racemosa, Oplopanax horridus, and Ribes bracteosum (Cooper 1923). Herbaceous species may include Aspidium spinulosum, Polystichum braunii, Athyrium filix-femina, Listera cordata, Actaea rubra, Orthilia secunda, and Moneses uniflora (Cooper 1923). The characteristic moss covering the ground is dominated by Hylocomium splendens, Rhytidiadelphus triquetrus, and R. squarrosus (Cooper 1923).

Rock slides (Option 1) cause a transition to Class A. Snow avalanches (Option 1) cause a transition to Class B. Wind throw causes a transition to Class B.

Maximum Tree Size ClassMed. 9–20"" (swd)/11–20"" (hwd)
Model Parameters
Deterministic Transitions
Probabilistic Transitions","Alaback, P.B. 1982. Dynamics of understory biomass in Sitka spruce-western hemlock forests of southeast Alaska. Ecology 63:1932-1948.

Boggs, K., L. Flagstad, T. Boucher, M. Carlson, A. Steer, B. Bernard, M. Aisu, P. Lema, B. Heitz, and T. Kuo. 2019. Alaska Ecosystems of Conservation Concern: Biophysical Settings and Plant Associations. Report prepared by the Alaska Center for Conservation Science, University of Alaska, Anchorage for the Alaska Department of Fish and Game. 300 pp.

Boggs, K.W., S.C. Klein, J.E. Grunblatt, G.P. Streveler, and B. Koltun. 2008a. Landcover Classes and Plant Associations of Glacier Bay National Park and Preserve. Natural Resource Technical Report NPS/GLBA/NRTR 2008/093. National Park Service, Fort Collins, Colorado.

Boggs, K.W., S.C. Klein, L.A. Flagstad, T.V. Boucher, J.E. Grunblatt, and B. Koltun. 2008b. Landcover classes, ecosystems and plant associations of Kenai Fjords National Park. Natural Resource Technical Report NPS/KEFJ/NRTR 2008/136. National Park Service, Fort Collins, Colorado.

Chapin, F.S., III, C.L. Fastie, L.R. Walker, and L.C. Sharman. 1995. Mechanisms of primary succession at Glacier Bay: Implications for present and future vegetation patterns. Pages 96-100 In D.R. Engstrom, ed. Proc. Third Glacier Bay Science Symp., 1993. National Park Service, Anchorage.

Chapin, F.S., III, Walker, L.R., Fastie, C.L., and L.C. Sharman. 1994. Mechanisms of primary succession following deglaciation at Glacier Bay, Alaska. Ecol. Monogr.64:149-175.

Comer, P., D. Faber-Langendoen, R. Evans, S. Gawler, C. Josse, G. Kittel, S. Menard, C. Nordman, M. Pyne, M. Reid, M. Russo, K. Schulz, K. Snow, J. Teague, and R. White. 2003-present. Ecological systems of the United States: A working classification of U.S. terrestrial systems. NatureServe, Arlington, VA.

Cooper, W.S. 1923. The recent ecological history of Glacier Bay, Alaska. Ecology 4(3): 223-246. 

DeMeo, T., J. Martin, and R.A. West. 1992. Forest plant association management guide, Ketchikan Area, Tongass National Forest. R10-MB-210.  USDA Forest Service Alaska Region.  Juneau, Alaska.

Fastie, C.L. 1995. Evaluating the consequences of species interactions during primary succession at Glacier Bay, Alaska. Pages 111-114 In D.R. Engstrom, ed. Proc. Third Glacier Bay Science Symp., 1993. National Park Service, Anchorage.

Flagstad, L.A., and T.V. Boucher. 2015. Klondike Gold Rush National Historical Park; Landcover classes and plant associations. Natural Resource Report NPS/KLGO/NRR 2015/917. National Park Service, Fort Collins, Colorado.

Flagstad, L.A., and T.V. Boucher. 2013. Landcover classes: Sitka National Historical Park. Natural Resource Technical Report NPS/SITK/NRTR-2013/773. National Park Service, Fort Collins, Colorado.

Flagstad, L.A. 2007. A Comparison of Aboveground and Belowground Community Succession Along a Proglacial Chronosequence in Kenai Fjords, Alaska. M.Sc. Thesis, University of Alaska Anchorage. Anchorage, Alaska. 143 pp.

Fleming, M. D. and P. Spencer. 2004. Habitat Mapping of the Kodiak Archipelago. USGS, Alaska Science Center, Anchorage, AK.

Innes, Robin J. 2014. Fire regimes of Alaskan black cottonwood communities. In: Fire Effects Information System, [Online]. U.S. Department of Agriculture, Forest Service, Rocky Mountain Research Station, Missoula Fire Sciences Laboratory (Producer). Available:
http://www.fs.fed.us/database/feis/fire_regimes/AK_black_cottonwood/all.html [2016, August 1].

Jorgenson MT and Others. 2008. An ecological survey for landcover mapping of Wrangell-St. Elias National Park and Preserve. Natural Resource Technical Report. NPS/WRST/NRTR—2008/094. National Park Service

NatureServe. 2008. International Ecological Classification Standard: Terrestrial Ecological Classifications. Draft Ecological Systems Description for the Alaska Maritime Region. 

Reiners, W.A., I.A. Worley and D.B. Lawrence. 1971. Plant Diversity in a Chronosequence at Glacier Bay, Alaska. Ecology 52(1): 55-69.

Shephard, M.E. 1995. Plant community ecology and classification of the Yakutat Foreland, Alaska. Technical Report R10-TP-56. Juneau, AK: USDA Forest Service Alaska Region. 206 p.

Walker, L.R. 1995. How unique is primary plant succession at Glacier Bay? Pages 137-146 In D.R. Engstrom, ed. Proc. Third Glacier Bay Science Symp., 1993. National Park Service, Anchorage.

Weishampel, J.F. and H.H. Shugart. 1995. Calibration of a forest gap model for Glacier Bay: exploring multiple successional pathways. Pages 101-110 In D.R. Engstrom, ed. Proc. Third Glacier Bay Science Symp., 1993. National Park Service, Anchorage.

Zouhar, Kris. 2017. Fire regimes of Alaskan mountain hemlock ecosystems. In: Fire Effects Information System, (Online). U.S. Department of Agriculture, Forest Service, Rocky Mountain Research Station, Missoula Fire Sciences Laboratory (Producer). Available: https://www.fs.fed.us/database/feis/fire_regimes/AK_mountain_hemlock/all.html [2021, May 24].",16442_77_78.docx,,,,,
Forest and Woodland,"73, 77, 78",,"This system is found along the Alaska Gulf Coast from Yakutat to Kodiak Island. Specific systems have been described in the Cape Yakataga, Yakutat forelands (Shephard 1993, 1995), the outer coast of Glacier Bay National Park (Boggs et al. 2008a), Copper River Delta (Boggs 2000), Kenai Fjords National Park (Boggs et al. 2008b), and the Kodiak Archipeliago (Fleming and Spencer 2004).","This Biophysical Setting (BpS) develops on coastal sites that have moved out of the range of tidal influence. Typically, sediment delivered by river outwash or longshore transport is deposited in protected pockets along the coastline where it is retained due to the processes of tectonic and isostatic rebound and sorted into ridges and swales by overwash events (Boggs et al. 2019). The grain size of beach material depends on the source material, the exposure of the coastline, and the energy of the nearshore depositional environment. Systems adjacent to large rivers that are protected from wave erosion will support fine-grained sand beaches and a well-developed beach ridge system, whereas exposed coastlines are more likely to be armored by gravel or cobble and less likely to support a beach ridge system. Ridges form parallel to the coast and increase in age with distance from the coast (Shephard 1995). On the Yakutat Foreland, this type is found on well-drained sandy soils within 10 kilometers of the coast (Shephard 1993). The height of beach ridges varies from 5 meters near the coast to 35 meters further inland (Shephard 1993). Salt spray is a primary factor influencing this community and helps to maintain the dominance of Sitka spruce, which has greater salt tolerance than other conifers in the area. The restrictive abiotic conditions of the supratidal zone produce a consistent species assemblage. Coastal beach communities are often dominated by Leymus mollis and salt-tolerant forbs such as Lathyrus japonicus, Senecio pseudo-arnica, Angelica lucida, and Ligusticum scoticum. Picea sitchensis seedlings establish and survive in coastal meadows, about 130 years after beach ridge formation. As the sites become farther removed from the influence of tides and storms, the Sitka spruce woodland may succeed to Tsuga heterophylla forest.","Picea sitchensis is the dominant tree species, although Tsuga mertensiana (southcentral Alaska) or Tsuga heterophylla (Southeast Alaska) may become codominant with successional age.  Alnus viridis ssp. sinuata, Oplopanax horridus, and Rubus spectabilis are the most abundant understory shrubs with the contribution of Vaccinium ovalifolium increasing with successional age. Other species include Circea alpina, Rubus pedatus, Streptopus amplexifolius, Tiarella trifoliata, Athyrium felix-femina, Dryopteris expansa, and Gymnocarpium dryopteris (Shephard 1993). Common moss species include Hylocomium splendens, Rhytidiadelphus loreus, and Dicranum spp. (Shephard 1993). Mature forests usually have very little downed wood or snags. Calamagrostis nutkaensis may be common on exposed sites near the coast.
BpS Dominant and Indicator Species
Species names are from the NRCS PLANTS database. Check species codes at http://plants.usda.gov.","Picea sitchensis establishes about 130 years after beach ridge formation and may succeed to Tsuga heterophylla forest (Shephard 1995). The non-forested beach meadow is likely the early sere of the forested beach ridge community prior to tectonic or isostatic uplift (Shephard 1993), although it is considered a separate BpS by LANDFIRE. As the spruce stands age, understory recruitment decreases. Tsuga heterophylla may co-dominate in the later seral stages (Shephard 1993) and/or this type may succeed to Tsuga heterophylla forest (Shephard 1995 p.36). Succession to Tsuga heterophylla forest is most likely after a wind disturbance and would depend on available seed source. Eventually, peatlands may replace the forested community but that is not considered in this model. 

Wind is the primary disturbance in this system. Beach ridges tend to have a distinct edge with younger trees on the outside that tend to make them somewhat resistant to windthrow. However, if the young tree buffer is lost, possibly as a result of coastal flooding due to storm surge, they become susceptible to windthrow. The annual probability of wind disturbance for modeling is unclear. In this model it is set to achieve the approximate class percentages that likely occur in a ""naturally"" functioning system.

Insects and disease play a minor role in beach ridge communities. A reviewer noted that spruce beetle and inadequate nitrogen levels were the cause of disturbance of similar even aged spruce stands in deglaciated areas of Glacier Bay. Although these are different substrates, it is conceivable that the same processes could play out between Glacier Bay and these ridges. There is some evidence of fire in this system, but it appears to be human-caused, very infrequent and limited in extent.
Fire Frequency 
Fire interval is expressed in years for each fire severity class and for all types of fire combined (All Fires). Average FI is the central tendency modeled. Percent of all fires is the percent of all fires modeled in that severity class. Minimum and Maximum FIs show the relative range of fire intervals as estimated by model contributors, if known.",Matrix,"Fen and bog communities can be found in the interspaces between the linear beach ridges (Shephard 1995). Along the coast, the adjacent non-forest vegetation is primarily comprised of a Leymus mollis dune community and a Fragaria chiloensis – Achillea millefolium var. borealis beach meadow community, which forms further inland on higher ground (Shephard 1995).",,,"10/2021 This description was updated by NatureServe staff and Kori Blankenship based on the updated Ecological Systems classification for Alaska. Edits focused on adjusting the Geographic Range, Biophysical Site Descriptions, and Vegetation Description sections.

This system was created during LANDFIRE National for the AK Maritime region and did not receive review for other regions in the state. This model was developed by Michael Shephard and is largely based on his work (Shephard 1993) on the Yakutat Ranger District. Review comments resulted in minor additions to the description.

Succession Classes
Mapping Rules
Succession class letters A-E are described in the Succession Class Description section. Some classes use a leafform distinction where a qualifier is added to the class letter: Brdl (broadleaf), Con (conifer), or Mix (mixed conifer and broadleaf). UN refers to uncharacteristic native or a combination of height and cover that would not be expected under the reference condition. NP refers to not possible or a combination of height and cover which is not physiologically possible for the species in the BpS.


Description
Class A	30				Early Development 1 - Closed

Indicator Species


Description
Early, ecotone community between the non-forested beach and the beach ridge. Picea sitchensis/Oplopanax horridus community. Found on beach formations < 130yrs old (Shephard 1993). This ecotonal community is characterized by young, very dense stands of Picea sitchensis with a moss understory (Shephard 1993). 

Maximum Tree Size ClassMed. 9–20"" (swd)/11–20"" (hwd)
Class B	30				Mid Development 1 - All Structures

Indicator Species

Description
Young Picea sitchensis/Oplopanax horridus community. Found on beach ridge formations 130-300yrs old (Shephard 1993). Cover of Viburnum edule and Vaccinium ssp. is typically higher during this stage than later seral stages (Shephard 1993). Common moss species include Hylocomium splendens, Rhytidiadelphus loreus, and Dicranum spp. (Shephard 1993).

Maximum Tree Size ClassLarge 20"" – 40""
Class C	40				Late Development 1 - All Structures

Indicator Species

Description
Middle-Aged and Old. This class combines the Middle-Aged and Old stages defined by Shephard (1993) because they could not be distinguished for mapping using LANDFIRE’s methods. Picea sitchensis/Oplopanax horridus community which can range from 300 to well over 500 years old. With age, the stand tends to become more open. Tsuga heterophylla can eventually be co-dominant (Shephard 1993). Climacium dendroides can be found in addition to those moss species listed in the young stage (Shephard 1993).

Maximum Tree Size ClassVery Large 40.0""+
Model Parameters
Deterministic Transitions
Probabilistic Transitions","Boggs, K.W. 2000. Classification of community types, successional sequences, and landscapes of the Copper River Delta. USDA Forest Service Pacific Northwest Research Station, Portland, OR. Gen. Tech. Rep. PNW-GTR-469. 224 pp.

Boggs, K., L. Flagstad, T. Boucher, M. Carlson, A. Steer, B. Bernard, M. Aisu, P. Lema, B. Heitz, and T. Kuo. 2019. Alaska Ecosystems of Conservation Concern: Biophysical Settings and Plant Associations. Report prepared by the Alaska Center for Conservation Science, University of Alaska, Anchorage for the Alaska Department of Fish and Game. 300 pp.

Boggs, K.W., S.C. Klein, J.E. Grunblatt, G.P. Streveler, and B. Koltun. 2008a. Landcover Classes and Plant Associations of Glacier Bay National Park and Preserve. Natural Resource Technical Report NPS/GLBA/NRTR 2008/093. National Park Service, Fort Collins, Colorado.

Boggs, K.W., S.C. Klein, L.A. Flagstad, T.V. Boucher, J.E. Grunblatt, and B. Koltun. 2008b. Landcover classes, ecosystems and plant associations of Kenai Fjords National Park. Natural Resource Technical Report NPS/KEFJ/NRTR 2008/136. National Park Service, Fort Collins, Colorado.

Comer, P., D. Faber-Langendoen, R. Evans, S. Gawler, C. Josse, G. Kittel, S. Menard, C. Nordman, M. Pyne, M. Reid, M. Russo, K. Schulz, K. Snow, J. Teague, and R. White. 2003-present. Ecological systems of the United States: A working classification of U.S. terrestrial systems. NatureServe, Arlington, VA.

DeMeo, T., J. Martin, and R.A. West. 1992. Forest plant association management guide, Ketchikan Area, Tongass National Forest. R10-MB-210.  USDA Forest Service Alaska Region.  Juneau, Alaska.

Fleming, M. D. and P. Spencer. 2004. Habitat Mapping of the Kodiak Archipelago. USGS, Alaska Science Center, Anchorage, AK.

Shephard, M. E. 1993. Structure and Composition of a Forested Beach Ridge Chronosequence on the Yakutat Foreland, Alaska. Proceedings of the Third Glacier Bay Science Symposium. Dr. Engstrom (ed.), National Park Service, Alaska, 1993. p. 129-136.

Shephard, M.E. 1995. Plant community ecology and classification of the Yakutat Foreland, Alaska. Technical Report R10-TP-56. Juneau, AK: USDA Forest Service, Alaska Region. 206 p.",16443_73_77_78.docx,,,,,
"Herbaceous

Map Zones 
73, 74, 75, 76, 77, 78, 80",,"Geographic Range 
This Biophysical Setting (BpS) occurs in the subalpine to alpine zones of the boreal transition region and from Kodiak Island through southeastern Alaska and adjacent British Columbia 

Biophysical Site Description 
These are mesic subalpine and alpine herbaceous meadows that occur on mountain sideslopes in the boreal transition and maritime regions of Alaska. The slope position is often above the tall-shrub zone and below alpine dwarf-shrub tundra, and the slope shape is usually straight to concave. The substrate is colluvium, residuum, or glacial till. This system often occurs as a continuous band above or mixed with subalpine and alpine shrublands on moderate to steep slopes underlain by colluvium, talus, or bedrock.",,,"Species composition is diverse and species richness is often very high, typically no single species is dominant. Vegetation is dominated by herbaceous species, including Carex macrochaeta, Geranium erianthum, Sanguisorba canadensis, Valeriana sitchensis, Lupinus nootkatensis, Veratrum viride, Aconitum delphiniifolium, Anemone narcissiflora, Polemonium acutiflorum, Chamerion angustifolium (= Epilobium angustifolium), Chamerion latifolium, Senecio triangularis, Nephrophyllidium crista-galli, Calamagrostis canadensis (often present but not dominant), Castilleja unalaschcensis, Artemisia arctica, Fritillaria camschatcensis, and Athyrium filix-femina (DeVelice et al. 1999).

BpS Dominant and Indicator Species","The dominant disturbances are snow avalanche, soil creep, and freeze-thaw dynamics. While this system often occurs on steep slopes with high avalanche frequency, it can also occur on shoulder slopes and near summits, where snowslides are rare. Fire is unlikely to be a significant disturbance for this system, due to moist soils, low fuel levels, and adjacent vegetation types that rarely burn. Grazing may be an influence on this system in some areas.
Fire Frequency 
Fire interval is expressed in years for each fire severity class and for all types of fire combined (All Fires). Average FI is the central tendency modeled. Percent of all fires is the percent of all fires modeled in that severity class. Minimum and Maximum FIs show the relative range of fire intervals as estimated by model contributors, if known.","Large patch
Non-Fire Disturbances
Other 1: snow slides",,,,"In 2021 NatureServe revised the Ecological Systems for AK and Pat Comer updated the description for this BpS accordingly. The model was not changed.

In 2015 an extensive search was done by Fire Effects Information System staff to locate information for a synthesis on fire regimes of Alaskan wet and mesic herbaceous systems (Innes 2015). No published information was found on mesic herbaceous meadows in the subboreal or maritime alpine zones. 
Succession Classes
Mapping Rules
Succession class letters A-E are described in the Succession Class Description section. Some classes use a leafform distinction where a qualifier is added to the class letter: Brdl (broadleaf), Con (conifer), or Mix (mixed conifer and broadleaf). UN refers to uncharacteristic native or a combination of height and cover that would not be expected under the reference condition. NP refers to not possible or a combination of height and cover which is not physiologically possible for the species in the BpS.

Description
Class A	100					Early Development 1 - All Structures
Structural Information
Tree Size Class: None
Indicator Species

Description
This stage is dominated by Carex macrochaeta with a variety of forbs.

Model Parameters
Deterministic Transitions

Probabilistic Transitions","Boggs, K., S. C. Klein, J. Grunblatt, G. P. Streveler, and B. Koltun. 2008a. Landcover classes and plant associations of Glacier Bay National Park and Preserve. Natural Resource Technical Report NPS/KEFJ/NRTR-2008/093. National Park Service, Fort Collins, CO. 255 pp. 

DeVelice, R. L., C. J. Hubbard, K. Boggs, S. Boudreau, M. Potkin, T. Boucher, and C. Wertheim. 1999. Plant community types of the Chugach National Forest: South-central Alaska. Technical Publication R10-TP-76. USDA Forest Service, Chugach National Forest, Alaska Region. 375 pp.

Innes, Robin J. 2015. Fire regimes of Alaskan wet and mesic herbaceous systems. In: Fire Effects Information System, [Online]. U.S. Department of Agriculture, Forest Service, Rocky Mountain Research Station, Missoula Fire Sciences Laboratory (Producer). Available: www.fs.fed.us/database/feis/fire_regimes/AK_wet_herbaceous/all.html [2021, September 28].

Viereck, L. A., C. T. Dyrness, A. R. Batten, and K. J. Wenzlick. 1992. The Alaska vegetation classification. General Technical Report PNW-GTR286. USDA Forest Service, Pacific Northwest Research Station, Portland, OR. 278 pp.",16450_73_74_75_76_77_78_80.docx,,,,,
Forest and Woodland,"75, 77, 78","North Pacific Mesic Western Hemlock-Yellow-cedar Forest (1040) and North Pacific Hypermaritime Western Red-cedar-Western Hemlock Forest (1178) are lumped into the Alaskan Pacific Maritime Western Hemlock Forest for Biophysical Setting (BpS) modeling.
This BpS should be mapped as separate existing vegetation types, but they are lumped for modeling because it is unclear how models would differ quantitatively for the two types. Western Red-cedar tends to occur on slightly wetter sites below 800 ft elevation (Demeo et al. 1992) and Western Red-cedar-Western Hemlock associations will overlap with Western Hemlock series, particularly in lower elevation, more poorly drained sites.",Western hemlock is found from Prince William Sound (the northwestern limit of Western Hemlock) through southeast AK where it is the dominant forest type on mountain and hillslopes.,"This BpS is commonly found on moderately productive, upland sideslopes and low angle terrain from sea level to about 2000 ft elevation (DeMeo et al. 1992). Soils are somewhat poorly to well drained. Western hemlock stands range from somewhat poorly drained sites with a greater cedar component to well drained sites with a Sitka spruce component. Sites dominated by western hemlock tend to be more stable or less disturbance prone than sites dominated by Sitka spruce.","The overstory is typically dominated by Tsuga heterophylla, or a mix of Tsuga heterophylla and Picea sitchensis or Tsuga heterophylla and Thuja plicata, especially below 800 ft. Higher elevation or cooler microsites with somewhat poorly drained soils include Callitropsis nootkatensis. Overstory canopy cover is usually at least 60%. Tsuga heterophylla stands are most prevalent on hill and mountain slopes and footslopes, but can also be found in riparian zones and on uplifted beaches (DeMeo et al. 1992). Common shrubs include Vaccinium ovalifolium and Menziesia ferruginea (NatureServe 2008). Lysichiton americanus occurs in poorly drained depressions. Other common forbs include Rubus pedatus, Streptopus amplexifolius, Cornus canadensis, Tiarella trifoliate, Streptopus roseus, and Maianthemum dilatatum (NatureServe 2008; Schoen and Dovichin 2007). Common ferns include Gymnocarpium dryopteris, Blechnum spicant, and Dryopteris expansa. (DeVelice et al. 1999; Demeo et al. 1992; Martin et al. 1995).

In the northern portion of the region (Yakutat through Prince William Sound) Tsuga mertensiana may also be present in the canopy. Callitropsis nootkatensis (formerly Cupressus nootkatensis) may be present in the canopy in southeast Alaska (e.g., Glacier Bay), and represents somewhat less productive sites, but is rare in this system in Prince William Sound (the NW limit of Callitropsis nootkatensis) (Hennon and Trummer 2001). Sites tied to disturbance, such as v-notches, are dominated by Oplopanax horridus and Rubus spectabilis in the understory.

Western hemlock, Sitka spruce and redcedar forests found on karst topography represent a special subtype within the Western Hemlock BpS. Although most of this subtype has been eliminated due to logging it is important from a conservation perspective and provides extremely valuable wildlife habitat (Schoen and Dovichin 2007). Karst environments support some of the largest trees in the region because the soils have better drainage and roots anchored in the carbonate bedrock tend to be windfirm (Schoen and Dovichin 2007). Alaback (1982) found that the forest understory in karst environments had very low productivity due to the dense overstory canopy and very productive tree growth.

BpS Dominant and Indicator Species
Species names are from the NRCS PLANTS database. Check species codes at http://plants.usda.gov.","Wind disturbances at both small and large scales play a fundamental role in shaping forest dynamics in Southeast Alaska (Alaback et al. 2017; Harris and Farr 1974; Nowacki and Kramer 1998). Wind disturbance characteristics change over a continuum dependent on landscape features (e.g., exposure, position on the landscape, topography). Distinct wind disturbance regimes grade from exposed landscapes where recurrent, large-scale wind events prevail to wind-protected landscapes where small-scale canopy gaps predominate. Blowdowns in southeast Alaska range in size from 1 to 1,000 acres and disproportionately occur as smaller patches (typically < 50 acres) (Nowacki and Kramer 1998). An area’s susceptibility to windthrow can affect stand structure and forest development. Stands on wind protected sites tend to have an uneven age structure and are more likely to reach late stages of development than stands on wind prone sites (Kramer et al. 2001).

Some research suggests that frequent, small-scale wind events have a larger impact on these forests than the relatively less frequent, large-scale blowdowns (Harcombe 1986). More recent research suggests that catastrophic wind-throw events are a more important driver of forest dynamics in the region than previously recognized (Kramer et al. 2001). Stem-snap and resultant canopy gaps are more likely to occur in old growth forests and mean gap size tends to be larger in old growth forests than in mature forests (Nowacki and Kramer 1998). The direction of gap-maker tree falls is significantly aligned with the direction of prevailing winds. 

Catastrophic winds commonly cause large-scale blowdown throughout southeast Alaska (Deal et al 1991). Depending on intensity, wind can create single-generation stands with uniform canopies or multi-generation stands with diverse canopy and size structures. Intervals between complete blowdowns tend to be long with forests cycling through stand initiation, stem exclusion, and understory reinitiation stages, eventually reaching the old growth stage at about 350yrs. 

Tree regeneration may be inhibited following windthrow due to the large amount of downed woody debris (Alaback 1984; Harris and Farr 1974). This can lead to the development of a patchy, open canopy structure (Alaback 1984). However, both spruce and hemlock readily germinate on decaying, downed logs, referred to as “nurse logs.” As trees develop on nurse logs their roots spread around the log to reach the soil. When the nurse log decays completely, a line of trees with buttressed roots is left behind.

Fire occurrence is rare and not well documented in the forests of southeaset AK and therefore not included in this model. Fire plays some role in inland areas near Haines, Skagway and generally north of Lynn Canal where the climate is more continental and dryer (personal communication, Roy Josephson). Yakutat, Icy Bay and over to Cordova is not influenced by fire (personal communication, Roy Josephson). Most fires are anthropogenic and recently observed lightning caused fires were quite small (personal communication, Roy Josephson).

Other important disturbances affecting this type can include avalanches, landslides, and tectonic movement. Insect and disease attacks are rare although black-headed budworm and hemlock sawfly outbreaks occasionally cause widespread defoliation (Harris and Farr 1974). Dwarf mistletoe and heart rot fungi perpetuate the hemlock-dominated old-growth condition (Hennon and McClellan 2003).
Fire Frequency 
Fire interval is expressed in years for each fire severity class and for all types of fire combined (All Fires). Average FI is the central tendency modeled. Percent of all fires is the percent of all fires modeled in that severity class. Minimum and Maximum FIs show the relative range of fire intervals as estimated by model contributors, if known.",Matrix. Frequent small scale windthrow drives patch size.,This type occurs below the mountain hemlock zone and above the Sitka spruce riparian zone.,,"Timber harvest, predominantly clearcut harvest, throughout southeast Alaska has created large areas of early successional (particularly the stem exclusion stage) forest.

With global warming, the intensity and duration of wind events may increase as a result of stronger land-water thermal gradients (Alaback and McClellan 1993). A warming climate also appears to be enabling redcedar to grow further north and may be responsible for the decline of yellow cedar (Schoen and Dovichin 2007).","This model was developed by Sheila Spores but much of the disturbance description was taken from the Coastal Forest PNVG description (Murphy and Witten 2006) and Roy Josephson provided input on fire for the Lynn Canal area. Reviewer Paul Alaback noted that the successional model is a good representation of the Western Hemlock type on the most productive sites. These sites, sometimes referred to as “large tree old-growth (see Caouette and DeGayner 2008),” can support trees with >40 inches DBH and occupy a relatively small percentage of the Western Hemlock zone. While small tree old-growth (see Caouette and DeGayner 2008) can be considered part of the Poorly Drained Conifer BpS, a separate model for medium tree old-growth may be needed (but has not been created yet). Although small and medium tree old-growth (see Caouette and DeGayner 2008), Western Hemlock are more common than the large tree old-growth and much less is known about it. Review comments resulted in minor descriptive changes as well as the addition of the discussion on karst environments and several references. Other review comments resulted in minor edits to the description and slight adjustments to the s-class age ranges.
Succession Classes
Mapping Rules
Succession class letters A-E are described in the Succession Class Description section. Some classes use a leafform distinction where a qualifier is added to the class letter: Brdl (broadleaf), Con (conifer), or Mix (mixed conifer and broadleaf). UN refers to uncharacteristic native or a combination of height and cover that would not be expected under the reference condition. NP refers to not possible or a combination of height and cover which is not physiologically possible for the species in the BpS.


Description
Class A	4				Early Development 1 - All Structures

Indicator Species

Description
Post disturbance stand initiation

Herbs, shrubs and tree seedlings grow from seeds, sprouts and advance regeneration. Within five years following disturbance, a vigorous shrub layer develops and will often persist past age 20yrs. Thirty years is used as the estimate of the end of this stage (Alaback 1984; DeMeo et al. 1992). By age 50, shrub cover is reduced past the pre-disturbance level (DeMeo et al. 1992). Post disturbance conifer regeneration will depend on the pre disturbance stand composition and the type of disturbance. Hemlock is more likely to regenerate following windthrow whereas spruce is more likely to regenerate if mineral soil is exposed (e.g. after a landslide).

A reviewer noted that the length of this seral stage will vary somewhat with site quality. The main notable difference is karst vs. non-karst. On karst sites, the trees are patchier initially and it takes longer for a closed canopy to develop. Hemlock sites with devil’s club—an indicator of aerated soils with frequent forest gap creation—will also show this lag. The lag is about 10yrs; i.e., canopies on these sites can be expected to be closed by age 40 (DeMeo et al. 1992).

Maximum Tree Size ClassSeedling/Sapling <5""
Class B	13				Mid Development 1 - Closed

Indicator Species

Description
Stem exclusion

Tree canopy closes and shade in-tolerant species in the understory are lost. Forest structure becomes stratified, with slower-growing, shade tolerant conifer species forming lower canopy strata. Some trees are thinned from the stand due to lack of resources (e.g., light, growing space, nutrients, etc.). Spruce and hemlock dominate. Understory can be completely void of vegetation, therefore no understory species are listed as indicators for this class. 

Maximum Tree Size ClassMed. 9–20"" (swd)/11–20"" (hwd)
Class C	18				Late Development 1 - Closed

Indicator Species

Description
Understory re-initiation
As the overstory ages, new species of shade-tolerant forbs and shrubs appear on the forest floor. Eventually larger tree-fall gaps, which are not subject to closure by lateral extension, begin to appear in the overstory, thus allowing for conifer regeneration and the beginning of gap-phase replacement. A two-aged, two-layered stand forms. Pure hemlock or hemlock-spruce dominate.

Maximum Tree Size ClassLarge 20"" – 40""
Class D	65				Late Development 2 - Closed

Indicator Species

Description
Old growth

Multi-aged, multi-layered stand with continuing gap-phase replacement. Tree mortality is generally balanced with growth from newly established seedlings. Large, decadent trees, standing snags, coarse woody debris, overhead gaps and regeneration patches are all present. Heart rot, mistletoe and fluting tend to make these stands valuable for wildlife habitat (Schoen and Dovichin 2007). Pure hemlock or hemlock-spruce dominate.

Maximum Tree Size ClassVery Large 40.0""+
Model Parameters
Deterministic Transitions
Probabilistic Transitions","Alaback, P.B. 1993. Biodiversity pattern in relation to climate and genetic base of the rainforests of the west coast of North America. In: Lawford, R., Alaback, P., and Fuentes E.R. (eds): High latitude rain forests of the west coast of the Americas: Climate, hydrology, ecology, and conservation. Springer-Verlag: New York. 

Alaback, P.B. and Juday, G.P. 1989. Structure and composition of low elevation old growth forest in research natural areas of Southeast Alaska. Natural Areas Journal 9: 27-39. 

Alaback, P., and M. McClellan, 1993. Effects of global warming on managed coastal ecosystems of western North America. In Earth system responses to global change; contrasts between North and South America. Academic Press. Pp. 299–327.

Alaback, P.B. 1982. Dynamics of understory biomass in Sitka spruce-western hemlock forests of southeast Alaska. Ecology. 63: 1932-1948.

Alaback, P.B. 1984. Plant succession following logging in the Sitka spruce-western hemlock forests of southeast Alaska: implications for management. General Technical Report PNW-173. USDA Forest Service. Pacific Northwest Forest and Range Experiment Station. Portland, OR. 26 p.

Alaback, P. B., Nowacki, G., & Saunders, S. 2017. Natural disturbance patterns in the temperate rainforests of southeast Alaska and adjacent British Columbia. North Pacific temperate rainforests: ecology and conservation. University of Washington Press, Seattle, Washington, USA, 73-81.

Caouette, J.P. and E.J. DeGayner. 2008. Broad-Scale Classification and Mapping of Tree
Size and Density Attributes in Productive Old-Growth Forests in Southeast Alaska’s
Tongass National Forest. Western Journal of Applied Forestry. 23(2): 106-112.

Deal, R., C. Oliver, and B. Bormann. 1991. Reconstruction of mixed hemlock-spruce stands in coastal Southeast Alaska. Canadian Journal of Forest Research 21:643–654.

DeMeo, T., J. Martin and R.A. West. 1992. Forest plant association management guide, Ketchikan Area, Tongass National Forest. USDA Forest Service, Alaska Region. R10-MB-210. 405p.

Harcombe. P. A. 1986. Stand development in a 130 year old spruce-hemlock forest based on age structure and 50 years of mortality data. For. Ecol. and Manage. 14:41-58. 

Harris, A.S. and W. A. Farr. 1974. The forest ecosystem of southeast Alaska. 7: Forest ecology and timber management. USDA Forest Service, Pacific Northwest Forest and Range Experiment Station: PNW-GTR-25. Portland, OR. 109 p. 

Hennon, P., and C Shaw. 1997. What’s killing the trees? The enigma of yellow-cedar decline. Journal of Forestry 95(12).

Hennon, P.E. and Trummer, L.M. 2001. Yellow-cedar (Chamaecyparis nootkatensis) at the northwest limits of its range in Prince William Sound, Alaska. Northwest Science. 75: 61-72.

Hennon, P.E. and McClellan, M.H. 2003. Tree mortality and forest structure in temperate rain forests of southeast Alaska. Can. J. For. Res. 33: 1621-1634.

Kramer, M.G., A.J. Hansen, M.L. Taper and E.J. Kissinger. 2001. Abiotic controls on long-term windthrow disturbance and temperate rain forest dynamics in southeast Alaska. Ecology 82(10): 2749-2768.

Lertzman, K.P. and C. J. Krebs. 1991. Gap-phase structure of a subalpine old-growth forest. Can. J. For. Res. 21:1730-1741.

Martin, Jon R., Susan J. Trull, Ward W. Brady, Randolph A. West and Jim M. Downs. 1995. Forest plant association management guide, Chatham Area, Tongass National Forest. USDA Forest Service, Alaska Region. R10-TP-57.

Murphy, K.A. and E. Witten. 2006. Coastal Forest. In Fire Regime Condition Class (FRCC) Interagency Guidebook Reference Conditions. Available at www.frcc.gov.

NatureServe. 2008. International Ecological Classification Standard: Terrestrial Ecological Classifications. Draft Ecological Systems Description for Alaska Maritime Region. 

Nowacki, G.J. and M. G. Kramer.1998. The effects of wind disturbance on temperate rain forest structure and dynamics of Southeast Alaska. USDA Forest Service, Pacific Northwest Research Station: PNW-GTR-421. 

Oliver, C. 1981. Forest development in North America following major disturbances. Forest Ecology and Management 3:153–158.

Oliver, C., and B. Larson. 1996. Forest stand dynamics. Wiley, New York.

Ott, R. 1997. Natural disturbance at the site and landscape levels in temperate rainforests of Southeast Alaska. Ph.D. dissertation, University of Alaska, Fairbanks.

Ott, R.A., and G.P Juday. 2002. Canopy gap characteristics and their implications for management in the temperate rainforests of southeast Alaska. Forest Ecology and Management. 159(3): 271-291.

Schoen, J.W. and E. Dovichin (editors). 2007. The Coastal Forests and Mountains Ecoregion of Southeastern Alaska and the Tongass National Forest. Published by The Nature Conservancy and the Audobon Society. Available online at http://conserveonline.org/workspaces/akcfm.",16460_75_77_78.docx,,,,,
Woody Wetland,"73, 74, 75, 76, 77, 78, 80",,"This Biophysical Setting (BpS) occurs from the eastern Aleutian Islands, Alaska Peninsula, Cook Inlet, and Kodiak Island through southeast AK.","This ecological system occurs in basins, shallow depressions, seepage channels on flat to gentle slopes, and pond margins. It is often mosaiced with the wet meadow and other wetland ecological systems including dwarf-shrub- and well-developed herbaceous-dominated peatlands (bog and poor fens), and occurs on peat, floating organic mats, or mineral soil. Peat depth is >40 cm and may be over mineral soil, floating, or submerged. This system includes raised bogs with Sphagnum spp.; soils are acidic and are usually saturated throughout the growing season.","Sphagnum spp. (especially Sphagnum fuscum) dominates the ground layer, but codominance includes other mosses, liverworts, shrubs, and forbs. This system has >25% shrub cover and common shrubs include Andromeda polifolia, Betula nana, Empetrum nigrum, Kalmia polifolia, Ledum palustre ssp. decumbens, Ledum spp., Salix pulchra, Vaccinium oxycoccos (= Oxycoccus microcarpos), and Vaccinium uliginosum. Common herbaceous species include Carex aquatilis var. dives (= Carex sitchensis), Carex livida, Carex pluriflora, Carex pauciflora, Comarum palustre, Cornus suecica, Drosera spp., Eriophorum angustifolium, Eriophorum spp., Parnassia kotzebuei, Rubus chamaemorus, and Trichophorum cespitosum. Nonvascular species include Philonotis fontana var. americana, Scapania spp., Nardia spp., Marsupella spp., and Siphula spp. Fruticose lichens may occur on the hummocks.

BpS Dominant and Indicator Species
Species names are from the NRCS PLANTS database. Check species codes at http://plants.usda.gov.","Hydrologic dynamics and peat formation govern this system. Under appropriate hydrologic conditions this system will remain stable for long periods, but changes in water level or frequency and duration of flooding may cause a transition to another BpS. Substantial flooding/increase in water level may lead to the development of emergent marsh. This system does not likely burn in southeastern Alaska.

Fire Frequency 
Fire interval is expressed in years for each fire severity class and for all types of fire combined (All Fires). Average FI is the central tendency modeled. Percent of all fires is the percent of all fires modeled in that severity class. Minimum and Maximum FIs show the relative range of fire intervals as estimated by model contributors, if known.",Small patch,,,,"In 2021 Pat Comer drafted this description based on NatureServe’s updated Ecological Systems classification for AK. This concept was not described or modeled by LANDFIRE prior to 2021. Kori Blankenship created a simple one-box model to represent the BpS dynamics.
Succession Classes
Mapping Rules
Succession class letters A-E are described in the Succession Class Description section. Some classes use a leafform distinction where a qualifier is added to the class letter: Brdl (broadleaf), Con (conifer), or Mix (mixed conifer and broadleaf). UN refers to uncharacteristic native or a combination of height and cover that would not be expected under the reference condition. NP refers to not possible or a combination of height and cover which is not physiologically possible for the species in the BpS.


Description
Class A	100				Mid Development 1 - All Structures

Indicator Species

Description
This class represents the stable acidic shrub-sedge peatland community. This class persists indefinitely under appropriate hydrological conditions.

Maximum Tree Size ClassNone
Model Parameters
Deterministic Transitions
Probabilistic Transitions","Comer, P., D. Faber-Langendoen, R. Evans, S. Gawler, C. Josse, G. Kittel, S. Menard, C. Nordman, M. Pyne, M. Reid, M. Russo, K. Schulz, K. Snow, J. Teague, and R. White. 2003-present. Ecological systems of the United States: A working classification of U.S. terrestrial systems. NatureServe, Arlington, VA. 

Fleming, M.D. and P. Spencer. 2007. Kodiak Archipelago land cover classification users guide. SAIC at USGS Alaska Science Center, Anchorage, AK. 77 pp. 

Shacklette, H.T., L.W. Durrell, J.A. Erdman, J.R. Keith, W.M. Klein, H. Krog, H. Persson, H. Skuja and W.A. Weber. 1969. Vegetation of Amchitka Island, Aleutian Islands, Alaska. Geological Survery Professional Paper 648. U.S. Government Printing Office, Washington, DC. 66 pp.

Shephard, M.E. 1995. Plant community ecology and classification of the Yakutat Foreland, Alaska. Technical Report R10-TP-56. Juneau, AK: USDA Forest Service Alaska Region. 206 p.

Talbot, S. S., W. F. Savage, and M. B. Hedrick. 1984. Range inventory of Simeonof Island, Alaska. Unpublished report to U.S. Fish and Wildlife Service, Refuge Support, Anchorage, AK. 82 pp. 

Talbot, S. S., and S.L. Talbot. 1994. Numerical classification of the coastal vegetation of Attu Island, Aleutian Islands, Alaska. Journal of Vegetation Science 5:867-876. 

Talbot, S.S., S.L. Talbot and W. B. Schofield. 2006. Vascular flora of Izembek National Wildlife Refuge, westernmost Alaska Peninsula, Alaska. Rhodora 108(935):249-293.

Viereck, L.A., C.T. Dyrness, A.R. Batten and K.J. Wenzlick. 1992. The Alaska vegetation classification. Pacific Northwest Research Station, USDA Forest Service, Portland, OR. Gen. Tech. Rep. PNW-GTR286. 278 p.",16470_73_74_75_76_77_78_80.docx,,,,,
Forest and Woodland,"75, 77",Alaskan Pacific Mountain Hemlock Forest and Subalpine Woodland was split into northern and southern variants to model differences in fire regimes. For mapping BpS 16481 should apply to the range of this BpS excluding map zone 78.,"This Biophysical Setting (BpS) occurs primarily at the elevational limit of tree growth in the mountain ranges along the subpolar rainforest region of the Gulf Coast of Alaska, including the Kenai, Chugach, St. Elias, Fairweather, and Coast mountains (Alaback 1991; Alaback 1995). It occurs primarily in the maritime region, but also occurs in the sub-boreal transition between coastal and boreal forests, on the inland side of the Kenai and Chugach mountains. It extends along the Gulf Coast of Alaska from Kenai Fjords to Yakutat. The Southeast BpS model variant of this system occurs from around Yakutat Bay south through southeastern Alaska.","This BpS occurs on lower and upper mountain sideslopes, shoulders, benches, and bedrock outcrops at mid-elevations up to treeline. Soils are typically poorly to well-drained, shallow and are derived from glacial and colluvial deposits, as well as residual bedrock. Within the Kenai, Chugach, and St. Elias mountains, the elevation range is from 0 to 1900 ft. On the Chugach National Forest Mt. Hemlock-Sitka Spruce associations are found at elevations up to 1200 feet and Mt. Hemlock associations are found several hundred feet higher (DeVelice 1999). In southeastern Alaska, the elevation range is 980 to 3280 ft. The lower and upper elevational limits of this system decrease from south to north and from east to west. This BpS is common on north-facing slopes with late lying snow, and also occurs on east and west aspects. This system is uncommon on south-facing slopes.","Tsuga mertensiana is the dominant conifer with at least 15% cover, and often grows with a stunted growth form (krummholz), but associated canopy trees vary by region. Mature Tsuga mertensiana trees are typically 18 to 25 m tall with dbh ranging from 38 to 50 cm (Viereck et al. 1992). Picea sitchensis or Tsuga heterophylla may be codominant on sites along the central Gulf Coast (Prince William Sound) but are less abundant than Tsuga mertensiana. Picea sitchensis is commonly found on steep slopes and both Picea sitchensis and Thuja plicata are occasionally present near the coast. Tsuga heterophylla often occurs at lower elevations in this system. Callitropsis nootkatensis (= Chamaecyparis nootkatensis) may be present in the overstory in isolated locations in Prince William Sound. In the sub-boreal region, Picea glauca or Picea x lutzii may be present on the inland (non-maritime) portion of the Kenai and Chugach Mountains, but have less than 15% canopy cover. Betula papyrifera var. kenaica may be common in early seral stages in inland sites. Common shrubs include Alnus viridis ssp. sinuata, Vaccinium ovalifolium, Vaccinium vitis-idaea, Oplopanax horridus, Menziesia ferruginea, Harrimanella stelleriana (= Cassiope stelleriana), Rubus spectabilis, Elliotia pyroliflora, and Empetrum nigrum. Common herbaceous species include Cornus canadensis, Rubus pedatus, Dryopteris expansa, Gymnocarpium dryopteris, Phyllodoce aleutica, Luetkea pectinata, Listera cordata, Geum calthifolium, Tiarella trifoliata, Streptopus amplexifolius, Blechnum spicant, and Nephrophyllidium crista-galli (Demeo et al. 1992). Common mosses include Hylocomium splendens and Pleurozium schreberi. Sphagnum spp. may be abundant on sites with restricted drainage. Plant communities in this system are described by DeVelice et al. (1999). 

Picea sitchensis, Elliottia pyroliflorus and Nephrophyllidium crista-galli do not occur in the sub-boreal portion of the region.

BpS Dominant and Indicator Species
Species names are from the NRCS PLANTS database. Check species codes at http://plants.usda.gov.","In 2017 an extensive search was done by Fire Effects Information System staff to locate information for a synthesis on fire regimes of Alaskan mountain hemlock ecosystems (Zouhar 2017). Selected information from the synthesis is included herein. 

Mountain hemlock forests are stable over long periods and rarely experience large-scale disturbances (Viereck et al. 1992). Before European settlement, most of the landscape in the mountain hemlock zone in Alaska was occupied by old-growth forests, showing no signs of large-scale disturbance for many centuries (Boucher 2003). Studies of similar mountain hemlock communities in coastal southwestern British Columbia reveal ancient stands and estimates of 1,000 (Parish and Antos 2006) to more than 1,500 (Lertzman and Krebs 1991; Parish and Antos  2004) years without stand-level disturbances.

Small-patch successional dynamics and old-growth stand structure are typical of mountain hemlock forest communities (e.g., Lertzman 1992; Lertzman and Krebs 1991; Parish and Antos 2004). The major disturbance processes affecting this system include soil creep, wind, snow avalanche, and fungal pathogens such as red ring rot (Phellinus pini) (NatureServe 2013), which typically cause mortality of individual or small groups of trees (Boggs et al. 2008). Climate and weather, especially extreme events, may have an important role in small-scale mortality of canopy and subcanopy trees (Parish and Antos 2004). Windthrow gap disturbances are important in both spruce and hemlock recruitment in these forests (Potkin 1997). A moderate level of disturbance probably maintains Picea sitchensis in the system.

Evidence of past fires in Alaskan mountain hemlock communities is sparse and fire-frequency estimates are inferred from other data because fire history studies are not available. Evidence suggests long fire-free intervals in these communities, and fires that did occur were likely high-severity and variable in size. In general, long fire-return intervals (FRIs) are the rule on the western coast of North America, where exceptional droughts or successive years of drought are needed to create conditions conducive to fire (Alaback et al. 2003). Lightning is much less common in coastal regions than in interior Alaska (Gabriel and Tande 1983; Noste 1969), and the cold, wet climate and low incidence of lightning rarely provide opportunities for fire in Alaskan mountain hemlock forests. There is almost no lightning and little human activity in the Prince William Sound area suggesting that fire is not an important factor in this system (personal communication, Sue Kesti) for the entire area to which it applies. However, wildfires may play an important role in the disturbance regime in areas where lightning strikes do occur, such as the inland side of the Kenai, the Chugach mountains, and the upper Lynn Canal.  

Charcoal was present in most soil pits within the forest zone in the Kenai Mountains; this anecdotal evidence suggests the occurrence of widespread, infrequent fires in this BpS (USDA Forest Service 2002), but at unknown intervals. [A reviewer notes that “It is not clear whether these were mountain hemlock, spruce, or mixed forests (or some of each type), so it is difficult to extrapolate this anecdotal evidence to apply specifically to this BpS.”] Several sites dominated by mountain hemlock in the Kenai Mountains showed evidence of past fires: most commonly charred stumps, but also sedimentary charcoal in soil profiles. Charcoal samples taken from soils at 4 mountain hemlock-dominated sites in this area had average radiocarbon dates of 3,010, 2,470, 1,290, and 570 years BP, suggesting past fires during those periods, but at unknown intervals. An additional site dominated by Lutz spruce with a minor mountain hemlock component had soil charcoal dated to about 1,540 years BP (Potkin 1997).   

An estimated FRI for this system is 1000 yrs (personal communication, FRCC expert’s workshop, March 2004). Soil charcoal dates from mountain hemlock and Lutz spruce forests in the Kenai Mountains have been used to suggest an average FRI of 600 years (Potkin 1997), but this is not a standard method for calculating FRIs. Other FRI estimates for this system are based on an estimate of how much time had elapsed since the last fire occurred in mountain hemlock forests in coastal British Columbia (e.g., Lertzman and Krebs 1991; Parish and Antos 2004; Parish and Antos 2006). However, these do not represent mean FRIs, but fire-free periods that resulted in current forest structure and composition. For example, based on estimated ages of large trees growing on large, unscarred stumps, and on preliminary analysis of pollen and charcoal in the soil profile, Lertzman and Krebs (1991) estimate that mountain hemlock stands in the Coast Mountains of British Columbia had not experienced a major fire for over 1,500 years. Similar evidence suggests that fire has been absent from Mt Cain on northern Vancouver Island for 1,500 years or more (Parish and Antos 2004). 

Because mountain hemlock has little adaptation to survive fire (Means 1990), the infrequent fires would likely be stand-replacing (Agee 1993). Fires are thought to have been large in mountain hemlock forests (Agee 1993; NatureServe 2013). However, fire size in these systems depends largely on forest distribution and structure, which, at subalpine elevations, is often patchy and grades into shrub, tundra, rock and ice (Agee 1993). The fragmented nature of these forests in the Kenai Mountains, for example, likely limited fire spread (Boucher 2003). 

Ignitions in Alaskan mountain hemlock forests may come from adjacent white and Lutz spruce-dominated forests, which burn more frequently. However, observations in the Kenai Mountains suggest that fires may travel from valley bottom Lutz spruce stands, but often stop at the lower boundary of mountain hemlock-dominated forests (Potkin 1997).
Fire Frequency 
Fire interval is expressed in years for each fire severity class and for all types of fire combined (All Fires). Average FI is the central tendency modeled. Percent of all fires is the percent of all fires modeled in that severity class. Minimum and Maximum FIs show the relative range of fire intervals as estimated by model contributors, if known.","Matrix, small patch","This BpS typically occurs from sea level to treeline in coastal environments. Adjacent BpS types include Alaska Sub-boreal Mountain Hemlock-White Spruce Forest, Alaskan Pacific Maritime Sitka Spruce Forest, and Alaskan Pacific Maritime Western Hemlock Forest. In the sub-boreal region, the Alaska Sub-boreal Mountain Hemlock-White Spruce Forest typically occurs in the elevation zone below this system.","This BpS is stable over long periods and rarely disturbed; therefore, secondary succession patterns are poorly understood (Viereck et al 1992). Fire is included in the model but may not occur (or is extremely rare) in some areas to which this model applies","As a result of climate warming, white spruce are now recruiting above mountain hemlock in the sub-boreal region of the Kenai Peninsula.","4/2022: A reviewer commented that “given the descriptions of this type in Alaska (the patchy nature of the veg and high fuel moisture year-round) it seems more likely that fire severity would be mixed than stand replacing.” The reviewer noted that this was a guess. Feedback is needed on the relative proportions of surface, mixed, and replacement fire in this BpS.

10/2021: This description was updated by NatureServe staff and Kori Blankenship based on the updated Ecological Systems classification for Alaska. Edits focused on adjusting the Geographic Range, Biophysical Site Descriptions, and Vegetation Description sections.

For LANDFIRE National, this model was based on the FRCC Guidebook PNVG model for Kenai Mountain Hemlock (KMHM; Murphy and Witten 2006) but the mid- and late-seral stages had to be collapsed so that LANDFIRE could distinguish them for mapping. Ed Berg and John Morton helped to refine the model for the Kenai Peninsula and Tina Boucher modified the description to include the rest of the range. Much of the Disturbance Description was taken from the Kenai Mountain Hemlock (KMHM; Murphy and Witten 2006) description with some modifications.

Succession Classes
Mapping Rules
Succession class letters A-E are described in the Succession Class Description section. Some classes use a leafform distinction where a qualifier is added to the class letter: Brdl (broadleaf), Con (conifer), or Mix (mixed conifer and broadleaf). UN refers to uncharacteristic native or a combination of height and cover that would not be expected under the reference condition. NP refers to not possible or a combination of height and cover which is not physiologically possible for the species in the BpS.


Description
Class A	3				Early Development 1 - All Structures

Indicator Species

Description
This post-disturbance class is characterized by mesic herbaceous vegetation and tall shrubs. Herbaceous species may start from seed immediately post-disturbance. Shrubs and tree seedlings become established; after approximately 50 years tree saplings attain the height of tall shrubs. Common shrubs include Menziesia ferruginea, Alnus viridis ssp. sinuata, Vaccinium ovalifolium and Oplopanax horridus. 

Maximum Tree Size ClassSeedling/Sapling <5""
Class B	61				Mid Development 1 - Closed

Indicator Species

Description
This class is characterized by closed spruce-mountain hemlock or mountain hemlock forest. Conifers share dominance with tall shrubs in the early stages of this class. Between 170-200 years conifers gain canopy dominance. 

Maximum Tree Size ClassMed. 9–20"" (swd)/11–20"" (hwd)
Class C	36				Mid Development 1 - Open

Indicator Species

Description
This class is characterized by open spruce-mountain hemlock or mountain hemlock forest. Conifers share dominance with tall shrubs in the early stages of this class. Between 170-200yrs conifers gain canopy dominance. 

Maximum Tree Size ClassMed. 9–20"" (swd)/11–20"" (hwd)
Model Parameters
Deterministic Transitions
Probabilistic Transitions","Agee, J. K. 1993. Fire Ecology of Pacific Northwest Forests. Island Press publishing. 493 p.

Agee, J. K. and Smith, L. 1984. Subalpine tree establishment after fire in the Olympic 
Mountains, Washington. Ecology 65:810-19. 

Alaback, P.B. 1991. Comparative ecology of temperate rainforests of the Americas along analogous climatic gradients. Rev. Chil. Hist. Nat. 64: 399–412.

Alaback, P.B. 1995. Biodiversity patterns in relation to climate and a genetic base for the rainforests of the west coast of North America. In R. Lawford, P.B. Alaback, and E.R. Fuentes, eds. 1995. High Latitude Rain Forests of the West Coast of the Americas: Climate, Hydrology, Ecology and Conservation. Berlin: Springer-Verlag.

Alaback, P.; Veblen, T. T.; Whitlock, C.; Lara, A.; Kitzberger, T.; Villalba, R. 2003. Climatic and human influences on fire regimes in temperate forest ecosystems in North and South America. In: Bradshaw, G. A.; Marquet, P. A., eds. How landscapes change: Human disturbance and ecosystem fragmentation in the Americas. Berlin: Springer-Verlag: 49-87.

Berg, Edward E.; Anderson, R. Scott. 2006. Fire history of white and Lutz spruce forests on the Kenai Peninsula, Alaska, over the last two millennia as determined from soil charcoal. Forest Ecology and Management. 227(3): 275-283. 

Boggs, Keith; Klein, Susan C.; Flagstad, Lindsey; Boucher, Tina.; Grunblatt, Jess; Koltun, Beth. 2008. Landcover classes, ecosystems and plant associations: Kenai Fjords National Park. Natural Resource Technical Report NPS/KEFJ/NRTR—2008/136. National Park Service, Fort Collins, Colorado. 222 p.

Boucher, Tina V. 2003. Vegetation response to prescribed fire in the Kenai Mountains, Alaska. Res. Pap. PNW-RP-554. Portland, OR: U.S. Department of Agriculture, Forest Service, Pacific Northwest Research Station. 59 p.

Comer, P., D. Faber-Langendoen, R. Evans, S. Gawler, C. Josse, G. Kittel, S. Menard, C. Nordman, M. Pyne, M. Reid, M. Russo, K. Schulz, K. Snow, J. Teague, and R. White. 2003-present. Ecological systems of the United States: A working classification of U.S. terrestrial systems. NatureServe, Arlington, VA. 

DeMeo, T., J. Martin and R.A. West. 1992. Forest plant association management guide, Ketchikan Area, Tongass National Forest. USDA Forest Service, Alaska Region. R10-MB-210. 405p.

DeVelice, R.L., Hubbard, C.J., Boggs, K. et al. 1999. Plant community types of the Chugach National Forest. Tech. Publ. R10-TP-76. Juneau, AK: USDA Forest Service, Alaska Region. 375pp.

Dickman, A. and Cook, S. 1989. Fire and fungus in mountain hemlock forest. Can. J. Bot. 
67:2005-16. 

Franklin, J.F.; Hemstrom, M.A. 1981. Aspects of succession in the coniferous forests of the Pacific Northwest. In: West, D.C.; Shugart, H.H.; Botkin, D.B.. Forest succession; concepts and application. Springer-Verlag, NewYork. 

Gabriel, Herman W.; Tande, Gerald F. 1983. A regional approach to fire history in Alaska. BLM-Alaska Tech. Rep. 9. Anchorage, AK: U.S. Department of the Interior, Bureau of Land Management. 34 p.

Hallett, Douglas J.; Lepofsky, Dana S.; Mathewes, Rolf W.; Lertzman, Ken P. 2003. 11,000 years of fire history and climate in the mountain hemlock rain forests of southwestern British Columbia based on sedimentary charcoal. Canadian Journal of Forest Research. 33(2): 292-312.

Lertzman, Kenneth P. 1992. Patterns of gap-phase replacement in a subalpine, old-growth forest. Ecology. 73(2): 657-669.

Lertzman, K.P. and Krebs, C.J. 1991. Gap-phase structure of old-growth forest. Can. J. For. Res. 21:1730-41. 

Means, Joseph E. 1990. Tsuga mertensiana (Bong.) Carr. mountain hemlock. In: Burns, Russell M.; Honkala, Barbara H., technical coordinators. Silvics of North America. Volume 1. Conifers. Agric. Handb. 654. Washington, DC: U.S. Department of Agriculture, Forest Service: 623-634.

Murphy, K.A. and E. Witten. 2006. Kenai Mountain Hemlock. In Fire Regime Condition Class (FRCC) Interagency Guidebook Reference Conditions. Available at www.frcc.gov.

NatureServe. 2013. International Ecological Classification Standard: Terrestrial Ecological Classifications of the United States and Canada. In: NatureServe Central Databases. Arlington, VA, (Producer). 1530 p. Available: http://explorer.natureserve.org/servlet/NatureServe?init=Ecol [2015, July 14].

Noste, Nonan V. 1969. Analysis and summary of forest fires in coastal Alaska. Juneau, AK: U.S. Department of Agriculture, Forest Service, Pacific Northwest Forest and Range Experiment Station, Institute of Northern Forestry. 12 p.

Parish, Roberta; Antos, Joseph A. 2004. Structure and dynamics of an ancient montane forest in coastal British Columbia. Oecologia. 141(4): 562-576.

Parish, Roberta; Antos, Joseph A. 2006. Slow growth, long-lived trees, and minimal disturbance characterize the dynamics of an ancient, montane forest in coastal British Columbia. Canadian Journal of Forest Research. 36: 2826-2838. 

Potkin, M. 1997. Fire history disturbance study of the Kenai Peninsula mountainous portion of the Chugach National Forest. Draft. USDA Forest Service, Chugach National Forest. December 5, 1997. Anchorage, Alaska.

USDA Forest Service. 2002. Revised land and resource management plan, final 
environmental impact statement. Alaska Region Chugach National Forest. R10-MB-480d, May 2002. 

Viereck, L.A. 1979. Characteristics of treeline plant communities in Alaska. Holarctic Ecology. 2:228-238.

Viereck, L., Dryness, C., Batten A. and K. Wenzlick. 1992. The Alaska vegetation classification. General Technical Report PNW-GTR-286. Portland, Oregon. USDA Forest Service, Pacific Northwest Research Station. 278 p.

Zouhar, Kris. 2017. Fire regimes of Alaskan mountain hemlock ecosystems. In: Fire Effects Information System, (Online). U.S. Department of Agriculture, Forest Service, Rocky Mountain Research Station, Missoula Fire Sciences Laboratory (Producer). Available: https://www.fs.fed.us/database/feis/fire_regimes/AK_mountain_hemlock/all.html [2021, May 24]",16481_75_77.docx,,,,,
Forest and Woodland,78,This Biophysical Setting (BpS) was split into northern and southern variants to model differences in fire regimes. BpS 16482 only applies in map zone 78.,"This system occurs primarily at the elevational limit of tree growth in the mountain ranges along the subpolar rainforest region of the Gulf Coast of Alaska, including the Kenai, Chugach, St. Elias, Fairweather, and Coast mountains (Alaback 1991, 1995). It occurs primarily in the maritime region, but also occurs in the sub-boreal transition between coastal and boreal forests, on the inland side of the Kenai and Chugach mountains. It extends along the Gulf Coast of Alaska from Kenai Fjords to Yakutat. The Southeast BpS model variant of this system occurs from around Yakutat Bay south through southeastern Alaska.","This system occurs on stable slopes and benches at mid-elevations up to treeline in the southern portion of the maritime region (perhumid rainforest as defined by Alaback 1991 and 1995). Soils are often shallow and can be either poorly or well drained (Viereck et al. 1992). On the Chugach National Forest Mt. Hemlock-Sitka Spruce associations are found at elevations up to 1200 feet and Mt. Hemlock associations are found several hundred feet higher (DeVelice 1999). In southeastern Alaska, the elevation range is 980 to 3280 ft. The lower and upper elevational limits of this system decrease from south to north and from east to west.

The climate is generally characterized by short, cool summers, rainy autumns, and long, cool, wet winters with heavy snow cover for 5-9 months.","Tsuga mertensiana is the dominant conifer with at least 15% cover, and often grows with a stunted growth form (krummholz), but associated canopy trees vary by region. Mature Tsuga mertensiana trees are typically 18 to 25 m tall with dbh ranging from 38 to 50 cm (Viereck et al. 1992). Picea sitchensis or Tsuga heterophylla may be codominant on sites along the central Gulf Coast (Prince William Sound) but are less abundant than Tsuga mertensiana. Picea sitchensis is commonly found on steep slopes and both Picea sitchensis and Thuja plicata are occasionally present near the coast. Tsuga heterophylla often occurs at lower elevations in this system. Callitropsis nootkatensis (= Chamaecyparis nootkatensis) may be present in the overstory in isolated locations in Prince William Sound. In the sub-boreal region, Picea glauca or Picea x lutzii may be present on the inland (non-maritime) portion of the Kenai and Chugach Mountains, but have less than 15% canopy cover. Betula papyrifera may be common in early seral stages in inland sites. Common shrubs include Alnus viridis ssp. sinuata, Vaccinium ovalifolium, Vaccinium vitis-idaea, Oplopanax horridus, Menziesia ferruginea, Harrimanella stelleriana (= Cassiope stelleriana), Rubus spectabilis, Elliotia pyroliflora, and Empetrum nigrum. Common herbaceous species include Cornus canadensis, Rubus pedatus, Dryopteris expansa, Gymnocarpium ectinate, Phyllodoce aleutica, Luetkea ectinate, Listera cordata, Geum calthifolium, Tiarella trifoliata, Streptopus amplexifolius, Blechnum spicant, and Nephrophyllidium crista-galli (Demeo et al. 1992). Common mosses include Hylocomium splendens and Pleurozium schreberi. Sphagnum spp. may be abundant on sites with restricted drainage. Plant communities in this system are described by DeVelice et al. (1999). 

Picea sitchensis, Elliottia pyroliflorus and Nephrophyllidium crista-galli do not occur in the sub-boreal portion of the region.
BpS Dominant and Indicator Species
Species names are from the NRCS PLANTS database. Check species codes at http://plants.usda.gov.","The Mt. Hemlock Forest BpS tends to be quite stable and because it is rarely disturbed or logged, so secondary succession patterns are not well known (Viereck et al. 1992). Small scale windthrow events are common but do not affect large areas. Windthrow in Mt. hemlock stands is less frequent than in western hemlock where trees attain greater heights and buttressed roots are common. Some of the Mt. Hemlock Forest zone occurs on steep slopes where avalanches and slope failures are possible. 

In 2017 an extensive search was done by Fire Effects Information System staff to locate information for a synthesis on fire regimes of Alaskan mountain hemlock ecosystems (Zouhar 2017). Selected information from the synthesis is included herein. 

Mountain hemlock forests are stable over long periods and rarely experience large-scale disturbances (Viereck et al. 1992). Before European settlement, most of the landscape in the mountain hemlock zone in Alaska was occupied by old-growth forests, showing no signs of large-scale disturbance for many centuries (Boucher 2003). Studies of similar mountain hemlock communities in coastal southwestern British Columbia reveal ancient stands and estimates of 1,000 (Parish and Antos 2006) to more than 1,500 (Lertzman and Krebs 1991; Parish and Antos 2004) years without stand-level disturbances.

Small-patch successional dynamics and old-growth stand structure are typical of mountain hemlock forest communities (e.g., Lertzman 1992; Lertzman and Krebs 1991; Parish and Antos 2004). The major disturbance processes affecting this system include soil creep, wind, snow avalanche, and fungal pathogens such as red ring rot (Phellinus pini) (NatureServe 2013), which typically cause mortality of individual or small groups of trees (Boggs et al. 2008). Climate and weather, especially extreme events, may have an important role in small-scale mortality of canopy and subcanopy trees (Parish and Antos 2004). Windthrow gap disturbances are important in both spruce and hemlock recruitment in these forests (Potkin 1997). A moderate level of disturbance probably maintains Picea sitchensis in the system.

Small scale windthrow events are common but do not affect large areas. Windthrow in mountain hemlock stands is less frequent than in western hemlock where trees attain greater heights and buttressed roots are common. Some of the mountain hemlock forest zone occurs on steep slopes where avalanches and slope failures are possible. 

Evidence of past fires in Alaskan mountain hemlock communities is sparse and fire-frequency estimates are inferred from other data because fire history studies are not available. Evidence suggests long fire-free intervals in these communities, and fires that did occur were likely high-severity and variable in size. In general, long fire-return intervals (FRIs) are the rule on the western coast of North America, where exceptional droughts or successive years of drought are needed to create conditions conducive fire (Alaback et al. 2003). Lightning is much less common in coastal than in interior Alaska (Gabriel and Tande 1983; Noste 1969), and the cold, wet climate and low incidence of lightning rarely provide opportunities for fire in Alaskan mountain hemlock forests. There is almost no lightning and little human activity in the Prince William Sound area suggesting that fire is not an important factor in this system (personal communication, Sue Kesti) for the entire area to which it applies. However, wildfires may play an important role in the disturbance regime in areas where lightning strikes do occur, such as the inland side of the Kenai and Chugach mountains and upper Lynn Canal.  

Charcoal was present in most soil pits within the forest zone in the Kenai Mountains; this anecdotal evidence suggests the occurrence of widespread, infrequent fires in this BpS (USDA Forest Service 2002), but at unknown intervals. [A reviewer notes that “It is not clear whether these were mountain hemlock, spruce, or mixed forests (or some of each type), so it is difficult to extrapolate this anecdotal evidence to apply specifically to this BpS.”] Several sites dominated by mountain hemlock in the Kenai Mountains showed evidence of past fires: most commonly charred stumps, but also sedimentary charcoal in soil profiles. Charcoal samples taken from soils at four mountain hemlock-dominated sites in this area had average radiocarbon dates of 3,010, 2,470, 1,290, and 570 years BP, suggesting past fires during those periods, but at unknown intervals. An additional site dominated by Lutz spruce with a minor mountain hemlock component had soil charcoal dated to about 1,540 years BP (Potkin 1997).   


An estimated FRI for this system is 1000 years (personal communication, FRCC expert’s workshop, March 2004). Soil charcoal dates from mountain hemlock and Lutz spruce forests in the Kenai Mountains have been used to suggest an average FRI of 600 years (Potkin 1997), but this is not a standard method for calculating FRIs. Other FRI estimates for this system are based on an estimate of how much time had elapsed since the last fire occurred in mountain hemlock forests in coastal British Columbia (e.g., Lertzman and Krebs 1991; Parish and Antos 2004; Parish and Antos 2006). However, these do not represent mean fire-return intervals (MFRIs), but fire-free periods that resulted in current forest structure and composition. For example, based on estimated ages of large trees growing on large, unscarred stumps, and on preliminary analysis of pollen and charcoal in the soil profile, Lertzman and Krebs (1991) estimate that mountain hemlock stands in the Coast Mountains of British Columbia had not experienced a major fire for over 1,500 years. Similar evidence suggests that fire has been absent from Mt. Cain on northern Vancouver Island for 1,500 years or more (Parish and Antos 2004). 

Because mountain hemlock has little adaptation to survive fire (Means 1990), the infrequent fires would likely be stand-replacing (Agee 1993). Fires are thought to have been large in mountain hemlock forests (Agee 1993; NatureServe 2013). However, fire size in these systems depends largely on forest distribution and structure, which, at subalpine elevations, is often patchy and grades into shrub, tundra, rock, and ice (Agee 1993). The fragmented nature of these forests in the Kenai Mountains, for example, likely limited fire spread (Boucher 2003). 

Ignitions in Alaskan mountain hemlock forests may come from adjacent white and Lutz spruce-dominated forests, which burn more frequently. However, observations in the Kenai Mountains suggest that fires may travel from valley bottom Lutz spruce stands, but often stop at the lower boundary of mountain hemlock-dominated forests (Potkin 1997).
Fire Frequency
Fire interval is expressed in years for each fire severity class and for all types of fire combined (All Fires). Average FI is the central tendency modeled. Percent of all fires is the percent of all fires modeled in that severity class. Minimum and Maximum FIs show the relative range of fire intervals as estimated by model contributors, if known.","Matrix, small patch",The Mountain Hemlock Forest BpS is generally found upslope of Western Hemlock and Western Hemlock-Cedar communities (Viereck et al. 1992).,,Sitka spruce and mountain hemlock are starting to colonize further upslope as the climate warms and winter snowpack declines. This appears to be decreasing avalanche frequency allowing forests to recolonize avalanche slopes in some cases.,"10/2021 
- This description was updated by NatureServe staff and Kori Blankenship based on the updated Ecological Systems classification for Alaska. Edits focused on adjusting the Geographic Range, Biophysical Site Descriptions, and Vegetation Description sections.

Tom DeMeo developed this model for SE Alaska during LANDFIRE National. This model includes both small scale wind events that create canopy gaps without a state transition and infrequent, large wind events that cause state transitions. Review comments resulted in minor descriptive changes to the general description.

Succession Classes
Mapping Rules
Succession class letters A-E are described in the Succession Class Description section. Some classes use a leafform distinction where a qualifier is added to the class letter: Brdl (broadleaf), Con (conifer), or Mix (mixed conifer and broadleaf). UN refers to uncharacteristic native or a combination of height and cover that would not be expected under the reference condition. NP refers to not possible or a combination of height and cover which is not physiologically possible for the species in the BpS.


Description
Class A	5				Early Development 1 - All Structures

Indicator Species

Description
This post-disturbance class is characterized by mesic herbaceous vegetation and tall shrubs. Herbaceous species may start from seed immediately post-disturbance. Shrubs and tree seedlings become established; after approximately 50 years tree saplings attain height of tall shrubs. Common understory species include Vaccinium ovalifolium, Menziesia ferruginea, Elliottia pyroliflorus, Blechnum spicant, and Nephrophyllidium crista-galli (Demeo et al. 1992).

Maximum Tree Size ClassSeedling/Sapling <5""
Class B	13				Mid Development 1 - Open

Indicator Species

Description
This class is characterized by closed stands of even diameter hemlock trees. Sitka spruce may be present in transition areas closer to the coast. Conifers share dominance with tall shrubs in the early stages of this class. Between 170-200 years conifers gain canopy dominance.

Maximum Tree Size ClassMed. 9–20"" (swd)/11–20"" (hwd)
Class C	82				Late Development 1 - Open

Indicator Species

Description
After about 200 years, old-growth moutain hemlock stands develop. Larger trees (i.e. >20 inches DBH) will be present in small protected areas with well-drained soils. However, many old-growth trees may still be in the medium size class (i.e. 9-21 inches DBH) making it difficult to distinguish Class C from Class B from satellite imagery.

Maximum Tree Size ClassLarge 20"" – 40""
Model Parameters
Deterministic Transitions
Probabilistic Transitions","Agee, J. K. 1993. Fire Ecology of Pacific Northwest Forests. Island Press publishing. 493 p.

Alaback, P.B. 1991. Comparative ecology of temperate rainforests of the Americas along analogous climatic gradients. Rev. Chil. Hist. Nat. 64: 399–412.

Alaback, P.B. 1995. Biodiversity patterns in relation to climate and a genetic base for the rainforests of the west coast of North America. In R. Lawford, P.B. Alaback, and E.R. Fuentes, eds. 1995. High Latitude Rain Forests of the West Coast of the Americas: Climate, Hydrology, Ecology and Conservation. Berlin: Springer-Verlag.

Alaback, P.; Veblen, T. T.; Whitlock, C.; Lara, A.; Kitzberger, T.; Villalba, R. 2003. Climatic and human influences on fire regimes in temperate forest ecosystems in North and South America. In: Bradshaw, G. A.; Marquet, P. A., eds. How landscapes change: Human disturbance and ecosystem fragmentation in the Americas. Berlin: Springer-Verlag: 49-87.

Boggs, Keith; Klein, Susan C.; Flagstad, Lindsey; Boucher, Tina.; Grunblatt, Jess; Koltun, Beth. 2008. Landcover classes, ecosystems and plant associations: Kenai Fjords National Park. Natural Resource Technical Report NPS/KEFJ/NRTR—2008/136. National Park Service, Fort Collins, Colorado. 222 p.

Boucher, Tina V. 2003. Vegetation response to prescribed fire in the Kenai Mountains, Alaska. Res. Pap. PNW-RP-554. Portland, OR: U.S. Department of Agriculture, Forest Service, Pacific Northwest Research Station. 59 p.

Comer, P., D. Faber-Langendoen, R. Evans, S. Gawler, C. Josse, G. Kittel, S. Menard, C. Nordman, M. Pyne, M. Reid, M. Russo, K. Schulz, K. Snow, J. Teague, and R. White. 2003-present. Ecological systems of the United States: A working classification of U.S. terrestrial systems. NatureServe, Arlington, VA. 

DeMeo, T., J. Martin and R.A. West. 1992. Forest plant association management guide, Ketchikan Area, Tongass National Forest. USDA Forest Service, Alaska Region. R10-MB-210. 405p.

Gabriel, Herman W.; Tande, Gerald F. 1983. A regional approach to fire history in Alaska. BLM-Alaska Tech. Rep. 9. Anchorage, AK: U.S. Department of the Interior, Bureau of Land Management. 34 p.

Lertzman, Kenneth P. 1992. Patterns of gap-phase replacement in a subalpine, old-growth forest. Ecology. 73(2): 657-669.

Lertzman, K.P. and Krebs, C.J. 1991. Gap-phase structure of old-growth forest. Can. J. For. Res. 21:1730-41. 

NatureServe. 2013. International Ecological Classification Standard: Terrestrial Ecological Classifications of the United States and Canada. In: NatureServe Central Databases. Arlington, VA, (Producer). 1530 p. Available: http://explorer.natureserve.org/servlet/NatureServe?init=Ecol [2015, July 14].

Noste, Nonan V. 1969. Analysis and summary of forest fires in coastal Alaska. Juneau, AK: U.S. Department of Agriculture, Forest Service, Pacific Northwest Forest and Range Experiment Station, Institute of Northern Forestry. 12 p.

Parish, Roberta; Antos, Joseph A. 2004. Structure and dynamics of an ancient montane forest in coastal British Columbia. Oecologia. 141(4): 562-576.

Parish, Roberta; Antos, Joseph A. 2006. Slow growth, long-lived trees, and minimal disturbance characterize the dynamics of an ancient, montane forest in coastal British Columbia. Canadian Journal of Forest Research. 36: 2826-2838. 

Potkin, M. 1997. Fire history disturbance study of the Kenai Peninsula mountainous portion of the Chugach National Forest. Draft. USDA Forest Service, Chugach National Forest. December 5, 1997. Anchorage, Alaska.

USDA Forest Service. 2002. Revised land and resource management plan, final 
environmental impact statement. Alaska Region Chugach National Forest. R10-MB-480d, May 2002. 

Viereck, L., Dryness, C., Batten A. and K. Wenzlick. 1992. The Alaska vegetation classification. General Technical Report PNW-GTR-286. Portland, Oregon. USDA Forest Service, Pacific Northwest Research Station. 278 p.

Zouhar, Kris. 2017. Fire regimes of Alaskan mountain hemlock ecosystems. In: Fire Effects Information System, (Online). U.S. Department of Agriculture, Forest Service, Rocky Mountain Research Station, Missoula Fire Sciences Laboratory (Producer). Available: https://www.fs.fed.us/database/feis/fire_regimes/AK_mountain_hemlock/all.html [2021, May 24]",16482_78.docx,,,,,
Herbaceous,"72, 76, 80",,"This Biophysical Setting (BpS) occurs on the Alaska Peninsula, Aleutian Islands and Kodiak Island (NatureServe 2008).","This BpS grows on all slopes and aspects with a mesic moisture regime, including windswept coastal headlands, old beach ridges, hillside slopes, and stabilized talus. It is able to form a mosaic with alder patches (NatureServe 2008). Sites are mesic.","This BpS includes four predominant vegetation types: (1) The Athyrium filix-femina meadow type is dominated by Athyrium filix-femina with Veratrum viride, Heracleum maximum, Streptopus amplexifolius, Angelica lucida and Calamagrostis canadensis; (2) The Chamerion angustifolium ssp. angustifolium meadow type is dominated by Chamerion angustifolium ssp. angustifolium, usually with ferns, Calamagrostis canadensis and often Heracleum maximum; (3) The Calamagrostis canadensis meadow type is dominated by Calamagrostis canadensis, usually with ferns and scattered forbs. It is common on disturbed sites (human or natural) that are in early stages of recovery; and (4) The mixed herbaceous meadow type includes mesic herbaceous meadows not dominated by Athyrium filix-femina, Chamerion angustifolium ssp. angustifolium or Calamagrostis canadensis; these species, however, often codominate. Common forbs include Lupinus nootkatensis, Solidago canadensis var. lepida, Polemonium acutiflorum, Castilleja unalaschcensis, Sanguisorba canadensis, Veratrum viride, Valeriana capitata, Antennaria dioica, Cardamine oligosperma var. kamtschatica, Achillea millefolium var. borealis, Arnica unalaschcensis, Dendranthema arcticum ssp. arcticum, Claytonia sibirica, Geum calthifolium, Ranunculus occidentalis, Dryopteris expansa and Angelica lucida. Graminoids include Carex macrochaeta, Festuca rubra, Agrostis exarata, Agrostis scabra and Deschampsia beringensis. Empetrum nigrum may also be common.
BpS Dominant and Indicator Species
Species names are from the NRCS PLANTS database. Check species codes at http://plants.usda.gov.","Natural disturbances in this BpS may include flooding, grazing, landslides, and fire. In 2015, an extensive literature search was done by Fire Effects Information System staff to locate information for a synthesis on fire regimes of Alaskan wet and mesic herbaceous systems (Innes 2015). The review documented occasional fires in Aleutian mesic bluejoint reedgrass (Innes 2015) and noted that  “Near Homer, in the Aleutian mesic herbaceous meadow system [this BpS], bluejoint reedgrass grassland fires were apparently ""frequent"", as indicated by 2 charred layers in the 0 to 1.5-inch (3.8 cm) soil horizon of one community. In this community, bluejoint reedgrass constituted about 90% cover and there was a 3- to 10-inch (8-25 cm) layer of litter on the surface (Hanson 1951).” Fires in bluejoint reedgrass meadows are likely stand replacing (Innes 2015). 
Fire Frequency 
Fire interval is expressed in years for each fire severity class and for all types of fire combined (All Fires). Average FI is the central tendency modeled. Percent of all fires is the percent of all fires modeled in that severity class. Minimum and Maximum FIs show the relative range of fire intervals as estimated by model contributors, if known.",Patch size is small to matrix-forming.,,"Fire history studies in Alaskan wet and mesic herbaceous systems are scarce, and our knowledge is incomplete (Innes 2015). Surface and ground fires in these systems may be more common than the literature suggests (Innes 2015).",This type is not departed from its “Reference Condition.”,"This model was created by Randy Swaty and Keith Boggs based on the draft Aleutians Ecological Systems description (NatureServe 2008).
Succession Classes
Mapping Rules
Succession class letters A-E are described in the Succession Class Description section. Some classes use a leafform distinction where a qualifier is added to the class letter: Brdl (broadleaf), Con (conifer), or Mix (mixed conifer and broadleaf). UN refers to uncharacteristic native or a combination of height and cover that would not be expected under the reference condition. NP refers to not possible or a combination of height and cover which is not physiologically possible for the species in the BpS.


Description
Class A	100				Mid Development 1 - All Structures

Indicator Species

Description
This class contains the four meadow stages described in the vegetation description. These were not separated out as it is thought that the stages are not distinguishable using LANDIFRE’s mapping methods. No disturbances were modeled as there is no credible disturbance information known to this modeler.

Maximum Tree Size ClassNone
Model Parameters
Deterministic Transitions
Probabilistic Transitions","Hanson, Herbert C. 1951. Characteristics of some grassland, marsh, and other plant communities in western Alaska. Ecological Monographs. 21(4): 317-378.  

Innes, Robin J. 2015. Fire regimes of Alaskan wet and mesic herbaceous systems. In: Fire Effects Information System, [Online]. U.S. Department of Agriculture, Forest Service, Rocky Mountain Research Station, Missoula Fire Sciences Laboratory (Producer). Available: http://www.fs.fed.us/database/feis/fire_regimes/AK_wet_herbaceous/all.html [2016, August 2].

Murphy, K.A. and E. Witten. 2006. Mesic Herbaceous Meadow. In Fire Regime Condition Class (FRCC) Interagency Guidebook Reference Conditions. Available at www.frcc.gov.

NatureServe. 2008. International Ecological Classification Standard: Terrestrial Ecological Classifications. Draft Ecological Systems Description for the Alaska Aleutians Region.",16510_72_76_80.docx,,,,,
Shrubland,"73, 74, 75, 76, 77, 78, 80",,"This Biophysical Setting (BpS) occurs in the Alaska Range south and east throughout southeastern Alaska, north to the Prince William Sound and along the Alaska Peninsula and Kodiak Island. It diminishes moving west, occurring on low- to mid-elevation mountain slopes of the Aleutian Islands, and may be nearly absent by Dutch Harbor.","The alder-salmonberry system occurs from Prince William Sound through southeastern Alaska, in the maritime region of Alaska, typically found just above treeline, and is matrix-forming on the Alaska Peninsula and Kodiak Island but diminishes moving west. Soils are typically mesic, well-drained, shallow, and stony, and underlain by colluvium, glacial till, or residuum. Sites occur on flat to steep slopes (0-50°) at low to mid elevations (1-1,000 m) in valleys, hills, and mountains. The slopes are typically ash-covered, colluvium, or glacial drift. This system also includes partially vegetated bedrock ridges and cliffs in the alpine and subalpine, where it is found primarily on or near ridgetops and is exposed to extremely harsh growing conditions. More exposed sites subject the vegetation to a very short growing season, freeze-thaw pattern, and desiccating winds. Exposed bedrock or talus is usually a major component of the sites. This system appears to be relatively stable, although there may be an upward trend in the elevation of this system. Treeline conifers appear to be invading from below in some areas, and the elevational limit of low and tall shrub establishment appears to be rising.","Total low- and tall-shrub cover is >25%, and Alnus viridis or Rubus spectabilis contribute greater than 50% of the total shrub cover. Rubus spectabilis is dominant primarily on the oldest stabilized talus slopes and stable colluvial slopes (older substrates), while Alnus viridis may be the dominant shrub on recently disturbed sites, wind-sheltered sites, or recent ash deposits. Alnus viridis ssp. sinuata is the most common alder species, however, Alnus viridis ssp. fruticosa dominates some sites. Specifically on sites in southeastern and maritime Alaska, Alnus viridis ssp. sinuata is often the dominant species, but Rubus spectabilis may be codominant. Alder height ranges from 0.5 m at higher elevations to 8 m downslope. Elliottia pyroliflora can also dominate the overstory (10 to 80% cover), and ranges in height from 0.6-1.5 m (2-5 feet), on sites in the southeastern maritime region of Alaska with low-shrub cover in the lower alpine and subalpine zones. Other species on Elliottia pyroliflora dominated sites include Phyllodoce aleutica, Nephrophyllidium crista-galli, Cornus suecica, Luetkea pectinata, Athyrium filix-femina, Cassiope mertensiana, Dryopteris expansa, Gymnocarpium dryopteris, Viola glabella, and Rubus spectabilis. Krummholz Tsuga mertensiana occur in some sites. Adjacent to this system at higher elevations are alpine herbaceous meadows or dwarf-shrublands; at lower elevations Tsuga mertensiana forests or woodlands are common. Sites dominated by Alnus viridis or co-dominated by Rubus spectabilis include co-dominant shrubs Sambucus racemosa, Oplopanax horridus, Spiraea stevenii, Elliottia pyroliflora, and tall willows such as Salix barclayi or Salix glauca. The tall shrub system is often mosaiced with the mesic herbaceous meadow system. In closed-canopy sites, Sambucus racemosa and Rubus spectabilis shrubs are usually woven in among and around the edges of the alder thickets and the understory is sparse, often with Athyrium filix-femina, graminoids and sparse Rubus spectabilis. Litter cover is high. Sites co-dominated by tall willows typically occur along streams and at the upper limits of alder growth. In sites where patches of Rubus spectabilis or alder are mosaiced with mesic herbaceous meadows, common species include Athyrium filix-femina, Aconitum maximum, Calamagrostis canadensis, Chamerion angustifolium ssp. angustifolium, Deschampsia cespitosa, Dryopteris expansa, Heracleum maximum, Lupinus nootkatensis, Solidago spp., Veratrum viride, Phegopteris connectilis, Equisetum arvense, Streptopus amplexifolius, Valeriana sitchensis, Geranium erianthum, Aconitum delphiniifolium, Castilleja unalaschcensis, Sanguisorba canadensis, and Carex macrochaeta. In the more extreme locations, the vegetation cover is often fragmented or sparse and includes a complex of sparse tall or low shrubs, dwarf-shrubs, and herbaceous species. In the Aleutian Islands, Vaccinium ovalifolium typically contributes >50% of the total shrub cover, with total low-shrub cover of >25%. Herbaceous species include Achillea millefolium var. borealis, Athyrium filix-femina, Chamerion angustifolium ssp. angustifolium, Calamagrostis canadensis, Cornus suecica, Geum calthifolium, and Sanguisorba canadensis. Empetrum nigrum may also be common (DeVelice et al. 1999; Boggs et al. 2008; Talbot et al. 2005).
BpS Dominant and Indicator Species
Species names are from the NRCS PLANTS database. Check species codes at http://plants.usda.gov.","This BpS appears to be relatively stable (Mitchell 1968; Viereck et al. 1992). In this model it is hypothesized that infrequent soil disturbance can lead to a short-lived herbaceous sere. Insects and disease may affect alder (Keith Boggs, Alaska Natural Heritage Program, pers. comm.).

In 2015, an extensive literature search was done by Fire Effects Information System staff to locate information for a synthesis on fire regimes of Alaskan alder and willow shrublands with few results for this BpS (Innes 2015). Descriptions of fire ignition, season, pattern, and size specific to alder and willow shrublands were not found in the literature (Innes 2015). Alder and willow shrublands are frequently associated with landscape features that can form firebreaks, including wetlands, riparian areas, talus and boulder fields, and avalanche tracks (Innes 2015).
Fire Frequency 
Fire interval is expressed in years for each fire severity class and for all types of fire combined (All Fires). Average FI is the central tendency modeled. Percent of all fires is the percent of all fires modeled in that severity class. Minimum and Maximum FIs show the relative range of fire intervals as estimated by model contributors, if known.",Small to large patch and matrix forming.,"Alaskan Pacific-Aleutian Alder-Salmonberry-Copperbush Shrubland and Alaskan Pacific Maritime Avalanche Slope Shrubland have similar species composition but have distinct models to reflect the differences in disturbance processes (i.e. snow avalanche and/or mass wasting events) affecting the two types.

In the Aleutians, this type can occur adjacent to Aleutian Ericaceous Dwarf-shrubland, Heath and Fell-field, and Aleutian Mesic Herbaceous Meadow (BpS 1651).",,"There may be an upward trend in the elevation of this BpS today. Treeline conifers appear to be invading from below in some areas, and the elevational limit of low and tall shrub establishment appears to be rising.","4/2021 A reviewer commented that this BpS may be mapped as far east as Atka and Amlia Islands. If that is true, it may be mapped too far east. As stated in the description, this type may be nearly absent by Dutch Harbor. 

10/2021 This description was updated by NatureServe staff and Kori Blankenship based on the updated Ecological Systems classification for Alaska. Edits focused on adjusting the Geographic Range, Biophysical Site Descriptions, and Vegetation Description sections.

In 2021 NatureServe merged:
Alaskan Pacific Maritime Subalpine Alder-Salmonberry Shrubland (BpS 16520)
Alaskan Pacific Maritime Subalpine Copperbush Shrubland (BpS 16720)
Aleutian Mesic Alder-Salmonberry Shrubland (BpS 17180)
Aleutian Oval-leaf Blueberry Shrubland (BpS 17310)
to create one Ecological System: Alaskan Pacific-Aleutian Alder-Salmonberry-Copperbush Shrubland. Kori Blankenship created one unified BpS model and description for this new Ecological System. The new model is based on the models for BpS 16520 developed by Tom DeMeo and reviewed by Paul Hennon for the Maritime region and BpS 17180 developed by Randy Swaty and Keith Boggs and reviewed by Jeff Williams. The models had similar states and deterministic transition. During this revision Blankenship incorporated review comments from Robin Innes for BpS 17180 and 17310.

Succession Classes

Mapping Rules
Succession class letters A-E are described in the Succession Class Description section. Some classes use a leafform distinction where a qualifier is added to the class letter: Brdl (broadleaf), Con (conifer), or Mix (mixed conifer and broadleaf). UN refers to uncharacteristic native or a combination of height and cover that would not be expected under the reference condition. NP refers to not possible or a combination of height and cover which is not physiologically possible for the species in the BpS.


Description
Class A	10				Early Development 1 - All Structures

Indicator Species

Description
Post-disturbance mesic herbaceous stage. Grasses, sedges and/or forbs dominate the site. 

Maximum Tree Size ClassNone
Class B	90				Late Development 1 - All Structures

Indicator Species

Description
Mature shrub stage. Shrubs overtop herbaceous layer and become dominant. 

Maximum Tree Size ClassNone
Model Parameters
Deterministic Transitions
Probabilistic Transitions

Optional Disturbances
Optional 1: Soil Disturbance","Boggs, K., J. Grunblatt, S. C. Klein, G. Streveler and B. Koltun. 2008. Landcover classes, plant associations and ecoregions of Glacier Bay National Park and Preserve (in press). Alaska Natural Heritage Program, Environment and Natural Resources Institute, University of Alaska Anchorage, 707 A Street, Anchorage, AK 99501.

Comer, P., D. Faber-Langendoen, R. Evans, S. Gawler, C. Josse, G. Kittel, S. Menard, C. Nordman, M. Pyne, M. Reid, M. Russo, K. Schulz, K. Snow, J. Teague, and R. White. 2003-present. Ecological systems of the United States: A working classification of U.S. terrestrial systems. NatureServe, Arlington, VA. 

DeVelice, R., C. Hubbard, K. Boggs, S. Boudreau, M. Potkin, T. Boucher, and C. Wertheim. 1999. Plant community types of the Chugach National Forest: Southcentral Alaska. U.S.D.A., Forest Service: Chugach National Forest, Alaska Region, Anchorage, Alaska. Tech. Pub. R10-TP-76. 375 p.

Dyrness, C. T.; Viereck, L. A.; Van Cleve, K. 1986. Fire in taiga communities of interior Alaska. In: Van Cleve, K.; Chapin, F. S., III; Flanagan, P. W.; Viereck, L. A.; Dyrness, C. T., eds. Forest ecosystems in the Alaskan taiga. A synthesis of structure and function. Ecological Studies 57. New York: Springer-Verlag: 74-86. [3881]

Gabriel, Herman W.; Tande, Gerald F. 1983. A regional approach to fire history in Alaska. BLM-Alaska Tech. Rep. 9. Anchorage, AK: U.S. Department of the Interior, Bureau of Land Management. 34 p. [15388]

Innes, Robin J. 2015. Fire regimes of Alaskan alder and willow shrublands. In: Fire Effects Information System, [Online]. U.S. Department of Agriculture, Forest Service, Rocky Mountain Research Station, Missoula Fire Sciences Laboratory (Producer). Available: http://www.fs.fed.us/database/feis/fire_regimes/AK_alder_shrub/all.html [ 2016, August 3].

Mitchell, W.W. 1968. On the ecology of Sitka alder in the subalpine zone of south-central Alaska. In: Trappe, J.M., Franklin, J.F., Tarrant, R.F., Hansen, G.M., eds. Biology of Alder: Proceedings of a symposium held at Northwest Scientific Association 40th annual meeting; 1967 April 14-15; Pullman, WA. Portland, OR: USDA Forest Service Pacific Northwest Research Station, pp. 45-56. 

Talbot, S.S, Talbot, S.L., Daniels, F.J.A. 2005. Comparative phytosociological investigation of subalpine alder thickets in southwestern Alaska and the North Pacific. Phytocoenologia. 35(4):727-759.

Viereck, L., Dryness, C., Batten A. and K. Wenzlick. 1992. The Alaska vegetation classification. General Technical Report PNW-GTR-286. Portland, Oregon. USDA Forest Service, Pacific Northwest Research Station. 278 p.

Viereck, Leslie A.; Schandelmeier, Linda A. 1980. Effects of fire in Alaska and adjacent Canada--a literature review. BLM-Alaska Tech. Rep. 6; BLM/AK/TR-80/06. Anchorage, AK: U.S. Department of the Interior, Bureau of Land Management, Alaska State Office. 124 p. [28862]",16520_73_74_75_76_77_78_80.docx,,,,,
Herbaceous,"75, 77, 78",,This Biophysical Setting (BpS) is found from Prince William Sound through southeast AK.,"Mesic herbaceous meadows are a widely distributed type found on a variety of landforms and at varying elevations. Some occur on subalpine sideslopes with colluvial accumulations of well-drained soils. It can also occur at lower elevations on stream levees or higher elevation sites that tend to hold snow and have a relatively short growing season. The main factor is deep, nutrient-rich, well-drained soils.","This herbaceous system includes a wide variety of vegetation types dominated by forbs, graminoids or ferns (NatureServe 2008). In the northern portion of the range (Yakutat to Kodiak) meadows dominated by Calamagrostis canadensis and Chamerion angustifolium are common but occur less frequently in the southern portion of the range. Forb (particularly large umbel) and fern meadows occur throughout the range. The most common diagnostic assemblages include Angelica genuflexa, Calamagrostis canadensis and Chamerion angustifolium. One or more of the following species can also be present: Veratrum viride, Athyrium filix-femina, or Heracleum maximum. Other common species may include Lupinus nootkatensis, Aconitum delphiniifolium, Sanguisorba canadensis, Senecio triangularis, Nephrophyllidium crista-galli and Angelica genuflexa (Shephard 1995; DeVelice et al. 1999).
BpS Dominant and Indicator Species
Species names are from the NRCS PLANTS database. Check species codes at http://plants.usda.gov.","Successional relationships for this type are largely unknown (Viereck et al. 1992; III.B.2.). Some mesic herbaceous types may persist for quite a while. Shrubs and tree seedlings are inhibited due to very dense vegetation cover and lack of substrate for tree seedling germination.

It is unclear what disturbances affect this system in the Maritime region of AK. A reviewer noted that many, if not all of the non-forest communities on level or gentle terrain accumulate incompletely decayed vegetation (peat) over centuries, and for all practical purposes have no disturbance.
Fire Frequency 
Fire interval is expressed in years for each fire severity class and for all types of fire combined (All Fires). Average FI is the central tendency modeled. Percent of all fires is the percent of all fires modeled in that severity class. Minimum and Maximum FIs show the relative range of fire intervals as estimated by model contributors, if known.",Small patch,"This system can be found adjacent to Alaskan Pacific Maritime Subalpine Alder-Salmonberry Shrubland, Alaskan Pacific Maritime Avalanche Slope Shrubland, Alaskan Pacific Maritime Shrub and Herbaceous Floodplain Wetland (near stream levees) and most forest types.",There is little information about disturbances affecting this community or its successional status.,,"This model was based on input from experts who attended the LANDFIRE Juneau Modeling Meeting (Feb. 08) and refined by Rick Turner. Review resulted in minor descriptive changes.

Succession Classes
Mapping Rules
Succession class letters A-E are described in the Succession Class Description section. Some classes use a leafform distinction where a qualifier is added to the class letter: Brdl (broadleaf), Con (conifer), or Mix (mixed conifer and broadleaf). UN refers to uncharacteristic native or a combination of height and cover that would not be expected under the reference condition. NP refers to not possible or a combination of height and cover which is not physiologically possible for the species in the BpS.


Description
Class A	100				Mid Development 1 - All Structures

Indicator Species

Description
This class represents the Mesic Herbaceous Meadow BpS. Forbs, grasses and/or ferns dominate the site.

Maximum Tree Size ClassNone
Model Parameters
Deterministic Transitions
Probabilistic Transitions","DeVelice, R.L., Hubbard, C.J., Boggs, K. et al. 1999. Plant community types of the Chugach National Forest. Tech. Publ. R10-TP-76. Juneau, AK: USDA Forest Service, Alaska Region. 375p.

NatureServe. 2008. International Ecological Classification Standard: Terrestrial Ecological Classifications. Draft Ecological Systems Description for the Alaska Maritime Region. 

Shephard, M.E. 1995. Plant community ecology and classification of the Yakutat Foreland, Alaska. Technical Report R10-TP-56. Juneau, AK: USDA Forest Service Alaska Region. 206 p.

Viereck et al. 1992. The Alaska vegetation classification. Pacific Northwest Research Station, USDA Forest Service, Portland, OR. Gen. Tech. Rep. PNW-GTR286. 278 p.",16530_75_77_78.docx,,,,,
Forest and Woodland,"75, 76, 77, 78, 80",,This Biophysical Setting (BpS) is found from Prince William Sound through southeast AK.,"This BpS includes the active and inactive portions of the floodplain of glacially and non-glacially-fed rivers and streams. This system includes large and small channels as well as proximal outwash, but not abandoned floodplains. Glacially-fed rivers occur primarily on the mainland, while non-glacially fed rivers occur on both the mainland and large islands in the Gulf of Alaska.

Glacial outwash occurs near the terminus of the glacier. This is active proximal outwash with high flood frequency and high sediment input. Channels are scoured and braided, and the substrate is well-drained to excessively well-drained gravel or cobble.","Vegetation dominance on the floodplain depends on seral stage and frequency of flooding. Low benches are dominated by shrub, seedling, and herbaceous species such as Alnus viridis ssp. sinuata, Salix alaxensis, other Salix spp., Ribes bracteosum and Sambucus racemosa. Mid bench vegetation features shrub types and early seral forests (Picea sitchensis, Alnus rubra, Populus balsamifera ssp. trichocarpa). High bench types include mature forests with a more diverse shrub understory (Picea sitchensis, Tsuga heterophylla, Oplopanax horridus, Rubus spectabilis, Vaccinium ovalifolium, Menziesia ferruginea, and Lysichiton americanus in poorly drained inclusions). Herbaceous species may include Tiarella trifoliata, Viola glabrescens, Prenanthes alata, Osmorhiza purpurea, Circaea alpina and Heracleum lanatum (Schoen and Dovichin 2007). Extensive wetlands (modeled separately) may develop on the low angle glacially-fed floodplains.

On non-glacially fed streams Populus balsamifera ssp. trichocarpa is not common as it is on the glacially fed systems. Alnus rubra or Alnus viridis ssp. sinuata may be common in early seral stands of non-glacially fed streams. Salmonberry (Rubus spectabilis) is characteristic, and often forms a mosaic with Vaccinium spp., with the latter on older, inactive alluvial deposits. Oplopanax horridus is also common. Floodplain wetlands (modeled separately) on non-glacially fed streams are common, but small patch compared to those on large, distal outwash plains.

BpS Dominant and Indicator Species
Species names are from the NRCS PLANTS database. Check species codes at http://plants.usda.gov.","Frequent flooding, shifting channels, and sediment deposition characterize the system. Flooding can be caused by snowmelt, precipitation, ice jams and glacial runoff. Different rivers or portions of rivers may be more prone to certain types of flooding. Frequent flooding and channel migration create a pattern of gravel bars and early successional stages across the valley bottom. Sediment deposition raises the surface of the floodplain over time. As the terrace becomes farther removed from the channel, flooding becomes less frequent and spruce forest can establish. Water availability on terraces plays a major role in community structure and composition. On very active floodplains (e.g. Taku River), conifers have difficult establishing and the hardwood community tends to dominate (Schoen and Dovichin 2007). Water inputs are from overbank flow (flooding), ground water, and precipitation. Deposits with high permeability become progressively drier as they are vertically and horizontally removed from the active channels.

Windthrow can affect the conifer and hardwood/conifer stages of this BpS.  
In 2014, an extensive literature search was done by Fire Effects Information System staff to locate information on this and other BpS with black cottonwood for a synthesis on fire regimes of Alaskan black cottonwood communities, with few results (Innes 2014). The literature suggests that fire was likely very rare in this BpS (Innes 2014; Zouhar 2017) and that this BpS can act as a fire break (Innes 2014). Fire frequency in this BpS is likely related to the fire frequency of adjacent BpS (Innes 2014). 
Fire Frequency 
Fire interval is expressed in years for each fire severity class and for all types of fire combined (All Fires). Average FI is the central tendency modeled. Percent of all fires is the percent of all fires modeled in that severity class. Minimum and Maximum FIs show the relative range of fire intervals as estimated by model contributors, if known.",Linear,Floodplain wetlands are modeled separately from the floodplains.,"Since glacial and non-glacial floodplain types cannot be mapped confidently as separate systems, they are considered one ecological system. However, vegetation composition and disturbance cycle vary depending on type of input (glacial vs. non-glacial) and proximity to the glacier. Close to the glacier terminus, glacially fed streams likely have a higher frequency of flooding and therefore a greater percentage of the landscape in early seral stages than distal locations or non-glacially fed streams.","Riparian spruce forests have been heavily logged and human-caused fire ignitions may be increasing in parts of south-central and southeastern Alaska, where this BpS occurs (Innes 2014).","This model was based on input from the experts who attended the LANDFIRE Juneau modeling meeting (Feb. 08), input from Tom DeMeo, and the hypothesized outwash plain and flood plain successional sequences from Boggs 2000, p. 51. Review resulted in minor changes to the model description and the addition of an alternate succession pathway in Class D in the VDDT model. The quantitative change to the model did not change the model results.
Succession Classes
Mapping Rules
Succession class letters A-E are described in the Succession Class Description section. Some classes use a leafform distinction where a qualifier is added to the class letter: Brdl (broadleaf), Con (conifer), or Mix (mixed conifer and broadleaf). UN refers to uncharacteristic native or a combination of height and cover that would not be expected under the reference condition. NP refers to not possible or a combination of height and cover which is not physiologically possible for the species in the BpS.


Description
Class A	6				Early Development 1 - All Structures

Indicator Species

Description
Floodplain, herbaceous wetlands. These early seral communities colonize new alluvial deposits following flood events. Herbaceous species may include Tiarella trifoliata, Viola glabrescens, Prenanthes alata, Osmorhiza purpurea, Circaea alpina and Heracleum lanatum (Schoen and Dovichin 2007). Flooding could be more frequent than modeled, especially on glacial streams.

Maximum Tree Size ClassSeedling/Sapling <5""
Class B	17				Early Development 2 - All Structures

Indicator Species

Description
Floodplain, early-seral shrub/sapling. Red alder or cottonwood typically dominate and can sometimes persist for 75-110yrs. Life expectancy of alder depends on if it gets overtopped by spruce because spruce shades out the alder. Other common species may include Ribes bracteosum and Sambucus racemosa.

The alternate succession pathway represents lack of a hardwood seed source or the possibility that spruce will germinate in large numbers on mineral soil after flooding, resulting in a dense, even-aged stand. Flooding could be more frequent than modeled, especially on glacial streams.

Maximum Tree Size ClassSeedling/Sapling <5""
Class C	9				Mid Development 1 - All Structures

Indicator Species

Description
Floodplain, mid-seral spruce. Spruce gains canopy dominance over shrubs but overstory remains open. 

Maximum Tree Size ClassMed. 9–20"" (swd)/11–20"" (hwd)
Class D	20				Late Development 1 - Open

Indicator Species

Description
Floodplain, mid-seral spruce-hardwood. Mixed spruce/cottonwood stands are common on glacial streams whereas spruce/alder tends to be more prevalent on non-glacially fed streams. A reviewer noted that in many of the floodplain spruce forests in the central and northern part of southeast AK this class may persist for well over 200yrs (see the alternate succession pathway below).

The alternate succession pathway represents frequently flooded areas where spruce have difficulty establishing. 

Maximum Tree Size ClassMed. 9–20"" (swd)/11–20"" (hwd)
Class E	48				Late Development 1 - Closed

Indicator Species

Description
Floodplain terraces, mature spruce forest. Mature spruce forest develops. Western hemlock eventually co-dominates with spruce (Boggs 2000). These forests tend to be more open than non-riparian forests and therefore support an abundant understory community.

Maximum Tree Size ClassLarge 20"" – 40""
Model Parameters
Deterministic Transitions
Probabilistic Transitions

Optional Disturbances
Optional 1: Flooding","Boggs, K. 2000. Classification of community types, successional sequences and landscapes of the Copper River Delta. Gen. Tech. Rep. PNW-GTR-469. Portland, OR. U.S. Dept. of Agriculture, Forest Service, Pacific Northwest Research Station. 244 p.

Comer, P., D. Faber-Langendoen, R. Evans, S. Gawler, C. Josse, G. Kittel, S. Menard, C. Nordman, M. Pyne, M. Reid, M. Russo, K. Schulz, K. Snow, J. Teague, and R. White. 2003-present. Ecological systems of the United States: A working classification of U.S. terrestrial systems. NatureServe, Arlington, VA.

DeMeo, T., J. Martin and R.A. West. 1992. Forest plant association management guide, Ketchikan Area, Tongass National Forest. USDA Forest Service, Alaska Region. R10-MB-210. 405p.

Innes, Robin J. 2014. Fire regimes of Alaskan black cottonwood communities. In: Fire Effects Information System, [Online]. U.S. Department of Agriculture, Forest Service, Rocky Mountain Research Station, Missoula Fire Sciences Laboratory (Producer). Available:
http://www.fs.fed.us/database/feis/fire_regimes/AK_black_cottonwood/all.html [2016, August 1].

Mouw,J., J. Stanford and P. Alaback. 2008. Influences of flooding and hyporheic exchange on floodplain plant richness and productivity. River Research and Applications.

Schoen, J.W. and E. Dovichin (editors). 2007. The Coastal Forests and Mountains
Ecoregion of Southeastern Alaska and the Tongass National Forest. Published by The Nature Conservancy and the Audobon Society. Available online at http://conserveonline.org/workspaces/akcfm.

Zouhar, Kristin. 2017. Fire regimes in Alaskan Pacific maritime ecosystems. In: Fire Effects Information System, (Online) U.S. Department of Agriculture, Forest Service, Rocky Mountain Research Station, Fire Sciences Laboratory (Producer). Available: https://www.fs.fed.us/database/feis/fire_regimes/AK_Pacific_maritime/all.html [2021, May 20].",16550_75_76_77_78_80.docx,,,,,
Woody Wetland,"75, 76, 77, 78",,"This Biophysical Setting (BpS) is found along glacial and non-glacially-fed rivers and streams along the Gulf Coast of AK, from the eastern Alaska Peninsula, Katmai National Park and Preserve, and Kodiak Island through southeastern AK. It occurs within the floodplain boundaries.","This wetland system typically occurs as a ring on the outer edge of peatlands or on uplifted tidal marshes that are relatively wet but no longer tidally influenced. It is a minor yet widespread system wherever mature peatlands and uplifted tidal marshes occur, such as the Copper River Delta and Yakutat Forelands. It also occurs on old lakebeds, drained beaver ponds, wet depressions, and the edge of tidal marshes. Soils are saturated for at least a portion of the growing season, and generally have a wet organic layer of variable depth (8 cm to 1 m deep) over silt, sand, or gravel.","Species composition is variable due to diverse environmental conditions such as water depth, substrate, and nutrient input. The shrub layer is dominated by Myrica gale and/or Vaccinium uliginosum. In Katmai National Park and Preserve, Myrica gale is the dominant shrub, but Betula nana or Salix barclayi may also codominate. Species richness is often high, and composition is variable. Common associated species may include Alnus viridis ssp. sinuata, Kalmia microphylla, Carex pauciflora, Carex livida, Carex aquatilis var. dives (= Carex sitchensis), Carex pluriflora, Carex viridula ssp. viridula, Trichophorum cespitosum, Eriophorum angustifolium, Equisetum variegatum, Drosera rotundifolia, Sanguisorba canadensis, Sanguisorba officinalis, Calamagrostis canadensis, and Rubus arcticus. Sphagnum spp. may be abundant in the ground layer.

Below is a partial list of species that can be found in distinguishable zones of this BpS

Aquatic Bed: Nuphar lutea, Myriophyllum alterniflorum, M. spicatum, Potamogeton spp., and Sparganium spp. (Shephard 1995, Boggs 2000, Boggs et al. 2008).

Freshwater Emergent Marsh: Carex rostrata, Equisetum fluviatile, Carex sitchensis, Menyanthes trifoliata, Comarum palustris, Eleocharis palustris, and Scirpus validus (Banner et al. 1986, Shephard et al.1995, Boggs 2000).

Fen and Wet Meadow: Carex aquatilis var. dives, Dodecatheon pulchellum, Parnassia fimbriata, Eriophorum russeolum, Menyanthes trifoliata, Comarum palustris, Calligeron giganteum, Sphagnum squarrosum, S. riparum., Carex saxatilis, C. lyngbyei, Sanguisorba canadensis, Swertia perrenis, Platanthera dilatata, Equisetum varigatum, and Equisetum fulviatile (Shephard 1995, Boggs 2000, McClellan et al. 2003).

Wet Low Shrub: Myrica gale, Vaccinium uliginosum, Alnus viridis ssp. sinuata, Kalmia microphylla, Carex pauciflora, Carex livida, C. sitchensis, C. pluriflora, C. viridula ssp. viridula, Trichophorum caespitosum, Eriophorum angustifolium, Equisetum varigatum, Drosera rotundifolia, Sanguisorba canadensis, Sanguisorba officinalis, Calamagrostis canadensis, Rubus arcticus, and Sphagnum spp. 

Shrub Swamp: Alnus viridis ssp. sinuata, Salix spp., Carex sitchensis, C. utriculata, Equisetum fluviatile, Lysichiton americanus, and Sphagnum spp.
BpS Dominant and Indicator Species
Species names are from the NRCS PLANTS database. Check species codes at http://plants.usda.gov.","Frequent river channel migration and associated flooding and fluvial processes constitute the major disturbances. Wetland succession and species composition is variable due to diverse environmental conditions such as water depth, substrate, and nutrient input. It is unlikely that this type could support a fire.
Fire Frequency 
Fire interval is expressed in years for each fire severity class and for all types of fire combined (All Fires). Average FI is the central tendency modeled. Percent of all fires is the percent of all fires modeled in that severity class. Minimum and Maximum FIs show the relative range of fire intervals as estimated by model contributors, if known.","Linear, small patch","Floodplain wetland vegetation includes the following classes: Aquatic Bed, Freshwater Emergent Marsh, Fen and Wet Meadow, Wet Low Shrub, and Shrub Swamp. These classes have also been described as unique Ecological Systems, but because floodplain wetland dynamics are different from wetland dynamics outside the floodplain, these classes were included in this BpS.","The lack of information about the successional dynamics of this system and the variability of environmental conditions across floodplain wetlands make it difficult to quantitatively model this BpS. As currently modeled, several distinct communities, which are not necessarily successional related, are lumped together based on two criteria: 1) all communities are located in the floodplain and are characterized by poor drainage, and 2) their fine scale pattern makes them difficult to map separately in the floodplain (however, they are treated as separate BpS outside of the floodplain).",,"In 2021 NatureServe merged Alaskan Pacific Maritime Shrub and Herbaceous Floodplain Wetland (BpS 1656) and Alaskan Pacific Maritime Wet Low Shrubland (BpS 1660) into one Ecological System: Alaskan Pacific Wet Low Shrubland & Floodplain Wetland. Kori Blankenship merged the BpS description for 1656 created by Tom DeMeo and reviewed by Barbara Schrader and 1660 created by David D'Amore and reviewed by Tom DeMeo to reflect the new Ecological System concept. Both BpS were represented by models with one seral state.

This model assumes that floodplain wetlands are composed of a mosaic of different communities (Aquatic Bed, Freshwater Emergent Marsh, Fen and Wet Meadow, Wet Low Shrub, and Shrub Swamp) which occur on the floodplain but do not necessarily have a successional relationship to one another. Hydrology, drainage, and other site factors likely dictate the community in a given area.

For LANDFIRE National the model for BpS 1660 was developed based on input from experts who attend the LANDFIRE Juneau Modeling Meeting (Feb. 08) and the draft Maritime Ecological Systems description (NatureServe 2008) and refined by David D'Amore.

Succession Classes
Mapping Rules
Succession class letters A-E are described in the Succession Class Description section. Some classes use a leafform distinction where a qualifier is added to the class letter: Brdl (broadleaf), Con (conifer), or Mix (mixed conifer and broadleaf). UN refers to uncharacteristic native or a combination of height and cover that would not be expected under the reference condition. NP refers to not possible or a combination of height and cover which is not physiologically possible for the species in the BpS.


Description
Class A	100				Mid Development 1 - All Structures

Indicator Species

Description
Floodplain wetlands include a diverse mix of species assemblages possibly including Aquatic Bed, Freshwater Emergent Marsh, Fen and Wet Meadow, Wet Low Shrub and Shrub Swamp. The Class Indicator Species listed are not true indicators -- refer to the Vegetation Description for species information. 

This community will persist in its various forms. Flooding (represented by Option 1 in the model) is included in the model to represent this important disturbance, but its probability (0.1) is only included as a placeholder. Flood frequency varies by location within the floodplain.

Maximum Tree Size ClassNone
Model Parameters
Deterministic Transitions
Probabilistic Transitions

Optional Disturbances
Optional 1: Flooding","Banner, A., Pojar, J., Trowbridge, R. 1986. Representative wetland types of the northern part of the Pacific Oceanic Wetland Region. BC Min. For. Research Report RR85008-PR. 45 p.

Boggs, K. 2000. Classification of community types, success ional sequences and landscapes of the Copper River Delta. Gen. Tech. Rep. PNW-GTR-469. Portland, OR. U.S. Dept. of Agriculture, Forest Service, Pacific Northwest Research Station. 244 p. 

Boggs, K., J. Grunblatt, S. C. Klein, G. Streveler and B. Koltun. 2008. Landcover classes, plant associations and ecoregions of Glacier Bay National Park and Preserve (in press). Alaska Natural Heritage Program, Environment and Natural Resources Institute, University of Alaska Anchorage, 707 A Street, Anchorage, AK 99501 

Comer, P., D. Faber-Langendoen, R. Evans, S. Gawler, C. Josse, G. Kittel, S. Menard, C. Nordman, M. Pyne, M. Reid, M. Russo, K. Schulz, K. Snow, J. Teague, and R. White. 2003-present. Ecological systems of the United States: A working classification of U.S. terrestrial systems. NatureServe, Arlington, VA. [!N03COM01ICEC!]

Jorgenson, M. T., J. E. Roth, M. D. Smith, S. Schlentner, W. Lentz, and E. R. Pullman. 2001. An ecological land survey for Fort Greely, Alaska. U.S. Army Cold Regions Research and Engineering Laboratory, Hanover, NH. ERDC/CRREL TR-01-04. 85 pp.

McClellan, M.H., Brock, T., Baichtal, J.F. 2003. Calcareous Fens in Southeast Alaska. PNW-RN-536. USDA Forest Service, Pacific Northwest Research Station, Portland, OR. 10 p.

Shephard, M.E. 1995. Plant community ecology and classification of the Yakutat Foreland, Alaska. Technical Report R10-TP-56. Juneau, AK: USDA Forest Service, Alaska Region. 206 p.",16560_75_76_77_78.docx,,,,,
Woody Wetland,"75, 77, 78",,This Biophysical Setting (BpS) occurs from Kenai Fjords through southeastern Alaska and into British Columbia.,"This type is found on flat, rolling, or sloped terrain. Soils are poorly drained with deep organic layers (Viereck et al. 1992) and are usually saturated throughout the growing season. In AK, shore pine occurs from sea level to the subalpine zone (Viereck et al. 1992).","Trees are usually stunted, and the tree canopy typically has less than <30% cover. Stunted Tsuga mertensiana (more common), Callitropsis nootkatensis (= Cupressus nootkatensis), Picea sitchensis, or Pinus contorta may be present. Pinus contorta does not occur north or west of Yakutat. Shrubs include Empetrum nigrum, Kalmia spp., Ledum spp., Vaccinium uliginosum, and Vaccinium cespitosum. Common herbaceous species include Carex anthoxanthea, Carex aquatilis var. dives (= Carex sitchensis), Carex pluriflora, Carex pauciflora, Carex livida, Eriophorum angustifolium, Sanguisorba menziesii, Nephrophyllidium crista-galli, Trichophorum cespitosum, Dodecatheon pulchellum, Geum calthifolium, and Cornus canadensis. Sphagnum spp. are usually abundant and dominate the ground layer (DeVelice et al. 1999; Boggs et al. 2008). This system includes a range of canopy structures and compositions from mixed conifer peatlands on sideslopes and benches with Callitropsis nootkatensis, Tsuga mertensiana, Tsuga heterophylla, and Pinus contorta, to peatlands on level ground with scrub Pinus contorta (DeMeo et al. 1992 (forest only); Martin et al. 1995 (forest only); Shephard 1995 (forest and nonforest)). Banner et al. (1988) describes this Pinus contorta peatland type as a ""slope bog."" 
 
BpS Dominant and Indicator Species
Species names are from the NRCS PLANTS database. Check species codes at http://plants.usda.gov.","Landslides can affect this community when it occurs on steep slopes. Normal dynamic processes of peatland formation apply here. The system is generally characterized by a lack of disturbance and sites are so poorly drained with deep peat accumulation that few other trees can grow on it. Over long timescales, paludification may occur on these sites leading to tree death and raised bog formation (Viereck et al. 1992). Alternatively, on sites with improved drainage, hemlock or spruce may invade (Viereck et al. 1992). With extended drought and nearby fire sources, dried peatlands can burn, but this dynamic has not been documented for this type. Fire is extremely rare in southeast Alaska and likely not an important factor in the successional dynamics of shore pine communities (Cope 1993).
Fire Frequency 
Fire interval is expressed in years for each fire severity class and for all types of fire combined (All Fires). Average FI is the central tendency modeled. Percent of all fires is the percent of all fires modeled in that severity class. Minimum and Maximum FIs show the relative range of fire intervals as estimated by model contributors, if known.",Large patch or small patch,"This BpS is distinguished from the Alaskan Pacific Maritime Poorly Drained Conifer Woodland (BpS 16810) by the presence of shore pine and a more developed and acidic peatland - often with open canopy and stunted trees (called a ""muskeg"" elsewhere across the boreal forest), whereas the poorly drained conifer peatland is less well developed as a peatland, has a more persistent tree canopy, and represents the common transition toward the adjacent mesic forest types. This BpS occurs adjacent to other wetland types and in the forest mosaic.",,,"In 2021 NatureServe merged Alaskan Pacific Maritime Shore Pine Peatland (BpS 1657) and Alaskan Pacific Maritime Mountain Hemlock Peatland (BpS 1659) into one Ecological System: Alaskan Pacific Maritime Mountain Hemlock-Shore Pine Peatland. Pat Comer and Kori Blankenship merged the BpS description for 1657, created by Karen Dillman and reviewed by Tom DeMeo, and 1659, created by Rick Turner and reviewed by Tom DeMeo and Tina Boucher, to reflect the new Ecological System concept. Both BpS were represented by models with one seral state.

For LANDFIRE National BpS 1657 and 1659 models and descriptions were based on input from experts who attended the LANDFIRE Juneau Modeling Meeting (Feb. 08).

Succession Classes
Mapping Rules
Succession class letters A-E are described in the Succession Class Description section. Some classes use a leafform distinction where a qualifier is added to the class letter: Brdl (broadleaf), Con (conifer), or Mix (mixed conifer and broadleaf). UN refers to uncharacteristic native or a combination of height and cover that would not be expected under the reference condition. NP refers to not possible or a combination of height and cover which is not physiologically possible for the species in the BpS.


Description
Class A	100				Mid Development 1 - Open

Indicator Species

Description
Canopy structure and species composition can be variable, but stands are generally open and overstory trees may include Pinus contorta, Callitropsis nootkatensis (Chamaecyparis nootkatensis), Tsuga mertensiana, and Picea stichensis. Trees may be pole to medium sized. This community will persist under appropriate hydrological conditions.

Maximum Tree Size ClassPole 5–9"" (swd)/5–11"" (hwd)
Model Parameters
Deterministic Transitions
Probabilistic Transitions","Banner, A., Hebda, R.J., Oswald, E.T., Pojar, J., Trowbridge, R. 1988. Wetlands of Pacific Canada. In: Wetlands of Canada. National Wetlands Working Group. Ecological Land Classification Series No. 24. Environment Canada, Ottawa, and Polyscience Publications Inc., Montreal. 452 p.

Boggs, K., J. Grunblatt, S. C. Klein, G. Streveler and B. Koltun. 2008. Landcover classes, plant associations and ecoregions of Glacier Bay National Park and Preserve (in press). Alaska Natural Heritage Program, Environment and Natural Resources Institute, University of Alaska Anchorage, 707 A Street, Anchorage, AK 99501.

Cope, Amy B. 1993. Pinus contorta var. contorta. In: Fire Effects Information System, [Online]. USDA Forest Service Rocky Mountain Research Station, Fire Sciences Laboratory (Producer). Available: http://www.fs.fed.us/database/feis/ [2008, May 21].

DeMeo, T., J. Martin and R.A. West. 1992. Forest plant association management guide, Ketchikan Area, Tongass National Forest. USDA Forest Service, Alaska Region. R10-MB-210. 405p.

DeVelice, R., C. Hubbard, K. Boggs, S. Boudreau, M. Potkin, T. Boucher, and C. Wertheim. 1999. Plant community types of the Chugach National Forest: Southcentral Alaska. U.S.D.A., Forest Service: Chugach National Forest, Alaska Region, Anchorage, Alaska. Tech. Pub. R10-TP-76. 375 p.

Martin, Jon R., Susan J. Trull, Ward W. Brady, Randolph A. West and Jim M. Downs. 1995. Forest plant association management guide, Chatham Area, Tongass National Forest. USDA Forest Service, Alaska Region. R10-TP-57. 

Shephard, M.E. 1995. Plant community ecology and classification of the Yakutat Foreland, Alaska. Technical Report R10-TP-56. Juneau, AK: USDA Forest Service Alaska Region. 206 p.

Viereck, L., Dryness, C., Batten A. and K. Wenzlick. 1992. The Alaska vegetation classification. General Technical Report PNW-GTR-286. Portland, Oregon. USDA Forest Service, Pacific Northwest Research Station. 278 p.",16570_75_77_78.docx,,,,,
Herbaceous Wetland,"73, 74, 75, 76, 77, 78, 80",,"This Biophysical Setting (BpS) occurs from the eastern Aleutian Islands, Alaska Peninsula, Cook Inlet, and Kodiak Island through southeast AK.","Fens in Pacific Alaska and the Aleutians are typically found in low to mid elevation hydrologic discharge zones along bases of slopes. They are characterized by high, slow-moving water tables fed by groundwater, with water often expressed at the surface as small channels. Water tables fluctuate seasonally and are strongly influenced by precipitation events (Boggs et al. 2019). Fens differ from bogs in that they are fed by and receive nutrients from surface water, groundwater, and rainfall while bogs receive water and nutrients only from precipitation (Aerts et al. 1999). 

Wet meadows in Pacific Alaska and the Aleutians are less influenced by the local surface and groundwater regime and thus develop in any topography where water collects during the growing season. This includes shallow depressions, seepage channels, infilled ponds, and late-melting snowbeds, along stream, lake, and pond margins, and on convex slopes, valley toeslopes, and terraces. The organic layer ranges from thick (sometimes >40 cm) to relatively thin and may be composed mainly of sedge peat or other, more decomposed organic material. The organic layer can occur over mineral soil or may be floating or submerged.","The unique hydrogeochemistry of fens, and to a lesser extent, wet meadows, fosters high species diversity and unique plant associations that are distinct from the peatland associations. In the alpine, fens and wet meadows are small-patch ecotypes, often occurring as mosaics of headwater fens, marshes, and riparian zones. The fen/wet meadow system is typically dominated by sedges (i.e. species in the Cyperacea family: Carex, Juncus, Eriophorum, Tricophorum, Luzula), but may be co-dominated by forbs. Vegetation has >25% herbaceous species cover and <25% shrub cover. Throughout the range of this system, fens and wet meadows consistently feature Carex aquatilis var. dives (syn. Carex sitchensis) (McClellan et al. 2003), although a variety of other sedges and forbs may be present, including Dodecatheon pulchellum, Parnassia fimbriata, Eriophorum russeolum, Menyanthes trifoliata (in pockets of standing water), Carex saxatilis, and Comarum palustre. The sloped fens of Prince William Sound and the outer Kenai Peninsula are consistently dominated by Trichophorum cespitosum and Nephrophyllidium crista-galli. 

Other common genera and species include Eriophorum angustifolium, Eriophorum scheuchzeri, Carex anthoxanthea, and Juncus mertensianus. Less common but still possible species include Saxifraga hirculus, Geum pentapetalum, Carex nigricans, Carex pluriflora, Carex anthoxanthea, Leptarrhena pyrolifolia, Ranunculus eschscholtzii, Ranunculus flammula, Saxifraga rivularis, Caltha palustris, Claytonia sibirica, Rubus chamaemorus, Juncus alpinoarticulatus ssp. nodulosus, Juncus triglumis, and Drosera spp. Calamagrostis canadensis and Calamagrostis stricta spp. inexpansa are generalist species that may occur in this environment but do not indicate this specific system. 

The only characteristic shrub is Salix planifolia. Ericaceous shrubs, which thrive in nutrient poor wetlands, are not common. Sphagnum, when present, may include Sphagnum squarrosum and Sphagnum riparium (Shephard 1995, Boggs 2000). 

Mixed sedge and forb meadows include Carex saxatilis, Sanguisorba canadensis, Swertia perennis, and Platanthera dilatata. Forb-dominated sites include Equisetum fluviatile, and Comarum palustre (= Potentilla palustris). Common alpine meadow species include Salix reticulata, Salix stolonifera, Viola spp., Lupinus nootkatensis, Mimulus guttatus, Mimulus lewisii, Petasites frigidus var. frigidus, Sanguisorba canadensis, Leptarrhena pyrolifolia, Saxifraga ferruginea, and Saxifraga punctata (Robuck 1989). Valeriana sitchensis, Castilleja parviflora, Ranunculus spp., and Caltha spp. often occur along streambanks.
BpS Dominant and Indicator Species
Species names are from the NRCS PLANTS database. Check species codes at http://plants.usda.gov.","Hydrologic dynamics govern this system. Under appropriate hydrologic conditions this system will remain stable for long periods of time, but changes in water level or frequency and duration of flooding may cause a transition to another BpS. Substantial flooding or an increase in water level may lead to the development of a Freshwater Emergent Marsh system. Under drying conditions, a Wet Low Shrub community may develop.
Succession in fens is a slow process in which a minerotrophic fen association develops into an ombrotrophic bog with surface vegetation raised above the influence of the groundwater (Zobel 1988). In general, the fen to bog transition occurs in two steps: (1) the acidification of the fen by Sphagnum species and (2) peat accumulation and isolation from the influence of water inflow from the surrounding mineral soil. Sphagnum species adapted to ombrotrophy initiate feedback processes (acidification and peat accumulation) favoring Sphagnum over vascular plants and other mosses (van Breemen 1995, Granath et al. 2010). 
Fire Frequency 
Fire interval is expressed in years for each fire severity class and for all types of fire combined (All Fires). Average FI is the central tendency modeled. Percent of all fires is the percent of all fires modeled in that severity class. Minimum and Maximum FIs show the relative range of fire intervals as estimated by model contributors, if known.",Small patch,This type does not include poor fens—which are included with the bog types.,,,"In 2021 NatureServe merged Alaskan Pacific Maritime Fen and Wet Meadow (BpS 1661), Alaskan Pacific Maritime Alpine Wet Meadow (BpS 1673), and Aleutian Wet Meadow and Herbaceous Peatland – Complex (BpS 1723) into one Ecological System: Alaskan Pacific-Aleutian Fen and Wet Meadow. Pat Comer and Kori Blankenship merged the BpS descriptions for 1661 (created by David D'Amore and reviewed by Tom DeMeo), 1673 (created by Tina Boucher, Rick Turner and Tom DeMeo), and 1723 (created by Randy Swaty and Keith Boggs and reviewed by Jeff Williams) to reflect the new Ecological System concept. All BpS were represented by models with one seral state.

For LANDFIRE National BpS 1661, 1673, and 1723 were developed based on input from experts who attend the LANDFIRE Juneau Modeling Meeting (Feb. 08) and the draft Ecological Systems descriptions (NatureServe 2008a, NatureServe 2008b).
Succession Classes
Mapping Rules
Succession class letters A-E are described in the Succession Class Description section. Some classes use a leafform distinction where a qualifier is added to the class letter: Brdl (broadleaf), Con (conifer), or Mix (mixed conifer and broadleaf). UN refers to uncharacteristic native or a combination of height and cover that would not be expected under the reference condition. NP refers to not possible or a combination of height and cover which is not physiologically possible for the species in the BpS.


Description
Class A	100				Mid Development 1 - All Structures

Indicator Species

Description
This class represents the stable fen and wet meadow community. This class persists indefinitely under appropriate hydrological conditions.

Maximum Tree Size ClassNone
Model Parameters
Deterministic Transitions
Probabilistic Transitions","Aerts, R., Verhoeven, J.T.A., and Whigham, D.F. 1999. Plant mediated controls on nutrient cycling in temperate fens and bogs. Ecology 80: 2170-2181.

Boggs, K., L. Flagstad, T. Boucher, M. Carlson, A. Steer, B. Bernard, M. Aisu, P. Lema, B. Heitz, and T. Kuo. 2019. Alaska Ecosystems of Conservation Concern: Biophysical Settings and Plant Associations. Report prepared by the Alaska Center for Conservation Science, University of Alaska, Anchorage for the Alaska Department of Fish and Game. 300 pp.

Boggs, K. 2000. Classification of community types, successional sequences and landscapes of the Copper River Delta. Gen. Tech. Rep. PNW-GTR-469. Portland, OR. U.S. Dept. of Agriculture, Forest Service, Pacific Northwest Research Station. 244 p. 

Comer, P., D. Faber-Langendoen, R. Evans, S. Gawler, C. Josse, G. Kittel, S. Menard, C. Nordman, M. Pyne, M. Reid, M. Russo, K. Schulz, K. Snow, J. Teague, and R. White. 2003-present. Ecological systems of the United States: A working classification of U.S. terrestrial systems. NatureServe, Arlington, VA. 

Fleming, M.D. and P. Spencer. 2007. Kodiak Archipelago land cover classification users guide. SAIC at USGS Alaska Science Center, Anchorage, AK. 77 pp. 

Geological Survery Professional Paper 648. U.S. Government Printing Office, Washington, DC. 66 pp.

Granath, G., J. Strengbom, and H. Rydin. 2010. Rapid ecosystem shifts in peatlands: linking plant physiology and succession. Ecology 91:3047-3056.

NatureServe. 2008a. International Ecological Classification Standard: Terrestrial Ecological Classifications. Draft Ecological Systems Description for the Alaska Maritime Region.

NatureServe. 2008b. International Ecological Classification Standard: Terrestrial Ecological Classifications. Draft Ecological Systems Description for the Alaska Aleutians Region.

McClellan, M.H., Brock, T., Baichtal, J.F. 2003. Calcareous Fens in Southeast Alaska. PNW-RN-536. USDA Forest Service, Pacific Northwest Research Station, Portland, OR. 10 p.

Robuck, O.W. 1989. Common Alpine Plants of Southeast Alaska. USDA Forest Service Pacific Northwest Research Station, Miscellaneous publication. 166, 170 pp. 

Shacklette, H.T., L.W. Durrell, J.A. Erdman, J.R. Keith, W.M. Klein, H. Krog, H. Persson, H. Skuja and W.A. Weber. 1969. Vegetation of Amchitka Island, Aleutian Islands, Alaska. 

Shephard, M.E. 1995. Plant community ecology and classification of the Yakutat Foreland, Alaska. Technical Report R10-TP-56. Juneau, AK: USDA Forest Service Alaska Region. 206 p.

Talbot, S. S., W. F. Savage, and M. B. Hedrick. 1984. Range inventory of Simeonof Island, Alaska. Unpublished report to U.S. Fish and Wildlife Service, Refuge Support, Anchorage, AK. 82 pp. 

Talbot, S. S., and S.L. Talbot. 1994. Numerical classification of the coastal vegetation of Attu Island, Aleutian Islands, Alaska. Journal of Vegetation Science 5:867-876. 

Talbot, S.S., S.L. Talbot and W. B. Schofield. 2006. Vascular flora of Izembek National Wildlife Refuge, westernmost Alaska Peninsula, Alaska. Rhodora 108(935):249-293.

Van Breemen, N. 1995. How Sphagnum bogs down other plants. Trends in Ecology and Evolution 10:270-275.

Viereck, L.A., C.T. Dyrness, A.R. Batten and K.J. Wenzlick. 1992. The Alaska vegetation classification. Pacific Northwest Research Station, USDA Forest Service, Portland, OR. Gen. Tech. Rep. PNW-GTR286. 278 p.

Zobel, M. 1988. Autogenic succession in boreal mires: a review. Folia Geobotanica et Phytotaxonomica 23:417-445.",16610_73_74_75_76_77_78_80.docx,,,,,
Herbaceous Wetland,"73, 75, 77, 78",Temperate Pacific Freshwater Aquatic Bed (BpS 1664) is lumped with this Biophysical Setting (BpS).,This BpS occurs from Kodiak Island south through southeast AK.,"This system occurs on the margin of ponds, lakes, and in slow moving water (stream channels or on distal outwash). Standing water is usually persistent throughout the growing season and is generally at least 10 cm above the ground surface. Adjacent deeper water support aquatic beds. Soils are typically muck over mineral.","The Freshwater Emergent Marsh BpS typically includes some open water and emergent vegetation dominated by cattails and Carex rostrata. Common species include Carex rostrata, Equisetum fluviatile (often pure stands), Carex aquatilis var. dives (Carex sitchensis), Menyanthes trifoliata, Comarum palustre, Eleocharis palustris, Schoenoplectus tabernaemontani (Scirpus validus; Banner et al. 1986; Shephard et al.1995; Boggs 2000). Floating aquatic vegetation may also be present. Adjacent aquatic beds would support submerged vegetation.
BpS Dominant and Indicator Species
Species names are from the NRCS PLANTS database. Check species codes at http://plants.usda.gov.","Water is the primary driver of this system. Under stable hydrologic conditions (i.e. frequent flooding) this system will maintain itself. A rise in water levels may lead to the development of a Freshwater Aquatic Bed (although this is lumped with the emergent marsh as currently modeled) and a decline in water levels could lead to the development of a Shrub Swamp or Fen and Wet Meadow system. However, the dynamics of the system and the timescale at which it operates are too variable to create a single successional model. For that reason, this type is represented as a 1-box model without succession or disturbance dynamics modeled. 

In June of 2013 an extensive search was done by Fire Effects Information Systems staff to locate information for a synthesis on fire regimes of Alaskan coastal herbaceous communities and active inland dunes, with few results (Innes 2013). The synthesis found no record of fire in freshwater emergent marshes (Innes 2013). In general, fires in this BpS were likely to be very infrequent due to frequent spray or inundation by water (Drury 1956). 
Fire Frequency
Fire interval is expressed in years for each fire severity class and for all types of fire combined (All Fires). Average FI is the central tendency modeled. Percent of all fires is the percent of all fires modeled in that severity class. Minimum and Maximum FIs show the relative range of fire intervals as estimated by model contributors, if known.",Small patch,,,,"This model was developed based on input from experts who attend the LANDFIRE Juneau Modeling Meeting (Feb. 08) and the draft Maritime Ecological Systems description (NatureServe 2008) and refined by David D'Amore.

Succession Classes
Mapping Rules
Succession class letters A-E are described in the Succession Class Description section. Some classes use a leafform distinction where a qualifier is added to the class letter: Brdl (broadleaf), Con (conifer), or Mix (mixed conifer and broadleaf). UN refers to uncharacteristic native or a combination of height and cover that would not be expected under the reference condition. NP refers to not possible or a combination of height and cover which is not physiologically possible for the species in the BpS.


Description
Class A	100				Mid Development 1 - All Structures

Indicator Species

Description
This class represents the stable Freshwater Emergent Marsh community. See the Vegetation Description for a list of common species. This community may or not be stable over time, but it is modeled as a persistent state without disturbance.

Maximum Tree Size ClassNone
Model Parameters
Deterministic Transitions
Probabilistic Transitions","Banner, A., Pojar, J., Trowbridge, R. 1986. Representative wetland types of the northern part of the Pacific Oceanic Wetland Region. BC Min. For. Research Report RR85008-PR. 45 p.

Boggs, K. 2000. Classification of community types, success ional sequences and landscapes of the Copper River Delta. Gen. Tech. Rep. PNW-GTR-469. Portland, OR. U.S. Dept. of Agriculture, Forest Service, Pacific Northwest Research Station. 244 p. 

Drury, William H., Jr. 1956. Bog flats and physiographic processes in the upper Kuskokwim River region, Alaska. Contributions from the Gray Herbarium No. 178. Cambridge, MA: Harvard University, The Gray Herbarium. 127 p.

Innes, Robin J. 2013. Fire regimes of Alaskan coastal herbaceous communities and active inland dunes. In: Fire Effects Information System, [Online]. U.S. Department of Agriculture, Forest Service, Rocky Mountain Research Station, Fire Sciences Laboratory (Producer). Available: http://www.fs.fed.us/database/feis/fire_regimes/AK_coastal/all.html [2016, June 28].

NatureServe. 2008. International Ecological Classification Standard: Terrestrial Ecological Classifications. Draft Ecological Systems Description for the Alaska Maritime Region. 

Shephard, M.E. 1995. Plant community ecology and classification of the Yakutat Foreland, Alaska. Technical Report R10-TP-56. Juneau, AK: USDA Forest Service Alaska Region. 206 p.",16620_73_75_77_78.docx,,,,,
Woody Wetland,"73, 74, 75, 76, 77, 78",,This Biophysical Setting (BpS) occurs from Cook Inlet Basin and Prince William Sound through southeast AK.,"Shrub swamps occur on poorly drained fine textured soil in lowland areas or depressions that retain standing water throughout all or most of the growing season (NatureServe 2008; Viereck et al. 1992, IIB1f). Soils may be organic, muck or mineral (NatureServe 2008).","Deciduous shrub swamps are usually dominated by alders, but willows or an alder/willow mix also occur (Viereck et al. 1992). Alnus viridis ssp. sinuata often dominates the shrub layer but Salix spp. is also reported. The shrub layer is typically open with many dead stems and is commonly 3-5 meters tall (Viereck et al. 1992). Wetland species including Carex aquatilis var. dives (Carex sitchensis), Carex utriculata, Equisetum fluviatile and Lysichiton americanus dominate the understory. On some sites Sphagnum spp. is common in the understory.

Though this system is classified as closed by Viereck, et al. (1992), it may also occur in an open form.
BpS Dominant and Indicator Species
Species names are from the NRCS PLANTS database. Check species codes at http://plants.usda.gov.","Shrub swamps likely represent a topoedaphic climax community which will persist as long as the hydrologic conditions supporting them are maintained (Viereck et al. 1992). Some sites may move back and forth between this system and peatlands, forest, or even open water or aquatic bed as hydrology changes, but these transitions are not directional and are generally outside of the time scale of this model. 

This system likely does not burn in southeast AK.
Fire Frequency
Fire interval is expressed in years for each fire severity class and for all types of fire combined (All Fires). Average FI is the central tendency modeled. Percent of all fires is the percent of all fires modeled in that severity class. Minimum and Maximum FIs show the relative range of fire intervals as estimated by model contributors, if known.",Small patch,This BpS is similar to the Western North American Boreal Deciduous Shrub Swamp system but does not include fire as a disturbance factor.,,,"This model did not receive review specifically for z76.

This model was developed based on input from experts who attend the LANDFIRE Juneau Modeling Meeting (Feb. 08) and the draft Maritime Ecological Systems description (NatureServe 2008) and refined by David D'Amore. A reviewer noted that the term “swamp” in the Ecological System name may not be appropriate in this case and that it is not a term usually used to describe Southeast Alaska wetlands. Reviewer suggested using naming conventions from the USFWS's Cowardin classification system (Cowardin et al. 1979). The LANDFIRE project names for BpS models are identical to the name for the Ecological System on which they are based so this suggestion could not be implemented, although it was noted for future work on the Ecological Systems.

Succession Classes
Mapping Rules
Succession class letters A-E are described in the Succession Class Description section. Some classes use a leafform distinction where a qualifier is added to the class letter: Brdl (broadleaf), Con (conifer), or Mix (mixed conifer and broadleaf). UN refers to uncharacteristic native or a combination of height and cover that would not be expected under the reference condition. NP refers to not possible or a combination of height and cover which is not physiologically possible for the species in the BpS.


Description
Class A	100				Mid Development 1 - All Structures

Indicator Species

Description
This class represents the stable Shrub Swamp community. See the Vegetation Description for a list of common species.

This class persists indefinitely under appropriate hydrological conditions. 

Maximum Tree Size ClassNone
Model Parameters
Deterministic Transitions
Probabilistic Transitions","Cowardin, L. M., V. Carter, F. C. Golet, E. T. LaRoe. 1979. Classification of wetlands and deepwater habitats of the United States. U.S. Department of the Interior, Fish and Wildlife Service, Washington, D.C. Jamestown, ND: Northern Prairie Wildlife Research Center Online. http://www.npwrc.usgs.gov/resource/wetlands/classwet/index.htm (Version 04DEC1998).
 
NatureServe. 2008. International Ecological Classification Standard: Terrestrial Ecological Classifications. Draft Ecological Systems Description for the Alaska Maritime Region. 

Viereck et al. 1992. The Alaska vegetation classification. Pacific Northwest Research Station, USDA Forest Service, Portland, OR. Gen. Tech. Rep. PNW-GTR286. 278 p.",16630_73_74_75_76_77_78.docx,,,,,
Herbaceous,"73, 75, 76, 77, 78, 80",,"This Biophysical Setting (BpS) is found along the North Pacific coastline from the Cook Inlet Basin and Prince William Sound through southeast Alaska, the Alaska Peninsula, Aleutian Islands, and Kodiak Island.","This BpS includes communities associated with delta deposits, coastal sandy beaches, beach dunes, sand spits, as well as moist and wet meadows. Processes that define the system include sand deposition, wind and water erosion, long-shore transport, salt spray, and overwash from storm surges. Vegetation zonation in this system is related to exposure to salt spray and disturbance. Sandy soils may be periodically exposed to overwash from storm surges and exceptionally high tides, but they drain quickly, and precipitation rapidly leaches salt from the system (Boggs 2000). The sites may be unstable, due to coastal bluff erosion and isolated blowouts. Sites are slightly inclined to steep. The substrates are shallow to deep eolian sand deposits over bedrock. Other sites have loamy soils on colluvium that are nutrient enriched by seabirds. Soils are usually well-drained, though dune slacks may be poorly drained due to the deposition of fine-grained material during overflow events.","Plant communities on these coastal systems are dominated by a variety of grasses and forbs. Salt-tolerant forb communities featuring Honckenya peploides, Glaux maritima (not present in the Aleutians), and Mertensia maritima var. asiatica (not common in SE AK) often occur just above mean high tide. Plantago maritima and Triglochin maritimum occur within the same supratidal zone but are restricted to more sheltered locations where fine sands are deposited and retained.  As dune height and distance from the ocean increases, vegetation transitions to a graminoid-forb community dominated by Leymus mollis with varying contributions of Lathyrus maritimus (Lathyrus japonicus var. maritimus) and Senecio pseudo-arnica. Also common are Ligusticum scoticum, Angelica lucida, Angelica genuflecta, Galium aparine, and Potentilla egedii. These sites are above the high tide line but still experience salt spray and storm surges. Tidally flooded dune slacks may be colonized by herbaceous communities dominated by Equisetum variegatum, Eleocharis palustris, Poa macrantha, Carex lyngbyaei, and Ranunculus cymbalaria may also occur (Boggs 2000). Rich forb types occur on dunes and back beaches even further removed from the ocean. Species composition is variable but may include: Deschampsia beringensis, Festuca rubra, Heracleum maximum, Parnassia palustris, Lupinus nootkatensis, Carex mackenziei, Carex lyngbyei, Hordeum brachyantherum, Poa eminens, Achillea millefolium ssp. borealis, Fragaria chiloensis, Calamagrostis canadensis, Claytonia sibirica, and Chamerion angustifolium. Outside of the influence of storm surges and salt spray, communities may eventually succeed to types dominated by the dwarf shrubs Empetrum nigrun and Salix ovalifolium (with Salix ovalifolium present in Aleutians, Alaska Peninsula and Kodiak only) or low shrubs Alnus viridis ssp. sinuata and Salix sitchensis (in SC and SE AK; Myrica gale may occur in SC AK back beach habitats), with the occurrence of Sorbus sitcheniss, Alnus rubra, and Malus fusca increasing down the SE AK panhandle. 

BpS Dominant and Indicator Species
Species names are from the NRCS PLANTS database. Check species codes at http://plants.usda.gov.","Vegetation dynamics in dunes and beach meadows are driven by salinity and frequency and duration of inundation, which typically decreases with distance from the shore. In areas of uplift or deposition, the vegetation community will gradually move out of the range of tidal influence allowing plant species with lower salt tolerance to establish. In areas of subsidence or erosion, the exposure to salt water may increase allowing halophytic herbs to regain dominance.

Dune perturbations include eroding coastal bluffs and isolated blowouts. Community self-replacement likely occurs. The disturbance processes on the mesic loamy-sandy substrates are not well documented but likely relate to storm surge events.

These communities are relatively stable over time. However, within the range of spruce, uplift related to isostatic rebound may allow spruce communities to eventually occupy what are now meadow sites (in the southern areas of SE Alaska, where the rate of isostatic rebound is much slower, this may not be so obvious). Conversely, subsidence due to earthquakes has historically had a major impact on coastal areas resulting in drowned forests that eventually develop into tidal flats, marshes, and meadows.
Fire Frequency 
Fire interval is expressed in years for each fire severity class and for all types of fire combined (All Fires). Average FI is the central tendency modeled. Percent of all fires is the percent of all fires modeled in that severity class. Minimum and Maximum FIs show the relative range of fire intervals as estimated by model contributors, if known.","Small to large patch, can be linear.","For mapping, the outer Aleutians and the Gulf of Alaska side of the Alaska Peninsula should be mapped as this BpS, and the more sheltered Bristol Bay side of the Alaska Peninsula should be mapped to the North American Arctic-Subarctic Coastal Dune and Beach BpS.

There is some conceptual overlap between this BpS and the early successional phases of the Alaskan Pacific Sitka Spruce Forest and Beach Ridge - Beach Ridge BpS. The latter is restricted to uplifted terrains.",The state-and-transition model for this BpS is conceptual. There was no information to support the probabilities in the model.,"Recent research has shown that the abundance of graminoids in the Aleutian Islands can be reduced due to a reduction in nutrient inputs from seabird colonies; where seabirds have been impacted by introduced predators, the cover of graminoid species is lower (Croll et al. 2005; Byrd 1984).","10/2021 This description was updated by NatureServe staff and Kori Blankenship based on the updated Ecological Systems classification for Alaska. Edits focused on adjusting the Geographic Range, Biophysical Site Descriptions, and Vegetation Description sections.

In 2021 NatureServe merged Alaskan Pacific Maritime Coastal Meadow and Slough-Levee (16650) and Aleutian American Dunegrass Grassland (16710) into one system called Alaskan Pacific-Aleutian Coastal Dune, Beach, and Beach Meadow. Kori Blankenship merged the BpS concepts into this unified description. BpS 16650 was created by Amy Miller and Karen Dillman and reviewed by Tom DeMeo. BpS 16710 was created by Kori Blankenship and Keith Boggs and reviewed by Jeff Williams. Blankenship also modified the model to include an early successional herbaceous state and a later successional state where shrubs could establish.


Succession Classes

Mapping Rules
Succession class letters A-E are described in the Succession Class Description section. Some classes use a leafform distinction where a qualifier is added to the class letter: Brdl (broadleaf), Con (conifer), or Mix (mixed conifer and broadleaf). UN refers to uncharacteristic native or a combination of height and cover that would not be expected under the reference condition. NP refers to not possible or a combination of height and cover which is not physiologically possible for the species in the BpS.


Description
Class A	50				Early Development 1 - All Structures

Indicator Species

Description
Pioneer herbaceous communities establish. Beach meadows that are exposed to the open ocean are more likely to be buried or flooded compared to inland areas due to the proximity to severe weather in outer coast areas. Pioneer species must tolerate heat, salt spray, low nutrients, and water. Storm surge can deposit sediment and bury existing vegetation.

Maximum Tree Size ClassNone
Class B	50				Late Development 1 - All Structures

Indicator Species

Description
Over time pioneer species build up the foredune and less stress-tolerant species can establish on dunes and back beaches further removed from the ocean. Shrubs, including Alnus rubra and Salix spp., may eventually establish in southeast AK. Wind disturbance is common and isolated blowouts occur. Extreme weather or storm surge events might reset succession.

Maximum Tree Size ClassNone
Model Parameters
Deterministic Transitions
Probabilistic Transitions

Optional Disturbances
Optional 1: storm surge","Boggs, K. 2000. Classification of community types, successional sequences, and landscapes of the Copper River Delta, Alaska. Gen Tech. Rep. PNW-GTR-469. Portland, OR: USDA Forest Service, Pacific Northwest Research Station. 244p.

Byrd, G.V. 1984. Vascular vegetation of Buldir Island, Aleutian Islands, Alaska, compared to another Aleutian island. Arctic 37(1):37-48. 

Comer, P., D. Faber-Langendoen, R. Evans, S. Gawler, C. Josse, G. Kittel, S. Menard, C. Nordman, M. Pyne, M. Reid, M. Russo, K. Schulz, K. Snow, J. Teague, and R. White. 2003-present. Ecological systems of the United States: A working classification of U.S. terrestrial systems. NatureServe, Arlington, VA.

Croll, D.A., J.L. Maron, J.A. Estes, E.M. Danner and G.V. Byrd. 2005. Introduced predators transform subarctic islands from grassland to tundra. Science 307:1959-1961. 

DeVelice, R.L., Hubbard, C.J., Boggs, K. et al. 1999. Plant community types of the Chugach National Forest. Tech. Publ. R10-TP-76. Juneau, AK: USDA Forest Service, Alaska Region. 375 p.

Ritter, D. F. 1986. Process geomorphology. Wm. C. Brown Publishers, Dubuque, Iowa. 579 p. 

Streveler, G.P., Worley, I.A., Terry, C.J. and R.J. Gordon. 1973. Dixon Harbor biological survey: final report on the summer phase of 1973 research. U.S. Dept. Interior, National Park Service, Glacier Bay National Monument. 241 p.

Talbot, S. S. and S.L. Talbot. 1994. Numerical classification of the coastal vegetation of Attu Island, Aleutian Islands, Alaska. Journal of Vegetation Science 5:867-876.

Viereck et al. 1992. The Alaska vegetation classification. Pacific Northwest Research Station, USDA Forest Service, Portland, OR. Gen. Tech. Rep. PNW-GTR286. 278 p.",16650_73_75_76_77_78_80.docx,,,,,
Herbaceous Wetland,"73, 75, 76, 77, 78, 80","This Biophysical Setting (BpS) is lumped with: Temperate Pacific Intertidal Flat (BpS 16690)
Intertidal Flats are modeled with the Tidal Salt and Brackish Marsh because of their successional relationship and because Intertidal Flats may be barren and therefore not mappable as BpS.","This system is found along the North Pacific coastline from Prince William Sound through southeast AK. Its distribution is limited by the lack of area with fine sands and silts, disturbance by sea ice, limited tidal amplitude, low water salinity, short growing season, and low soil temperature (Bliss 1988).","The following paragraph was taken from the draft Boreal Ecological Systems description (NatureServe 2008a): 
Tidal marshes often have sediment inputs from a freshwater source. The surface gradients are flat. Progradation of the tidal marsh front will occur if sedimentation exceeds erosion. Tidal marshes represent the area of transition from maritime to freshwater terrestrial systems and encompass a complex range of plant communities and ecotones including marshes and herbaceous or barren mudflats. They also feature a range of salinity conditions from saline to nearly fresh. (Tidal marshes in large bays with a high volume of freshwater input, such as Nushagak Bay or Turnagain Arm, may be entirely fresh.) Soils are silts and clays and are periodically inundated by tidal fluctuation. The frequency of flooding may vary from twice daily (lower salt marsh) to once per growing season (upper coastal marsh). Tidal marshes have a limited distribution along the Gulf of Alaska and British Columbia coastline due to the topography and geomorphology of the coast, which features steep slopes and deep fjords and offers limited protection from wave action (National Wetland Working Group 1988).

Tidal flats form a narrow band along oceanic inlets and are more extensive at the mouths of larger rivers. Algae are the dominant vegetation on mudflats where little vascular vegetation is present due to the twice daily tidal flooding of salt or brackish water. The dominant processes are tectonic uplift or subsidence, isostatic rebound, and sediment deposition.","The following information was taken from the draft Maritime Ecological Systems description (NatureServe 2008b): 
Coastal marshes are often dominated by a near monotypic stand of Carex lyngbyaei. These sites often form an ecotone with freshwater wetlands (Viereck et al. 1992). Higher salt marshes often feature Carex ramenskii, Poa eminens, Argentina egedii, and Deschampsia caespitosa. Frequently inundated lower salt marshes may feature any of the following species: Puccinellia spp., Salicornia spp., Triglochin maritimum, Plantago maritima, Cochlearia officinalis, Spergularia canadensis, Honckenya peploides, or Glaux maritima (Viereck et al. 1992).
BpS Dominant and Indicator Species
Species names are from the NRCS PLANTS database. Check species codes at http://plants.usda.gov.","Common disturbances in the marsh and mudflat system can include freshwater and tidal flooding, storm surge and ice shove.

The following was taken from the draft Ecological Systems Description (NatureServe 2008a) for this type:
Primary succession on the tidal marsh will progress through a series of stages leading from pioneer species establishing on the newly exposed tide flats to a marsh with creeks, levees, and ponds. Pioneer species such as Cochlearia spp., Triglochin maritimum, Plantago maritima, Puccinellia pumila, and Carex lyngbyaei first establish on the tide flats. The newly established vegetation slows the water, allowing for sediment deposition. Water slowed at the edges of swards causes high rates of deposition, typically of coarser sediments. Less sediment is available for deposition in the middle of the sward or marsh further removed from the channel. These differential accretion rates and stabilization by the vegetation leads to the formation of levees (on the edge of the swards and channels) and ponds. The soil surface will continue to increase relative to the mean high tide because of accretion. Because soil surface height is a function of water height, it eventually equilibrates at or above mean high tide or the height of the backed upriver channels. 

Tidal creeks are formed through a combination of previously established drainage patterns and the coalescing of adjacent swards of vegetation (Steers 1977), primarily Carex lyngbyaei, for regions of the northern Pacific coast. The creeks become more entrenched as the surface height increases. 

The progradation of the marsh front will be partially limited by water depth. As stated by Batten et al. (1978) ""precise leveling done by NOS (National Oceanic Survey) at three study sites (in the Gulf of Alaska) shows that the marshes do not extend far seaward of mean higher high water (MHHW). Generally, only a few tufts of Puccinellia nutkaensis and other halophytes are present at MHHW and transition to the luxuriant stands of Carex lyngbyaei that constitute the bulk of most marshes occurs substantially above this mark.""

In June of 2013 an extensive search was done by Fire Effects Information System staff to locate information for a synthesis on fire regimes of Alaskan coastal herbaceous communities and active inland dunes, with few results (Innes 2013).  The synthesis found no record of fire in Alaskan tidal salt and brackish marshes (Innes 2013). In general, fires in this BpS were likely to be very infrequent due to frequent spray or inundation by water (Drury 1956).

Fire Frequency 
Fire interval is expressed in years for each fire severity class and for all types of fire combined (All Fires). Average FI is the central tendency modeled. Percent of all fires is the percent of all fires modeled in that severity class. Minimum and Maximum FIs show the relative range of fire intervals as estimated by model contributors, if known.",Small patch,,It is unclear what the proportion of the landscape in each class and the disturbance probabilities should be.,"Cotula coronopifolia, an invasive plant that infests tidal flats, is found in large areas of southeast AK. It is suspected to be carried by birds, will likely never be eradicated, and has the potential to invade across the region in time.","During LANDFIRE National this system was created for the AK Maritime region and did not receive review for other regions in the state. The model description was developed based on information from the Ecological Systems description (NatureServe 2008a, NatureServe 2008b). Amy Miller provided input on the description and the state-and-transition model and Karen Dillman reviewed the model.
Succession Classes
Mapping Rules
Succession class letters A-E are described in the Succession Class Description section. Some classes use a leafform distinction where a qualifier is added to the class letter: Brdl (broadleaf), Con (conifer), or Mix (mixed conifer and broadleaf). UN refers to uncharacteristic native or a combination of height and cover that would not be expected under the reference condition. NP refers to not possible or a combination of height and cover which is not physiologically possible for the species in the BpS.


Description
Class A	58				Early Development 1 - All Structures

Indicator Species

Description
Herbaceous Mudflat. This class includes barren or vegetated mudflats. Common species include Cochlearia spp., Triglochin maritimum, Plantago maritima, Puccinellia pumila, and Carex lyngbyei. This class is maintained by annual flooding.

Maximum Tree Size ClassNone
Class B	42				Late Development 1 - All Structures

Indicator Species

Description
Tidal Marsh. Tidal marshes are often dominated by Carex lyngbyei. Higher salt marsh vegetation may include Carex ramenskii, Poa eminens, Argentina egedii, and Deschampsia caespitosa. Frequently inundated lower salt marshes may include any of the following species: Puccinellia spp., Salicornia spp., Triglochin maritimum, Plantago maritima, Cochlearia officinalis, Spergularia canadensis, Honckenya peploides, or Glaux maritima (Viereck et al. 1992). This class is maintained by annual flooding.

Maximum Tree Size ClassNone
Model Parameters
Deterministic Transitions
Probabilistic Transitions

Optional Disturbances
Optional 1: tidal flooding","Batten, A.R., S Murphy, D.F. Murray. 1978. Definition of coastal wetlands by floristic criteria. USEPA no. 804965-01. US Environmental Protection Agency, Corvalis Environmental Research Laboratory, Corvalis, OR. 490 p.

Bliss, L. C. 1988. Arctic tundra and polar desert biome. In: Barbour, Michael G.; Billings, William Dwight, eds. North American terrestrial vegetation. New York: Cambridge University Press: 1-32.

Innes, Robin J. 2013. Fire regimes of Alaskan coastal herbaceous communities and active inland dunes. In: Fire Effects Information System, [Online]. U.S. Department of Agriculture, Forest Service, Rocky Mountain Research Station, Fire Sciences Laboratory (Producer). Available: http://www.fs.fed.us/database/feis/fire_regimes/AK_coastal/all.html [2016, June 28].

National Wetlands Working Group. 1988. Wetlands of Canada. Ecological Land Classification Series No. 24. Sustainable Development Brach, Environment Canada, Ottawa, Ontario, and Polyscience Publications Inc., Montreal, Quebec. 452 pp. 

NatureServe. 2008a. International Ecological Classification Standard: Terrestrial Ecological Classifications. Draft Ecological Systems Description for Alaska Boreal and Sub-boreal Regions.

NatureServe. 2008b. International Ecological Classification Standard: Terrestrial Ecological Classifications. Draft Ecological Systems Description for the Alaska Maritime Region.

Steers, J.A. 1977. Physiography. In: Chapman, V.J. ed. Wet coastal ecosystems. Amsterdam, NY. Elsevier:31-60.

Viereck et al. 1992. The Alaska vegetation classification. Pacific Northwest Research Station, USDA Forest Service, Portland, OR. Gen. Tech. Rep. PNW-GTR286. 278 p.",16680_73_75_76_77_78_80.docx,,,,,
Woody Wetland,"75, 77, 78",,This Biophysical Setting (BpS) is found in alpine environments throughout southeast AK.,"This BpS includes active alpine and subalpine floodplains and consists of a complex of riparian vegetation including gravel bars, herbaceous vegetation, and dwarf, low, or tall shrubs (NatureServe 2008). These are often glacially fed systems that are characterized by high energy flooding, shifting channels, and transport and deposition of alluvium (NatureServe 2008). Tall and low shrubs reach their maximum elevation extent in riparian zones. This may be due to protection from climatic extremes in valley bottoms and the deeper winter snowpack or the favorable growing conditions of the riparian zone. Flooding regime and soil moisture control the pattern of vegetation cover (NatureServe 2008).","Common species occurring in frequently flooded areas include Chamerion latifolium, C. angustifolium, Lupinus nootkatensis, Alnus viridis ssp. sinuata, and Salix alaxensis. Species occurring in more stabilized areas of the floodplain may include Salix reticulata, S. alaxensis, S. stolonifera, Phyllodoce aleutica, Harrimanella stelleriana, Luetkea pectinata, Petasites frigidus, and Sanguisorba canadensis.
BpS Dominant and Indicator Species
Species names are from the NRCS PLANTS database. Check species codes at http://plants.usda.gov.","Frequent flooding is the dominant disturbance factor and serves to maintain the alpine riparian community.
Fire Frequency 
Fire interval is expressed in years for each fire severity class and for all types of fire combined (All Fires). Average FI is the central tendency modeled. Percent of all fires is the percent of all fires modeled in that severity class. Minimum and Maximum FIs show the relative range of fire intervals as estimated by model contributors, if known.","Linear. Alpine floodplain riparian areas tend to be narrow, maybe up to 100ft wide.",This type occurs adjacent to other alpine herbaceous and shrub communities.,"This system is represented by a one-box model because the successional dynamics are unclear and it is unlikely that seral stages could be identified for mapping, even if defined, due to the narrow, linear nature of this community.

Some feedback from southeast AK experts indicated that this BpS was uncommon or too small for mapping. Mapping its component parts might be more feasible.",,"This model was developed based on the draft Maritime Ecological Systems description (NatureServe 2008) and input from Rick Turner. Alpine floodplains were treated differently in the AK Sub-Boreal region where a lower and a higher elevation alpine floodplain were modeled. Due to lack of information and the narrow, linear nature of this system in southeast AK, a one-box model is used to represent all alpine floodplains in the AK Maritime region. A reviewer suggested that this model should have herbaceous and shrub seral stages but did not recommend changing the model because it was probable that this type could not be mapped.

Flooding (represented by Option 1) is included in the state-and-transition simulation model to represent this important disturbance, but its probability (.1) is only included as a placeholder. Some flooding occurs annually but flood frequency and severity varies by location.

Succession Classes
Mapping Rules
Succession class letters A-E are described in the Succession Class Description section. Some classes use a leafform distinction where a qualifier is added to the class letter: Brdl (broadleaf), Con (conifer), or Mix (mixed conifer and broadleaf). UN refers to uncharacteristic native or a combination of height and cover that would not be expected under the reference condition. NP refers to not possible or a combination of height and cover which is not physiologically possible for the species in the BpS.


Description
Class A	100				Mid Development 1 - All Structures

Indicator Species

Description
This class represents the Alpine Floodplain community. Species composition is variable. See the Vegetation Description for a list of common species.

This community will persist under appropriate hydrological conditions. 

Maximum Tree Size ClassNone
Model Parameters
Deterministic Transitions
Probabilistic Transitions

Optional Disturbances
Optional 1: Flooding",NatureServe. 2008. International Ecological Classification Standard: Terrestrial Ecological Classifications. Draft Ecological Systems Description for the Alaska Maritime Region.,16760_75_77_78.docx,,,,,
Forest and Woodland,"75, 77",,This Biophysical Setting (BpS) occurs primarily in the Kenai and Chugach Mountains.,"This BpS occurs on sideslopes and rolling terrain in the Kenai and Chugach Mountains and represents a transition from maritime forests to southcentral boreal forests. Soils are mesic and derived from colluvium, glacial deposits, or residual bedrock.","Picea glauca (more common on the northern part of the Kenai Peninsula) or Picea X lutzii (the hybrid produced where the ranges of P. sitchensis and P. glauca overlap; more common on the central and western portions of the Kenai Peninsula) and Tsuga mertensiana are the dominant conifers. T. mertensiana has at least 15% cover. Other tree species that may be present include Betula papyrifera var. kenaica and Populus balsamifera. 

Common shrubs include Menziesia ferruginea, Alnus viridis ssp. Sinuata, Vaccinium ovalifolium, Oplopanax horridus, Vaccinium vitis-idaea, Rubus pedatus and Linnaea borealis. Common herbaceous species include Equisetum arvense, Dryopteris expansa and Gymnocarpium dryopteris. Common mosses include Hylocomium splendens and Pleurozium schreberi. Plant communities in this BpS are described by DeVelice et al. (1999).

BpS Dominant and Indicator Species
Species names are from the NRCS PLANTS database. Check species codes at http://plants.usda.gov.","The major disturbance processes in this system are fire, human disturbance, blowdown, avalanches, and insect infestations. Although lightning and natural fires have historically been infrequent, wildfire plays an important role in the disturbance regime of this system. Under the natural fire regime, fires were infrequent, but large. Estimates of the mean fire return interval range (MFRI) are from 600-800yrs (Berg and Anderson 2006, Potkin 1997 unpubl.). This model includes an overall fire return interval of 800yrs.

Spruce beetle (Dendroctonus rufipennis) infestations are a major natural disturbance of spruce forest in southcentral AK. While the spruce component in this BpS is impacted by spruce beetles, the hemlock is not. The major affect of spruce beetle is that they create openings in dense forest cover. Forests of the Kenai Peninsula have experienced periodic beetle infestations which occasionally rise to epidemic proportions. A major infestation, which began in 1987, impacted 429,000ha on the Kenai Peninsula (USDA Forest Service 2004; Rude, Kenai Peninsula Spruce Bark Beetle Mitigation Program, unpublished data) out of 772,000ha of total forested area (van Hees and Larson 1991). 
Fire Frequency 
Fire interval is expressed in years for each fire severity class and for all types of fire combined (All Fires). Average FI is the central tendency modeled. Percent of all fires is the percent of all fires modeled in that severity class. Minimum and Maximum FIs show the relative range of fire intervals as estimated by model contributors, if known.",Matrix,"This system is similar to Alaska Sub-boreal White Spruce Forest but has at least 15% cover Tsuga Mertensiana. Within the Kenai Mountains, this BpS occurs above the Kenai White Spruce Forest and below the Mountain Hemlock Forest.",,"The following information was taken from the Coastal Boreal Transition Forest FRCC Guidebook model description (Murphy and Witten 2006):
The present landscape of the western Kenai Peninsula reflects human-caused fires that occurred over the last 100yrs, creating areas of early successional plant communities, which include large stands of broadleaved forests (Potkin 1997). Over 99% of the fires occurring on the Kenai Peninsula portion of the Chugach National Forest between 1914 and 1997 were ignited by human actions (Potkin 1997). These human-caused fires have generally increased the richness and patchiness of the vegetation at the landscape scale (USDA Forest Service 2002). The large number of acres burned on the Kenai Peninsula during settlement caused conversion of some mature spruce stands to grass, brush and broadleaf tree vegetation types. Prior to the settlement period of the late 1800s, the majority of the age structures of the coniferous forest surveyed by Potkin (1997) were likely in the late successional stages (Langille 1904 in Potkin 1997) and conifers were likely dominant.","Tina Boucher and Kori Blankenship based this model on the FRCC Guidebook PNVG model for Coastal Boreal Transition Forest (CBTF; Murphy and Witten 2006). The MFRI was increased from the CBFT model based on input from the experts who attended the LANDFIRE Anchorage modeling meeting (Dec. 07). Class ages were adjusted slightly to make them line up along the main successional pathway and the relative age function was not used in any class except Class A to comply with LANDFIRE modeling rules. Beth Schulz reviewed an initial draft of this model. Tina Boucher reviewed a later draft and suggested that this system would be mostly in the closed canopy classes under reference conditions. Alternate succession pathways were added to classes C and D to allow for recovery and closure of the canopy following insect attacks.

Succession Classes
Mapping Rules
Succession class letters A-E are described in the Succession Class Description section. Some classes use a leafform distinction where a qualifier is added to the class letter: Brdl (broadleaf), Con (conifer), or Mix (mixed conifer and broadleaf). UN refers to uncharacteristic native or a combination of height and cover that would not be expected under the reference condition. NP refers to not possible or a combination of height and cover which is not physiologically possible for the species in the BpS.


Description
Class A	2				Early Development 1 - All Structures

Indicator Species

Description
Herbaceous vegetation, shrubs, and saplings dominate this class. Following a moderate severity burn, shrubs (e.g., Menziesia ferruginea, Alnus viridis ssp. sinuata, Vaccinium ovalifolium and Oplopanax horridus) reproduce vegetatively from shoots and suckers. Light-seeded herbs establish where mineral soil is exposed (e.g., Chamerion angustifolium and Equisetum arvense). Birch seeds in on mineral soil if there is a seed source. White and Lutz spruce seedlings are rare, but may be present if mineral soil was exposed, seed trees remained after fire, and they produced a good seed crop (Foote 1983). Later in this class, dense tall shrubs (Alnus spp. and Salix spp.) and/or saplings are in the overstory, with herbs, tree seedlings, and litter below. Mosses and lichens exist but are not an important component. 

Maximum Tree Size ClassSeedling/Sapling <5""
Class B	20				Mid Development 1 - Closed

Indicator Species

Description
Hardwood, spruce-hemlock or spruce-hemlock-hardwood forest dominates. Tree saplings gain canopy dominance over shrubs. Menziesia ferruginea, Alnus viridis ssp. sinuata, Vaccinium ovalifolium, Oplopanax horridus, Vacciniun vitis-idaea and Linnaea borealis are commonly in the understory. Mosses and lichens become established.

Maximum Tree Size ClassPole 5–9"" (swd)/5–11"" (hwd)
Class C	6				Mid Development 1 - Open

Indicator Species

Description
Hardwood, spruce-hemlock, or spruce-hemlock-hardwood forest dominates. Young trees become dominant in the overstory. Menziesia ferruginea, Alnus viridis ssp. sinuata, Vaccinium ovalifolium, Oplopanax horridus, Vaccinium vitis-idaea and Linnaea borealis are commonly in the understory. Lichens and mosses become established.

If this class originates from an insect attack that has thinned the spruce to open up the canopy, the canopy will often close up as the remaining overstory trees expand their canopies and understory trees grow into the canopy. This pathway is represented by alternate succession to Class B.

Maximum Tree Size ClassPole 5–9"" (swd)/5–11"" (hwd)
Class D	27				Late Development 1 - Open

Indicator Species

Description
Open spruce-hemlock forest with < 60% canopy closure. Hardwoods, if present and mixed with spruce, lose dominance in the overstory during this phase. Occasional hardwoods may remain. The understory may include various combinations of tall shrubs, low shrubs, herbs, mosses and lichens.

If this class originates from an insect attack that has thinned the spruce to open up the canopy, the canopy will often close up as the remaining overstory trees expand their canopies and understory hemlocks grow into the canopy. This pathway is represented by alternate succession to Class E.

Maximum Tree Size ClassMed. 9–20"" (swd)/11–20"" (hwd)
Class E	45				Late Development 1 - Closed

Indicator Species

Description
Closed spruce-hemlock forest with > 60% canopy closure. Hardwoods, if present and mixed with spruce, lose dominance in overstory during this phase. The understory may include various combinations of tall shrubs, low shrubs, herbs, mosses and lichens.

Maximum Tree Size ClassMed. 9–20"" (swd)/11–20"" (hwd)
Model Parameters
Deterministic Transitions
Probabilistic Transitions","Berg, E. 2004. White spruce fire history on the Kenai Peninsula, Alaska, based on radiocarbon-dated soil charcoal. Unpublished manuscript. Kenai National Wildlife Refuge, AK. 

Berg, E. and R.S. Anderson. 2006. Fire history of white and Lutz spruce forests on the Kenai Peninsula, Alaska, over the last two millennia as determined from soil charcoal. For. Ecol. Man 227: 275-283. 

Comer, P., D. Faber-Langendoen, R. Evans, S. Gawler, C. Josse, G. Kittel, S. Menard, C. Nordman, M. Pyne, M. Reid, M. Russo, K. Schulz, K. Snow, J. Teague, and R. White. 2003-present. Ecological systems of the United States: A working classification of U.S. terrestrial systems. NatureServe, Arlington, VA.

DeVelice, R.L., Hubbard, C.J., Boggs, K. et al. 1999. Plant community types of the Chugach National Forest. Tech. Publ. R10-TP-76. Juneau, AK: USDA Forest Service, Alaska Region. 375 pp.

Foote, J.M. 1983. Classification, description, and dynamics of plant communities after fire in the taiga of interior Alaska. Res. Pap. PNW-307. Portland, OR. USDA Forest Service. Pacific Northwest Research Station. 108 pp.

Holsten, E.H., Werner, R.A. and R.L. DeVelice.1995. Effects of a spruce beetle (Coleoptera: Scolytidae) outbreak and fire in Lutz spruce in Alaska. Environmental Entomology. 24(6): 1539-1547. 

Murphy, K.A. and E. Witten. 2006. Coastal Boreal Transition Forest. In Fire Regime Condition Class (FRCC) Interagency Guidebook Reference Conditions. Available at www.frcc.gov.

Potkin, M. 1997. Fire history disturbance study of the Kenai Peninsula mountainous portion of the Chugach National Forest. Draft. USDA Forest Service, Chugach National Forest. December 5, 1997. Anchorage, AK.

Rude, M. Kenai Peninsula Spruce Bark Beetle Mitigation Program, unpublished data. 

USDA Forest Service. 2002. Revised land and resource management plan, final 
environmental impact statement. Alaska Region Chugach National Forest. R10-MB-480d, May 2002. 

USDA Forest Service. 2004. Forest insect and disease conditions in Alaska in 2003. USDA Forest Service, Forest Pest Management Tech. Rep. R10-TP-123, Anchorage, AK. 

Van Hees, W.W.S. and F.R. Larson. 1991. Timberland resources of the Kenai Peninsula, Alaska, 1987. U.S. For. Ser. Resour. Bull. PNW-RB-180. Portland, Oregon. 56 pp.

Viereck, L.A. 1979. Characteristics of treeline plant communities in Alaska. Holarctic Ecology. 2: 228-238.",16780_75_77.docx,,,,,
Forest and Woodland,"73, 74, 75, 76, 77, 78, 80",,This Biophysical Setting (BpS) occurs throughout the boreal transition region of Alaska and is commonly found on the Kenai Peninsula.,"This BpS occurs on well-drained upland terrain. Soils generally develop on surficial deposits including glacial till, colluvium, and loess. Forested sites that are hardwood-dominated are more common at low elevations and at the upper elevational limit of broad-leaved trees. At low elevations this system is found predominantly on gentle lower hillslopes, side slopes, toe slopes, large moraines, and inactive riparian terraces, although floodplain stands of cottonwood are not included in this system. In Katmai National Park and Preserve, the system occurs between 19- and 286-meters elevation mostly on slopes and valley bottoms (Boggs et al. 2003).","Picea glauca or Picea x lutzii (the hybrid produced where the ranges of Picea sitchensis and Picea glauca overlap) are the dominant conifers. Other tree species include Betula neoalaskana, which may be codominant with Picea glauca, Populus balsamifera ssp. trichocarpa, P. balsamifera ssp. balsamifera, and/or Populus tremuloides. Picea mariana may also be present. Betula papyrifera var. kenaica may replace Alaska birch towards the boreal-temperate transition. Total hardwood tree species cover is >25% on hardwood-dominated sites. Tree height ranges from 6 to 21 meters. Salix scouleriana is locally common. 

Common understory shrubs include Alnus viridis ssp. sinuata, Viburnum edule, Rosa acicularis, Ribes triste, Vaccinium vitis-idaea, Linnaea borealis, Salix barclayi, Rubus spectabilis, and Sambucus racemosa. Menziesia ferruginea, Vaccinium ovalifolium and Oplopanax horridus may also be common, especially in spruce-dominated sites.

Herbaceous species may also dominate the understory. Common herbaceous species include Athyrium filix-femina, Calamagrostis canadensis, Chamerion angustifolium, Gymnocarpium dryopteris, Heracleum maximum, Cornus canadensis, and, especially in spruce-dominated sites, Equisetum spp. and Dryopteris expansa. Common mosses include Hylocomium splendens and Pleurozium schreberi (DeVelice et al. 1999).
BpS Dominant and Indicator Species
Species names are from the NRCS PLANTS database. Check species codes at http://plants.usda.gov.","The major disturbance processes are fire, insect infestations and diseases, blowdown, landslides, and (in the Kenai Mountains) snow avalanches. Windthrow gap disturbances are important in both spruce and hemlock recruitment in these forests (Potkin 1997). 

Although lightning and natural fires have historically been infrequent and rare in the region, wildfire plays an important role in the disturbance regime of this system (Comer et al. 2003). Under the natural fire regime, fires were infrequent, but could be very large (USDA Forest Service 2002). Estimates of the mean fire return interval range from 600-800 years (Berg and Anderson 2006; Berg et al. 2004; Potkin 1997; personal communication FRCC experts’ workshop March 2004). White spruce is typically killed by fire (Abrahamson 2015). Post-fire regeneration of white spruce appears to be more successful when fires occur in mast years (Peters et al. 2005). This interaction between fire, masting, and subsequent tree regeneration could have implications for historical stand structure and successional dynamics over time (Peters et al. 2005).

In 2014, an extensive literature search was done by Fire Effects Information System staff to locate information for a synthesis on fire regimes of Alaskan white spruce communities (Abrahamson 2014). According to this synthesis: “Most historical and paleological evidence suggests that subboreal white spruce communities on the Kenai Peninsula burned infrequently [Berg and Anderson 2006, Boucher 2003, Potkin 1997]. Soil charcoal data from the western Kenai Peninsula suggest that upland white spruce and Lutz spruce forests have not burned for an average of 600 years. Across 22 sites, time-since-fire ranged from 90 to ~1,500 years. Over the last ~2,500 years, the mean fire-return interval was 515 ± 355, with intervals ranging from 105 to 1,642 years [Berg and Anderson 2006].”  However, research is indicating a shorter fire return interval based on warmer average summer temperatures and lower annual precipitation (Young et al. 2017) indicating a higher wildfire frequency especially in the forest-tundra boundary.  

Spruce bark beetle (Dendroctonus rufipennis) infestations are a major natural disturbance of sub-boreal spruce and spruce-hardwood forests. Spruce beetles typically attack larger, slow-growing spruce, but infestations periodically escalate to epidemic levels when forest and climatic conditions are favorable for beetle expansion (NatureServe 2008). During epidemic-level infestations, beetles are less selective and may attack and kill a wider range of spruce trees. Beetle outbreaks that thin stands and produce a growth release in surviving trees occur on average every 50yrs in white and Lutz spruce forests on the Kenai Peninsula (Berg et al 2006). Spruce bark beetle outbreaks that produce a more substantial thinning occur at longer intervals, with the last two severe infestations occurring in the 1870s-1880s and 1987–present (Berg et al 2006). The bark beetle outbreak that began in 1987 on the Kenai Peninsula has killed over 1.3 million acres of spruce (USDA Forest Service 2002). Berg (2004) found no association between spruce bark beetle mortality and fire in the past. In south-central and southwest Alaska, Sheriff and others (2011) reported a 10-to-165-year interval between outbreaks and an average of 48 years based on a 250-year record. 

When the canopy of these forests is thinned by heavy spruce bark beetle-mortality, bluejoint grass (Calamagrostis canadensis) and fireweed (Epilobium angustifolium) tend to increase rapidly and dominate the site for at least 10 years (Holsten et al. 1995). Calamagrostis may proliferate rapidly from its pre-disturbance low level network of rhizomatous roots and may develop into a thick, seedling-excluding sod within a few years (Berg et al 2006). Boucher (2003) found that rapid spread of Calamagrostis occurs primarily on sites with deep, loamy soils. Thinning of the spruce canopy by beetle attacks also helps to maintain hardwoods in the canopy over time.

Fire Frequency 
Fire interval is expressed in years for each fire severity class and for all types of fire combined (All Fires). Average FI is the central tendency modeled. Percent of all fires is the percent of all fires modeled in that severity class. Minimum and Maximum FIs show the relative range of fire intervals as estimated by model contributors, if known.","Matrix, small or large patch",,"There is little scientific literature about fire regimes in Alaskan white spruce communities (Abrahamson 2014). However, Roland et al. (2019) includes a comparison of two coniferous systems in Interior Alaska that may be helpful for white spruce communities (not Lutz spruce).","The present landscape of the western Kenai Peninsula reflects human-caused fires that occurred over the last 100 years, creating areas of early successional plant communities, which include large stands of broadleaved forests (Potkin 1997). Over 99% of the fires occurring on the Kenai Peninsula portion of the Chugach National Forest between 1914 and 1997 were ignited by human actions (Potkin 1997). These human-caused fires have generally increased the richness and patchiness of the vegetation at the landscape scale (USDA Forest Service 2002). The large number of acres burned on the Kenai Peninsula during settlement caused conversion of some mature spruce stands to grass, brush, and broadleaf tree vegetation types. Prior to the settlement period of the late 1800s, the majority of the age structures of the coniferous forest surveyed by Potkin (1997) were likely in the late successional stages (Langille 1904 in Potkin 1997) and conifers were likely dominant. 

Following spruce bark beetle outbreaks on the Kenai Peninsula grass and other fine vegetation increased (Holsten et al 1995). Fire spreads rapidly through this type of vegetation; indeed, the majority of fires (most of which were human caused) on the Kenai Peninsula portion of the Chugach National Forest between 1914 and 1997 occurred in grassy vegetation (Potkin 1997). Standing and downed beetle killed trees increase the amount of both fine, flashy fuels and heavy fuels. Spruce bark beetle outbreaks may be increasing in frequency and severity in southcentral Alaska due to the warming climate. Berg et al. (2006) found that recent outbreaks on the Kenai peninsula were positively associated with average summer temperature in the preceding years. If this is true, current patterns of beetle attack and current fire regimes are likely atypical of reference conditions for this type.","Reviewers noted that information on spruce bark beetle should be updated in the Disturbance Section and that the Region 10 - Forest & Grassland Health report is a good resource for more current information than is currently in this description.

10/2021 This description was updated by NatureServe staff and Kori Blankenship based on the updated Ecological Systems classification for Alaska. Edits focused on adjusting the Geographic Range, Biophysical Site Descriptions, and Vegetation Description sections.

For LANDFIRE National this model did not receive review specifically for z76. This model was based on the FRCC Guidebook Potential Natural Vegetation Group model for Coastal Boreal Transition Forest (CBTF) (Murphy and Witten 2006). Disturbances with a probability of .0001 (i.e. 10,000 year return interval) were removed from the model because their effect is insignificant in a 1000 year simulation. Class ages were adjusted slightly to make them line up along the main successional pathway, and the relative age function was not used in any class except Class A to comply with LANDFIRE modeling rules. These changes did not change the fire return intervals or the percent of the landscape in each class. Because only minor changes were made to the CBTF VDDT model, its original authors are included as contributors to this model, and Kori Blankenship's name was added. Much of the text in the General Information section of this description was taken from the draft Boreal Ecological Systems legend (NatureServe 2008).

Succession Classes

Mapping Rules
Succession class letters A-E are described in the Succession Class Description section. Some classes use a leafform distinction where a qualifier is added to the class letter: Brdl (broadleaf), Con (conifer), or Mix (mixed conifer and broadleaf). UN refers to uncharacteristic native or a combination of height and cover that would not be expected under the reference condition. NP refers to not possible or a combination of height and cover which is not physiologically possible for the species in the BpS.


Description
Class A	3				Early Development 1 - All Structures

Indicator Species

Description
Post disturbance regeneration: herbaceous to tall shrub-sapling. Following a moderate severity burn, vegetative reproduction of shrubs and birch and aspen from shoots and suckers. Light-seeded herbs establish where mineral soil is exposed. White and Lutz spruce seedlings are rare, but may be present if mineral soil was exposed, seed trees remained after fire, and they produced a good seed crop (Foote 1983). Following severe fire on loamy soil, Calamagrostis may spread rapidly from rhizomes and capture a large percentage of the site (Boucher 2003). Mosses and lichens exist but are not an important component. If Calamagrostis captures the site, it may persist throughout this class but may become less dominant within 20yrs (Schulz 2000).

Common shrubs include Menziesia ferruginea, Alnus viridis ssp. sinuata, Vaccinium ovalifolium, Oplopanax horridus, Vaccinium vitis-idaea and Linnaea borealis. Common herbaceous species include Calamagrostis canadensis, Equisetum arvense, Dryopteris expansa and Gymnocarpium dryopteris.

More open sites are represented by an alternate succession pathway.


Maximum Tree Size ClassSeedling/Sapling <5""
Class B	12				Mid Development 1 - Closed

Indicator Species

Description
Closed conifer, hardwood, or mixed. Tree saplings gain canopy dominance over shrubs. Tree species may include spruce, hardwoods, or both. Rosa acicularis, Equisetum spp., and Linnaea borealis are commonly in the understory. Mosses and lichens become established.


Maximum Tree Size ClassPole 5–9"" (swd)/5–11"" (hwd)
Class C	14				Mid Development 1 - Open

Indicator Species

Description
Open conifer, hardwood, or mixed. Young trees become dominant in the overstory. Calamagrostis, if dominant in Class A, diminishes in importance. Rosa acicularis, Equisetum spp., and Linnea borealis are commonly in the understory. Lichens and mosses become established.


Maximum Tree Size ClassPole 5–9"" (swd)/5–11"" (hwd)
Class D	64				Late Development 1 - Open

Indicator Species

Description
Open conifer, open spruce, hardwood, or mixed stands with tree density < 60%. Hardwoods, if present and mixed with spruce, lose dominance in overstory during this phase. Occasional hardwoods may remain. The understory may include various combinations of tall shrubs, low shrubs, herbs, mosses, and lichens.


Maximum Tree Size ClassLarge 20"" – 40""
Class E	7				Late Development 1 - Closed

Indicator Species

Description
Closed conifer, hardwood, or mixed. Site is dominated by mature conifers with > 60% canopy closure. Hardwoods, if present and mixed with spruce, lose dominance in overstory during this phase. The understory may include various combinations of tall shrubs, low shrubs, herbs, mosses, and lichens.

Maximum Tree Size ClassLarge 20"" – 40""
Model Parameters
Deterministic Transitions
Probabilistic Transitions","Abrahamson, Ilana L. 2014. Fire regimes of Alaskan white spruce communities. In: Fire Effects Information System, [Online]. U.S. Department of Agriculture, Forest Service, Rocky Mountain Research Station, Fire Sciences Laboratory (Producer). Available: http://www.fs.fed.us/database/feis/fire_regimes/AK_white_spruce/all.html [2016, October 20].

Abrahamson, Ilana. 2015. Picea glauca, white spruce. In: Fire Effects Information System, [Online]. U.S. Department of Agriculture, Forest Service, Rocky Mountain Research Station, Fire Sciences Laboratory (Producer). Available: http://www.fs.fed.us/database/feis/plants/tree/picgla/all.html [2016, October 20].

Bellante, G.; Boucher, T.; Charnon, B.; Goetz, W.; Homan, K.; Pan, C.; Pugh, N.; Megown, K; Schrader, B.; Schulz, B.; Wittwer, D. 2020. Kenai Peninsula Existing Vegetation Map Project. GTAC-10209-RPT1. Salt Lake City, UT: U.S. Department of Agriculture, Forest Service, Geospatial Technology and Applications Center. 39 p.

Berg, E. 2004. White spruce fire history on the Kenai Peninsula, Alaska, based on radiocarbon-dated soil charcoal. Unpublished manuscript. Kenai National Wildlife Refuge, Alaska. 

Berg, E.E., J.D. Henry, C.L. Fastie, A.D. De Volder and S.M. Matsuoka. 2006. Spruce beetle outbreaks on the Kenai Peninsula, Alaska, and Kluane National Park and Reserve, Yukon Territory: Relationship to summer temperatures and regional differences in disturbance regimes. For. Ecol. Man. 227(3):219-232.

Berg, E. and R.S. Anderson. 2006. Fire history of white and Lutz spruce forests on the Kenai Peninsula, Alaska, over the last two millennia as determined from soil charcoal. For. Ecol. Man 227: 275-283. doi:10.1016/j.foreco.2006.02.042

Boggs, K., S. C. Klein, J. Grunblatt and B. Koltun. 2003. Landcover classes, ecoregions and plant associations of Katmai National Park and Preserve. Alaska Natural Heritage Program, Environment and Natural Resources Institute, University of Alaska Anchorage, 707 A Street, Anchorage, AK 99501. 274 p. 

Boucher, T.V. 2003. Vegetation response to prescribed fire in the Kenai Mountains, Alaska. Res. Pap. PNW-RP-554. Portland, OR: USDA Forest Service, Pacific Northwest Research Station. 59 p.

Comer, P., D. Faber-Langendoen, R. Evans, S. Gawler, C. Josse, G. Kittel, S. Menard, C. Nordman, M. Pyne, M. Reid, M. Russo, K. Schulz, K. Snow, J. Teague, and R. White. 2003-present. Ecological systems of the United States: A working classification of U.S. terrestrial systems. NatureServe, Arlington, VA. 

DeVelice, R.L., Hubbard, C.J., Boggs, K. et al. 1999. Plant community types of the Chugach National Forest. Tech. Publ. R10-TP-76. Juneau, AK: USDA Forest Service, Alaska Region. 375 p.

Foote, J. M. 1983. Classification, description, and dynamics of plant communities after fire in the taiga of interior Alaska. Res. Pap. PNW-307. Portland, OR. USDA Forest Service. Pacific Northwest Research Station. 108 p. 

Holsten, E.H., R.A. Werner and R.L. DeVelice. 1995. Effects of spruce beetle (Coleoptera: Scolytidae) outbreak and fire on Lutz spruce in Alaska. Environmental Entomology 24(6): 1539-1547.

Murphy, K.A. and E. Witten. 2006. Coastal Boreal Transition Forest. In Fire Regime Condition Class (FRCC) Interagency Guidebook Reference Conditions. Available at www.frcc.gov.

Peters, V.S., S.E. Macdonald and M.R.T. Dale. 2005. The interaction between masting and fire is key to white spruce regeneration. Ecology 86(7): 1744-1750.

Potkin, M. 1997. Fire history disturbance study of the Kenai Peninsula mountainous portion of the Chugach National Forest. Draft. USDA Forest Service, Chugach National Forest. December 5, 1997. Anchorage, Alaska

Ritter, D. F. 1986. Process geomorphology. Wm. C. Brown Publishers, Dubuque, Iowa. 579 p.

Roland, C. A., J. H. Schmidt, S. G. Winder, S. E. Stehn, and E. F. Nicklen. 2019. Regional variation in interior Alaskan boreal forests is driven by fire disturbance, topography, and climate. Ecological Monographs 89(3):e01369. 10.1002/ecm.1369

Rowe, J.S. 1972. Forest Regions of Canada. Canadian Forest Service, Department of Environment. Ottawa. Inform. Can. Catalogue #FO 47-1300.

Rude, M. Kenai Peninsula Spruce Bark Beetle Mitigation Program, unpublished data 

Schulz, B. 2000. Resurrection Creek Permanent Plots Revisited. USDA Forest Service, Forest Health Protection, Alaska Region, Anchorage, AK. Technical report R10-TP-89. 14 p.

Sherriff, R. L.; Berg, E. E.; Miller, A. E. 2011. Climate variability and spruce beetle (Dendroctonus rufipennis) outbreaks in south-central and southwest Alaska. Ecology. 92(7): 1459-1470.

USDA Forest Service. 2004. Forest insect and disease conditions in Alaska in 2003. U.S. For. Ser., For. Pest Manage. Tech. Rep. R10-TP-123, Anchorage, Alaska. 

USDA Forest Service. 2002. Final Environmental Impact Statement, Chugach National Forest
Land Management Plan Revision. Available at: http://www.fs.fed.us/r10/chugach/forest_plan/feis_docs.html.

Van Hees, W.W.S. and F.R. Larson. 1991. Timberland resources of the Kenai Peninsula, Alaska, 1987. U.S. For. Ser. Resour. Bull. PNW-RB-180. Portland, Oregon. 56 p. 

Viereck, L.A., C.T. Dyrness, A.R. Batten and K.J. Wenzlick. 1992. The Alaska vegetation classification. Pacific Northwest Research Station, USDA Forest Service, Portland, OR. Gen. Tech. Rep. PNW-GTR286. 278 p.

Werner, R.A., E.H. Holsten, S.M. Matsuoka and R.E. Burnside. 2006. Spruce beetles and forest ecosystems in south-central Alaska: A review of 30 years of research. Forest Ecology and Management. 227(3):195-206.

Yarie J. 1983. Forest community classification of the Porcupine River drainage, interior Alaska, and its application to forest management. USDA Forest Service GTR PNW-154.

Yarie J. 1981. Forest fire cycles and life tables – a case study from interior Alaska. Can. J Forest Res. 11:554-562.

Young, A.M, Higuera, P., Duffy, P.A. and Feng Sheng Hu. 2017.  Climatic thresholds shape northern high-latitude fire regimes and imply vulnerability to future climate change.  Ecography.  40 (5):  666-617.  https://doi.org/10.1111/ecog.02205.",16790_73_74_75_76_77_78_80.docx,,,,,
Shrubland,"74, 75, 77, 78",,"This Biophysical Setting (BpS) is found on steep mountain slopes from Kodiak Island, south through southeast AK, and into British Columbia.",Avalanche slopes occur from sea level to treeline where mountain slopes are steep enough to produce frequent snow slides and other large-scale mass wasting zones preventing forest development. Upper avalanche slopes typically have a slope angle of at least 70% but the lower slopes and run-out zones may be much less steep. Soils are shallow and skeletal and are underlain by colluvium and glacial till (NatureServe 2008a).,"The following information was taken from the draft Maritime Ecological Systems description (NatureServe 2008b): 
Sites are usually dominated by Alnus viridis ssp. sinuata and Rubus spectabilis. Other shrubs may include Sambucus racemosa, Salix alaxensis, S. barclayi, and Oplopanax horridus. Herbaceous patches are common and are dominated by Calamagrostis canadensis and Chamerion angustifolium. Other common herbs include Athyrium filix-femina, Veratrum viride, Heracleum maximum, Streptopus amplexifolius, and Aruncus dioicus (DeVelice et al. 1999; Viereck et al. 1992). Near tree line, forb-sedge meadows replace Calamagrostis spp. meadows. Tree seedlings and saplings may be abundant on some slopes but do not emerge as an overstory due to frequent disturbance.
BpS Dominant and Indicator Species
Species names are from the NRCS PLANTS database. Check species codes at http://plants.usda.gov.","This system represents a topoedaphic climax maintained by frequent soil movement disturbance (Viereck et al. 1992). Snow avalanche is the dominant disturbance but mass wasting, including debris avalanches, rock fall, and soil creep, also contributes to the disturbance cycle. Severe slides, often with a debris component, may break branches, bury, or kill shrubs, but recolonization through resprouting is usually rapid. On sites with a less frequent avalanche cycle, trees may temporarily dominate the overstory. Herbaceous seres may be present on sites with very frequent avalanche cycles. Fire does not play an important role in the structure or function of this BpS.
Fire Frequency
Fire interval is expressed in years for each fire severity class and for all types of fire combined (All Fires). Average FI is the central tendency modeled. Percent of all fires is the percent of all fires modeled in that severity class. Minimum and Maximum FIs show the relative range of fire intervals as estimated by model contributors, if known.",Large patch,"This system is similar in species composition to the Alaskan Pacific Maritime Subalpine Alder-Salmonberry Shrubland, but it occurs below the subalpine zone and tree growth is limited by avalanche frequency rather than elevation and temperature as in the subalpine system (NatureServe 2008). 

Though avalanche slopes can occur from alpine to lower slopes, this model excludes the avalanche slopes above treeline—these would be included in other systems according to vegetation type: Alaskan Pacific Maritime Subalpine Alder-Salmonberry Shrubland, Alaskan Pacific Maritime Alpine Herbaceous Dwarf Shrubland, etc.",,,"This model was developed during LANDFIRE National by Tom DeMeo for the Maritime region of Alaska. Review comments resulted in minor descriptive changes.
Succession Classes
Mapping Rules
Succession class letters A-E are described in the Succession Class Description section. Some classes use a leafform distinction where a qualifier is added to the class letter: Brdl (broadleaf), Con (conifer), or Mix (mixed conifer and broadleaf). UN refers to uncharacteristic native or a combination of height and cover that would not be expected under the reference condition. NP refers to not possible or a combination of height and cover which is not physiologically possible for the species in the BpS.


Description
Class A	31				Early Development 1 - All Structures

Indicator Species

Description
Forbs, shrubs, and deciduous trees resprout immediately following disturbance, but herbaceous vegetation dominates in early succession. Herbaceous patches are often dominated by Calamagrostis canadensis and Chamerion angustifolium; other common herbs include Athyrium filix-femina, Veratrum viride, Heracleum maximum, Streptopus amplexifolius, and Aruncus dioicus (DeVelice et al. 1999; Viereck et al. 1992). 

Maximum Tree Size ClassSeedling/Sapling <5""
Class B	69				Late Development 1 - All Structures

Indicator Species

Description
Shrubs can become established at the edges or the bottom of the chutes. The dominant shrubs species are typically Alnus viridis ssp. Sinuata and Rubus spectabilis; but other shrubs including Sambucus racemosa, Salix alaxensis, S. barclayi, and Oplopanax horridus may be common. Tree seedlings and saplings may be common on some slopes but typically do not emerge as an overstory due to frequent avalanches. On sites where avalanche activity is less frequent, trees can occasionally emerge temporarily in the overstory.

Maximum Tree Size ClassSeedling/Sapling <5""
Model Parameters
Deterministic Transitions
Probabilistic Transitions

Optional Disturbances
Optional 1: Avalanche/Mass movement","DeVelice, R., C. Hubbard, K. Boggs, S. Boudreau, M. Potkin, T. Boucher, and C. Wertheim. 1999. Plant community types of the Chugach National Forest: Southcentral Alaska. U.S.D.A., Forest Service: Chugach National Forest, Alaska Region, Anchorage, Alaska. Tech. Pub. R10-TP-76. 375 p.

NatureServe. 2008a. International Ecological Classification Standard: Terrestrial Ecological Classifications. Draft Ecological Systems Description for Alaska Boreal and Sub-boreal Regions. 

NatureServe. 2008b. International Ecological Classification Standard: Terrestrial Ecological Classifications. Draft Ecological Systems Description for the Alaska Maritime Region. 

Viereck et al. 1992. The Alaska vegetation classification. Pacific Northwest Research Station, USDA Forest Service, Portland, OR. Gen. Tech. Rep. PNW-GTR286. 278 p.",16800_74_75_77_78.docx,,,,,
Forest and Woodland,"73, 75, 76, 77, 78",,"This Biophysical Setting (BpS) is found in the subpolar and perhumid rainforest regions (defined by Alaback 1991, 1995) of the AK maritime regions from Kenai Fjords and Prince William Sound to Yakutat, and south through southeastern AK.","In the perhumid rainforest region, this BpS is common on rolling terrain, benches, and gentle slopes with restricted drainage. Soils are poorly drained and usually have a thick organic layer. In the subpolar rainforest region this system occurs on low to mid elevations on poorly drained sites. Soils may be shallow to deep and usually have at least some peat development. In some places, stands are often a fine mosaic of peatlands and better-drained inclusions. These are low-productivity sites that are intermediate between shore pine or mountain hemlock peatland sites and productive western hemlock - western Red-cedar sites. 

The poorly drained conifer community includes the concept of western hemlock small tree old-growth (see Caouette and DeGayner 2008). The Western Hemlock BpS represents the western hemlock large tree old growth found on more productive sites.","Open canopy (typically <45% canopy cover) conifer stands tend to dominate these low productivity sites. Trees often show signs of stress such as spike-top or chlorotic foliage (especially spruce) and standing dead trees are common. Average overstory tree height ranges from 18-21m (DeMeo et al. 1992) and dbh averages 25-50cm (Viereck et al. 1992). Overstory trees may include several of the following species: Tsuga heterophylla, T. mertensiana, Thuja plicata (found only in the southern most portion of the range of this BpS), and Chamaecyparis nootkatensis (= Cupressus nootkatensis). Picea sitchensis and Pinus contorta may also be present but are not dominant and are nearly always stunted. T. mertensiana becomes the dominant overstory species in the northern portion of the maritime region (subpolar rainforest) while most other species, except Picea sitchensis, drop out. Common understory species include Nephrophyllidium crista-galli, Elliottia pyroliflorus, Gaultheria shallon (found only in the southern most portion of the range of this BpS), Lysichiton americanus, and Vaccinium ovalifolium (Demeo et al. 1992; Martin et al. 1995; Shephard et al. 1995). Further north where mountain hemlock dominates, common understory species include Vaccinium ovalifolium, Elliottia pyroliflora, Nephrophyllidium crista-galli, Thelypteris quelpaertensis, Phegopteris connectilis, Trichophorum caespitosum, Carex anthoxanthea C. pluriflora, C. stylosa, Eriophorum spp., Lysichiton americanus, and Sphagnum spp.
BpS Dominant and Indicator Species
Species names are from the NRCS PLANTS database. Check species codes at http://plants.usda.gov.","According to Viereck et al. (1992) secondary succession in this type is largely unknown because disturbance is rare. However, Paul Hennon offered the following information related to the successional dynamics of this system:
Short term succession occurs from single tree mortality from a variety of causes [Note: this is not included in the state-and-transition simulation model because these small-scale dynamics cannot be mapped into seral stages by LANDFIRE; therefore, the model is represented by a single seral stage]. Tree regeneration frequently occurs on raised organic microsites on the remains of previous trees. Tree growth is generally very slow. Longer term succession is probably influenced by climatic patterns that dictate drainage, either favoring poorer drainage, increased tree mortality, and more open canopy, or improved drainage, greater tree growth, and a more closed canopy. These patterns can also favor individual tree species based on their tolerance or intolerance of wet soils. 

There is some anecdotal evidence of anthropogenic fire in southern southeast Alaska, but it remains largely unstudied. Fire may become a more important factor in this type as climate warms [Note: a reviewer commented that the effects of climate warming are still uncertain and that the assumption of increased fire activity in some areas, particularly Prince William Sound, may not be well founded]. The widespread yellow-cedar decline, which covers 200,000 ha of this type in southeast Alaska, is an example of a climate-induced tree death that has resulted in a composition shift away from yellow-cedar due to this mortality (Hennon et al. 2008).
Fire Frequency
Fire interval is expressed in years for each fire severity class and for all types of fire combined (All Fires). Average FI is the central tendency modeled. Percent of all fires is the percent of all fires modeled in that severity class. Minimum and Maximum FIs show the relative range of fire intervals as estimated by model contributors, if known.",Matrix,"This BpS is found adjacent to low productivity shore pine peatland and higher productivity western hemlock-western red cedar communities.

This BpS is referred to as mixed conifer in the southeast AK plant association guides.",,This type is sensitive to changes in climate and hydrology. Neiland (1971) documents the shift between forest and bog noting that climate and surface physical features determine the vegetation on a site at a particular time.,"This model was developed by Tom DeMeo for southeast AK. Review comments resulted in minor descriptive changes to the general description and expanding the description to include poorly drained mountain hemlock sites that occur in the northern portion of the maritime region (subpolar rainforest). Comments made by Paul Hennon related to the successional dynamics of this system were added to the Disturbance Description. Patricia Krosse (pkrosse@fs.fed.us) also provided review comments on this model.

Succession Classes
Mapping Rules
Succession class letters A-E are described in the Succession Class Description section. Some classes use a leafform distinction where a qualifier is added to the class letter: Brdl (broadleaf), Con (conifer), or Mix (mixed conifer and broadleaf). UN refers to uncharacteristic native or a combination of height and cover that would not be expected under the reference condition. NP refers to not possible or a combination of height and cover which is not physiologically possible for the species in the BpS.


Description
Class A	100				Mid Development 1 - All Structures

Indicator Species

Description
This community is characterized by an open canopy and may include several of the following species: Tsuga heterophylla, Tsuga mertensiana, Thuja plicata, and Cupressus nootkatensis. Picea sitchensis and Pinus contorta may also be present but are not dominant. 

Maximum Tree Size ClassMed. 9–20"" (swd)/11–20"" (hwd)
Model Parameters
Deterministic Transitions
Probabilistic Transitions","Alaback, P.B. 1991. Comparative ecology of temperate rainforests of the Americas along analogous climatic gradients. Rev. Chil. Hist. Nat. 64: 399–412.

Alaback, P.B. 1995. Biodiversity patterns in relation to climate and a genetic base for the rainforests of the west coast of North America. In R. Lawford, P.B. Alaback, and E.R. Fuentes, eds. 1995. High Latitude Rain Forests of the West Coast of the Americas: Climate, Hydrology, Ecology and Conservation. Berlin: Springer-Verlag.

Caouette, J.P. and E.J. DeGayner. 2008. Broad-Scale Classification and Mapping of Tree
Size and Density Attributes in Productive Old-Growth Forests in Southeast Alaska’s
Tongass National Forest. Western Journal of Applied Forestry. 23(2): 106-112.

DeMeo, T., J. Martin and R.A. West. 1992. Forest plant association management guide, Ketchikan Area, Tongass National Forest. USDA Forest Service, Alaska Region. R10-MB-210. 405p.

Hennon, P.E.; D’Amore, D.; Wittwer, D.; Caouette, J. 2008. Yellow-cedar decline: conserving a climate-sensitive tree species as Alaska warms. In: Deal. R., ed. Integrated restoration of forested ecosystems to achieve multiresource benefits: proceedings of the 2007 national silviculture workshop. Gen. Tech. Rep. PNW-GTR-733. Portland, OR: USDA Forest Service Pacific Northwest Research Station: 233-245.

Martin, Jon R., Susan J. Trull, Ward W. Brady, Randolph A. West and Jim M. Downs. 1995. Forest plant association management guide, Chatham Area, Tongass National Forest. USDA Forest Service, Alaska Region. R10-TP-57. 

NatureServe. 2008. International Ecological Classification Standard: Terrestrial Ecological Classifications. Draft Ecological Systems Description for the Alaska Maritime Region.

Neiland, Bonita J. 1971. The forest-bog complex of southeast Alaska. Vegetatio. 22: 1-64.
 
Shephard, M.E. 1995. Plant community ecology and classification of the Yakutat Foreland, Alaska. Technical Report R10-TP-56. Juneau, AK: USDA Forest Service Alaska Region. 206 p.

Viereck, L., Dryness, C., Batten A. and K. Wenzlick. 1992. The Alaska vegetation classification. General Technical Report PNW-GTR-286. Portland, Oregon. USDA Forest Service, Pacific Northwest Research Station. 278 p.",16810_73_75_76_77_78.docx,,,,,
Shrubland,68,This Biophysical Setting (BpS) was split into frequent and infrequent fire variants so regional differences in fire frequency could be represented. The frequent fire variant applies to map zone 68 within level 2 ecoregions (Nowacki et al. 2001): Intermontane Boreal and Bering Tundra. In all other areas the infrequent fire variant applies.,"This BpS is found in arctic AK within Nowakii et al. (2001) ecoregions 4, 5, 7 and the south side of the Brooks Range (ecoregion 3).","This system is found on mesic mountain and hill slopes and flats predominantly above treeline. The soils are mesic and generally mineral with a well-decomposed organic layer (Viereck et al. 1992, II.C.2.c). Permafrost is normally present (Viereck et al. 1992, II.C.2.c).","The following information was slightly modified from the draft Arctic Ecological Systems description (Boggs et al. 2008):
The total low- and tall-shrub cover is >25%, and Betula nana, Vaccinium uliginosum, or Ledum palustre ssp. decumbens typically dominates or co-dominates. Salix spp. (such as Salix pulchra) do not dominate but may co-dominate. This system does not include tussock-dominated (>35% tussocks) sites. Dwarf-shrubs such as Empetrum nigrum and Vaccinium vitis-idaea may be common under the low-shrub layer. Herbaceous species are sparse but include Arctagrostis latifolia, Poa arctica, Senecio congestus, and Carex bigelowii. Feathermosses (Hylocomium splendens and Pleurozium schreberi) and lichens may be common.
BpS Dominant and Indicator Species
Species names are from the NRCS PLANTS database. Check species codes at http://plants.usda.gov.","In 2013 an extensive search was done by FEIS staff to locate information for a synthesis on fire regimes of Alaskan tundra communities (Innes 2013). This synthesis found that studies providing information on fire frequency in tundra ecosystems generally do not differentiate among plant communities and that for tundra types, mean fire-return intervals from 50 to >1,000 years were reported (Innes 2013). When fires burn, stand-replacing crown fires are common (Innes 2013). 

Selected fire return interval estimates for this BpS include:
-There is little information about fire regimes in the arctic region of Alaska (Viereck and Schandelmeier 1980). 
-According to lake-core records, the fire-return interval is approximately 240yrs on the Seward Peninsula, and 1,000yrs+ on the Beaufort Coastal Plain (Jennifer Allen pers. comm.).
-260yr (s.d. 170) fire return interval for past 1500yrs for Noatak National Preserve (preliminary data from Higuera et al. 2008)
-612yrs for Noatak River watershed (all vegetation types; Racine et al. 1983, based on post-1900 records)
-611yr fire rotation for Noatak River watershed (all vegetation below 600m which is predominantly tundra; Racine et al. 1985, based on post-1900 records)

Racine et al. (1987) studied low shrub tundra post-fire vegetation recovery on the Noatak and Seward Peninsulas and found the following:
-Postfire increases in soil thaw in tussock tundra stabilized or returned to pre-fire levels within 5-6yrs. 
-Bryophyte cover increased rapidly, reaching 75-100% in 2-3 yrs. 
-Dominant species, not present in unburned low shrub tundra, included Ceratodon purpureus, Marchantia polymorpha, Polytricum spp., Arctagrostis latifolia, Poa arctica, Senecio congests, and Carex bigelowii became established. 
-Shrub recovery ranged from nearly 0-100% within in eight years, with willows recovering at one site.

This community appears to be stable over time according to Viereck et al. (1992, II.C.2.c) but this model includes successional dynamics related to fire.
Fire Frequency 
Fire interval is expressed in years for each fire severity class and for all types of fire combined (All Fires). Average FI is the central tendency modeled. Percent of all fires is the percent of all fires modeled in that severity class. Minimum and Maximum FIs show the relative range of fire intervals as estimated by model contributors, if known.",Large patch or matrix forming.,"This type tends to grade into tussock shrub communities as moisture increases or dwarf shrub fellfields as moisture decreases with wind exposure (Viereck et al. 1992, II.C.2.c).","Experts at the Arctic meeting agreed on the model classes, but they noted that there is no solid data to support either fire frequencies or the frequency of open vs. closed classes. In this draft model, alternate succession probabilities were set to create a ratio of open to closed classes that approximately matched Torre Jorgenson's estimate that this type would be 20% closed in the Seward/Yukon-Kuskokwim Delta regions (frequent fire model) and 5% closed on the North Slope (infrequent fire model).

Most of the fire regime literature available for tundra ecosystems in Alaska is from the Seward Peninsula and Noatak River Watershed where fire occurs more frequently than other regions of the state (Innes 2013). Little is known about fire history in arctic tundra communities in northern and northwestern Alaska (Innes 2013).","The current conditions should be similar to the reference condition. According to Innes 2013: “Because most of the area occupied by tundra in Alaska is sparsely populated and has little road access, fire regimes in tundra may not differ much from historical regimes [Chapin et al. 2000, DeWilde and Chapin 2006, Heinselman 1981]. As of 2006, about 66% of interior Alaska was considered to have an essentially ""natural"" fire regime, with few human ignitions, negligible suppression activity, and many large, lightning-caused fires.” Innes 2013 provides information about climate change and Alaska tundra communities.","11/2024: K. Blankenship changed the model to ensure at least 1% in class A. This changed the all FRI from 906 years to 555 years.  

In 2015, reviewer Innes suggested that the geographic range for the Alaska Arctic Scrub Birch-Ericaceous Shrubland - Infrequent Fire and Alaska Arctic Scrub Birch-Ericaceous Shrubland - Frequent Fire models should be re-evaluated. Reviewer feedback is needed to refine the geographic range of the frequent and infrequent fire model variants.

For LANDFIRE National, this model was based on input from the experts who attended the LANDFIRE Fairbanks Arctic (April 08) modeling meeting and refined by Colleen Ryan, Kori Blankenship, and Keith Boggs.

Succession Classes
Mapping Rules
Succession class letters A-E are described in the Succession Class Description section. Some classes use a leafform distinction where a qualifier is added to the class letter: Brdl (broadleaf), Con (conifer), or Mix (mixed conifer and broadleaf). UN refers to uncharacteristic native or a combination of height and cover that would not be expected under the reference condition. NP refers to not possible or a combination of height and cover which is not physiologically possible for the species in the BpS.


Description
Class A	1				Early Development 1 - All Structures
Indicator Species

Description
After fire, herbaceous species such as Festuca altaica and Hierochloe alpina typically dominate. Low shrubs can resprout following fire, quickly regaining dominance of a site. This class may persist for more than 5yrs if fire severity is high enough to remove the organic layer.

Maximum Tree Size ClassNone
Class B	88				Late Development 1 - Open

Indicator Species

Description
This class represents an open shrub stage. Under appropriate conditions, the canopy can close around age 25, causing a transition to Class C, but most sites will remain open indefinitely. This class is dominated by shrubs, often Betula nana, Vaccinium uliginosum, Ledum decumbens, Salix pulchra, S. barclayi, or other Salix spp. may also be common (Viereck 1979; Viereck et al. 1992). Dwarf shrubs such as Empetrum nigrum and Vaccinium vitis-idaea may be common under the low shrub layer. 

Maximum Tree Size ClassNone
Class C	11				Late Development 2 - Closed

Indicator Species

Description
This class represents a mature closed canopy shrub class that may occur on a minority of sites where conditions are appropriate. The canopy will close in around age 25. This class is dominated by shrubs, often Betula nana, Vaccinium uliginosum, Ledum decumbens, Salix pulchra, S. barclayi, or other Salix spp. may also be common (Viereck 1979; Viereck et al. 1992). Dwarf shrubs such as Empetrum nigrum and Vaccinium vitis-idaea may be common under the low shrub layer. 

Maximum Tree Size ClassNone
Model Parameters
Deterministic Transitions
Probabilistic Transitions","Anderson, J.H. 1974. Plants, Soils, Phytocenology and Primary Production of the Eagle Summit Tundra Biome Site. US Tundra Biome Data Report 74-42. Ecosystem Analysis Studies, US International Biological Program, US Arctic Research Program. 142 p.

Batten, A.R. 1977. The vascular floristics, major vegetation units, and phytogeography of the Lake Peters area, northeastern Alaska. M.S. thesis. University of Alaska, Fairbanks, AK. 330 p.

Batten, A.R., Murray, D.F., Dawe, J.C. 1979. Threatened and Endangered Plants in selected areas of the BLM Fortymile Planning Unit. File Report for Contract No. YA-512-CT8-162. USDI BLM AK State Office 701 C street, Anchorage, AK 99513. 127 p.

Boggs et al. 2008. International Ecological Classification Standard: Terrestrial Ecological Classifications. Draft Ecological Systems Description for the Alaska Arctic Region.

Chapin, F. S., III; McGuire, A. D.; Randerson, J.; Pielke, R., Sr.; Baldocchi, D.; Hobbie, S. E.; Roulet, N.; Eugster, W.; Kasischke, E.; Rastetter, E. B.; Zimov, S. A.; Running, S. W. 2000. Arctic and boreal ecosystems of western North America as components of the climate system. Global Change Biology. 6(Supplement 1): 211-223.

DeWilde, La'ona; Chapin, F. Stuart, III. 2006. Human impacts on the fire regime of interior Alaska: interactions among fuels, ignition sources, and fire suppression. Ecosystems. 9(8): 1342-1353. 

Hanson, H.C. 1951. Characteristics of some grassland, marsh, and other plant communities in western Alaska. Ecol. Monogr. 21 (4):317-378.

Hanson, H.C. 1953. Vegetation types in northwestern Alaska and comparisons with communities in other arctic regions. Ecology 34(1): 11 1-140.


Heinselman, Miron L. 1981. Fire intensity and frequency as factors in the distribution and structure of northern ecosystems. In: Mooney, H. A.; Bonnicksen, T. M.; Christensen, N. L.; Lotan, J. E.; Reiners, W. A., technical coordinators. Fire regimes and ecosystem properties: Proceedings of the conference; 1978 December 11-15; Honolulu, HI. Gen. Tech. Rep. WO-26. Washington, DC: U.S. Department of Agriculture, Forest Service: 7-57.

Hettinger, L.R. and A. J. Janz. 1974. Vegetation and soils of northeastern Alaska. Arct. Gas Biol. Rep. Ser. 21, 206 p. North. Eng. Serv., Co., Ltd., Edmonton, Can.

Higuera, P.E., M. Chipman, J. Allen, S. Rupp and F.S. Hu. 2008. Preliminary data provided by Jenifer Allen from a study of tundra fire regimes in the Noatak National Preserve since 6000 years before present.

Hulten, E. 1966. Contributions to the knowledge of flora and vegetation of the southwestern Alaskan mainland. Sven. Bot. Tidskr. 60(1): 175-1 89.

Innes, Robin J. 2013. Fire regimes of Alaskan tundra communities. In: Fire Effects Information System, [Online]. U.S. Department of Agriculture, Forest Service, Rocky Mountain Research Station, Fire Sciences Laboratory (Producer). Available: http://www.fs.fed.us
/database/feis/fire_regimes/AK_tundra/all.html [2016, June 28].

Jorgenson, M.T. 1984. The response of vegetation to landscape evolution on glacial till near Toolik Lake, Alaska. Pages 134-142 in Inventorying forest and other vegetation of the high latitude and high altitude regions: Proceedings of an International Symposium, Society of American Foresters Regional Technical Conference. Fairbanks, AK. Society of American Foresters, Bethesda, MD.

Nowacki, G., P. Spencer, M. Fleming, T. Brock and T. Jorgenson. 2001. Unified ecoregions of Alaska. U.S. Department of the Interior, U.S. Geological Survey. Open file-report 02-297. 2 page map.

Pegau, R.E. 1968. Reindeer range appraisal in Alaska. M.S. thesis. University of Alaska, Fairbanks, AK. 130 p.

Pegau, R.E. 1972. Caribou investigations-analysis of range. In: Pegau, R.E. and J.E. Hemming (ed.). Caribou report. Volume 12. Progress report. Federal Aid in Wildlife Restoration, Projects W-17-2 and W-17-3, Job 3.3R. Alaska Dept. of Fish and Game, Juneau, AK: 1-216.

Racine. 1979. Climate of the Chucki-Imuruk area. Pages 32-37 in H. R. Melchior, ed., Biological Survey of the Bering Land Bridge National Monument. Alaska Cooperative Park Studies Unit, University of Alaska Fairbanks, Fairbanks, AK.

Racine, C.H., Dennis, J.G. and W.A. Patterson. 1983. An analysis of the tundra fire regime in the Noatak River Watershed, Alaska. USDOI BLM Report.

Racine, C.H., J.G. Dennis and W.A. Patterson III. 1985. Tundra fire regimes in the Noatak River Watershed, Alaska: 1956-83. Arctic 38:194-200.

Racine, C.H., L.A. Johnson and L.A. Viereck. 1987. Patterns of vegetation recovery after tundra fires in Northwestern Alaska, U.S.A. Arctic and Alpine Research, vol.19, no. 4. 461-469

Steigers, W.D., D. Helm, J.G. MacCracken, [and others]. 1983. Alaska Power Authority, Susitna Hydroelectirc Authority, environmental studies--subtask 7.12: 1982 plant ecology studies. Final Report. University of Alaska, Agricultural Experiment Station, Palmer. 288 pp. 
 
Viereck, L.A. 1962. Range survey: Sheep and goat investigations. Job completion report: Federal aid in wildlife restoration. W-6-R-3. Department of Fish and Game, Alaska work plan E, Job 2a. 21 pp. 

Viereck, L.A. 1963. Sheep investigations: survey of range ecology. Project W-6-R-4, Work plan E. Job 2-A. Alaska Department of Fish and Game, Juneau, AK. 

Viereck, L.A. 1979. Characteristics of treeline plant communities in Alaska. Holarctic Ecology. 2: 228-238.

Viereck, L.A. and E.L. Little. 1972. Alaska Trees and Shrubs. USDA Forest Service Ag. Handbook 410. University of Alaska Press, Fairbanks, Alaska. 265 p. 

Viereck, L.A. and L.A. Schandelmeier. 1980. Effects of fire in Alaska and adjacent Canada--a literature review. BLM-Aalska Tech. Rep. No. 6. Anchorage, Alaska: U.S. Department of the Interior, Bureau of Land Management. 124 p

Viereck, L.A., C.T. Dyrness, A.R. Batten, K.J. Wenzlick. 1992. The Alaska vegetation classification. Pacific Northwest Research Station, USDA Forest Service, Portland, OR. Gen. Tech. Rep. PNW-GTR286. 278 p. 

Webber, P.J., Komarkova, V., Walker, D.A. and E. Werbe. 1978. Vegetation mapping and response to disturbance along the Yukon River-Prudhoe Bay Haul Road. In: Brown, J. (principal investigator). Ecological baseline investigations along the Yukon River-Prudhoe Bay Haul Road, Alaska. Hanover, NH: Corps of Engineers, U.S. Army Cold Region Research and Engineering Laboratory: 25-87.

Young, S. B. and C. H. Racine. 1978. Ecosystems or the proposed Katmai western extension, Bristol Bay Lowlands, Alaska. Final report. Contributions from the Center for Northern Studies, Wolcott, VT. 94 pp.",16821_68.docx,,,,,
Shrubland,"67, 68, 69, 70, 71, 72, 73, 74, 76",This Biophysical Setting (BpS) was split into frequent and infrequent fire variants so regional differences in fire frequency could be represented. The frequent fire variant applies to map zone 68 within level 2 ecoregions (Nowacki et al. 2001): Intermontane Boreal and Bering Tundra. In all other areas the infrequent fire variant applies.,"This BpS is found in arctic AK except within ecoregions 4, 5, 7 and south of the Brooks Range in ecoregion 3 (Nowakii et al. 2001). It is also found in MZ76.","This system is found on mesic mountain and hill slopes and flats predominantly above treeline. The soils are mesic and generally mineral with a well-decomposed organic layer (Viereck et al. 1992, II.C.2.c). Permafrost is normally present (Viereck et al. 1992, II.C.2.c).","The following information was slightly modified from the draft Arctic Ecological Systems description (Boggs et al. 2008):
The total low- and tall-shrub cover is >25%, and Betula nana, Vaccinium uliginosum or Ledum palustre ssp. decumbens typically dominate or co-dominate. Salix spp. (such as Salix pulchra) do not dominate but may co-dominate. This system does not include tussock-dominated (>35% tussocks) sites. Dwarf-shrubs such as Empetrum nigrum and Vaccinium vitis-idaea may be common under the low-shrub layer. Herbaceous species are sparse but may include Arctagrostis latifolia, Poa arctica, Senecio congests, and Carex bigelowii. Feathermosses (Hylocomium splendens and Pleurozium schreberi) and lichens may be common.
BpS Dominant and Indicator Species
Species names are from the NRCS PLANTS database. Check species codes at http://plants.usda.gov.","Expert input at the Arctic Modeling meeting (April 08) estimated a mean fire return interval (MFRI) for this type of about 1000yrs. Racine et al. (1983) found a MFRI of 612yrs for Noatak River watershed (all vegetation types) based on post-1900 records. Racine et al (1985) found a 611yr fire rotation for Noatak River watershed (all vegetation below 600m which is predominantly tundra) based on post-1900 records. 

In 2013 an extensive search was done by FEIS staff to locate information for a synthesis on fire regimes of Alaskan tundra communities (Innes 2013). This synthesis found that studies providing information on fire frequency in tundra ecosystems generally do not differentiate among plant communities and that for tundra types MFRIs from 50 to >1,000 years were reported (Innes 2013). When fires burn, stand-replacing crown fires are common (Innes 2013). 

Viereck et al. (1992) indicated that this community appears to be stable over time (Viereck et al. 1992, II.C.2.c) but this model includes successional dynamics related to infrequent fire.

Fire Frequency 
Fire interval is expressed in years for each fire severity class and for all types of fire combined (All Fires). Average FI is the central tendency modeled. Percent of all fires is the percent of all fires modeled in that severity class. Minimum and Maximum FIs show the relative range of fire intervals as estimated by model contributors, if known.",Large patch or matrix,"This type tends to grade into tussock shrub communities as moisture increases or dwarf shrub fellfields as moisture decreases with wind exposure (Viereck et al. 1992, II.C.2.c).","Experts at the Arctic meeting agreed on the model classes, but they noted that there is no solid data to support either fire frequencies or the frequency of open vs. closed classes. In this draft model, alternate succession probabilities were set to create a ratio of open to closed classes that approximately matched Torre Jorgenson's estimate that this type would be 20% closed in the Seward/Yukon-Kuskokwim Delta regions (frequent fire model) and 5% closed on the North Slope (infrequent fire model).

To attain the landscape percentages desired, modelers had to use a very low alternate succession probability. A better solution would have been to restrict the age at which alternate succession can occur to around age 25, since it is expected that most sites will close in at that age or not at all. But this solution violates LANDFIRE modeling rules, so modelers used a very low probability of alternate succession instead.

Most of the fire regime literature available for tundra ecosystems in Alaska is from the Seward Peninsula and Noatak River Watershed where fire occurs more frequently than other regions of the state (Innes 2013). Little is known about fire history in arctic tundra communities in northern and northwestern Alaska (Innes 2013).","The current conditions should be similar to the reference condition. According to Innes 2013: “Because most of the area occupied by tundra in Alaska is sparsely populated and has little road access, fire regimes in tundra may not differ much from historical regimes [Chapin et al. 2000, DeWilde and Chapin 2006, Heinselman 1981]. As of 2006, about 66% of interior Alaska was considered to have an essentially ""natural"" fire regime, with few human ignitions, negligible suppression activity, and many large, lightning-caused fires.” Innes 2013 provides information about climate change and Alaska tundra communities.","In 2015, reviewer Innes suggested that the geographic range for the Alaska Arctic Scrub Birch-Ericaceous Shrubland - Infrequent Fire and Alaska Arctic Scrub Birch-Ericaceous Shrubland - Frequent Fire models should be re-evaluated. Reviewer feedback is needed to refine the geographic range of the frequent and infrequent fire model variants.  

During LANDFIRE National, this system was created for the AK Arctic region and did not receive review for other regions in the state. This model was based on input from the experts who attended the LANDFIRE National Fairbanks Arctic (April 08) modeling meeting and refined by Colleen Ryan, Kori Blankenship, and Keith Boggs.
Succession Classes
Mapping Rules
Succession class letters A-E are described in the Succession Class Description section. Some classes use a leafform distinction where a qualifier is added to the class letter: Brdl (broadleaf), Con (conifer), or Mix (mixed conifer and broadleaf). UN refers to uncharacteristic native or a combination of height and cover that would not be expected under the reference condition. NP refers to not possible or a combination of height and cover which is not physiologically possible for the species in the BpS.


Description
Class A	2				Early Development 1 - All Structures

Indicator Species

Description
After fire, herbaceous species such as Festuca altaica and Hierochloe alpina typically dominate. This class may persist for more than 5yrs (up to 25yrs) on some sites, but this possibility was not included in this draft of the model.

Maximum Tree Size ClassNone
Class B	75				Late Development 1 - Open

Indicator Species

Description
This class represents an open shrub class. Under appropriate conditions, the canopy can close around age 25, causing a transition to Class C, but most sites will remain open indefinitely. This class is dominated by shrubs, often Betula nana. Vaccinium uliginosum, Ledum decumbens, Salix pulchra, S. barclayi, or other Salix spp. may also be common (Viereck 1979, Viereck et al. 1992). Dwarf shrubs such as Empetrum nigrum and Vaccinium vitis-idaea may be common under the low shrub layer. 

Maximum Tree Size ClassNone
Class C	23				Late Development 2 - Closed

Indicator Species

Description
This class represents a mature closed canopy shrub stage that may occur on a minority of sites where conditions are appropriate. The canopy will close in around age 25. This class is dominated by shrubs, often Betula nana. Vaccinium uliginosum, Ledum decumbens, Salix pulchra, S. barclayi, or other Salix spp. may also be common (Viereck 1979; Viereck et al. 1992). Dwarf shrubs such as Empetrum nigrum and Vaccinium vitis-idaea may be common under the low shrub layer. 

Maximum Tree Size ClassNone
Model Parameters
Deterministic Transitions
Probabilistic Transitions","Anderson, J.H. 1974. Plants, Soils, Phytocenology and Primary Production of the Eagle Summit Tundra Biome Site. US Tundra Biome Data Report 74-42. Ecosystem Analysis Studies, US International Biological Program, US Arctic Research Program. 142 p.

Batten, A.R. 1977. The vascular floristics, major vegetation units, and phytogeography of the Lake Peters area, northeastern Alaska. M.S. thesis. University of Alaska, Fairbanks, AK. 330 p.

Batten, A.R., Murray, D.F., Dawe, J.C. 1979. Threatened and Endangered Plants in selected areas of the BLM Fortymile Planning Unit. File Report for Contract No. YA-512-CT8-162. USDI BLM AK State Office 701 C street, Anchorage, AK 99513. 127 p.

Boggs et al. 2008. International Ecological Classification Standard: Terrestrial Ecological Classifications. Draft Ecological Systems Description for the Alaska Arctic Region.

Chapin, F. S., III; McGuire, A. D.; Randerson, J.; Pielke, R., Sr.; Baldocchi, D.; Hobbie, S. E.; Roulet, N.; Eugster, W.; Kasischke, E.; Rastetter, E. B.; Zimov, S. A.; Running, S. W. 2000. Arctic and boreal ecosystems of western North America as components of the climate system. Global Change Biology. 6(Supplement 1): 211-223.

DeWilde, La'ona; Chapin, F. Stuart, III. 2006. Human impacts on the fire regime of interior Alaska: interactions among fuels, ignition sources, and fire suppression. Ecosystems. 9(8): 1342-1353. 

Hanson, H.C. 1951. Characteristics of some grassland, marsh, and other plant communities in western Alaska. Ecol. Monogr. 21 (4):317-378.

Hanson, H.C. 1953. Vegetation types in northwestern Alaska and comparisons with communities in other arctic regions. Ecology 34(1): 11 1-140.

Heinselman, Miron L. 1981. Fire intensity and frequency as factors in the distribution and structure of northern ecosystems. In: Mooney, H. A.; Bonnicksen, T. M.; Christensen, N. L.; Lotan, J. E.; Reiners, W. A., technical coordinators. Fire regimes and ecosystem properties: Proceedings of the conference; 1978 December 11-15; Honolulu, HI. Gen. Tech. Rep. WO-26. Washington, DC: U.S. Department of Agriculture, Forest Service: 7-57.

Hettinger, L.R. and A.J. Janz. 1974. Vegetation and soils of northeastern Alaska. Arct. Gas Biol. Rep. Ser. 21, 206 p. North. Eng. Serv., Co., Ltd., Edmonton, Can.

Hulten, E. 1966. Contributions to the knowledge of flora and vegetation of the southwestern Alaskan mainland. Sven. Bot. Tidskr. 60(1): 175-1 89.

Innes, Robin J. 2013. Fire regimes of Alaskan tundra communities. In: Fire Effects Information System, [Online]. U.S. Department of Agriculture, Forest Service, Rocky Mountain Research Station, Fire Sciences Laboratory (Producer). Available: http://www.fs.fed.us
/database/feis/fire_regimes/AK_tundra/all.html [2016, June 28].

Jorgenson, M.T. 1984. The response of vegetation to landscape evolution on glacial till near Toolik Lake, Alaska. Pages 134-142 in Inventorying forest and other vegetation of the high latitude and high altitude regions: Proceedings of an International Symposium, Society of American Foresters Regional Technical Conference. Fairbanks, AK. Society of American Foresters, Bethesda, MD.

Nowacki, G., P. Spencer, M. Fleming, T. Brock and T. Jorgenson. 2001. Unified ecoregions of Alaska. U.S. Department of the Interior, U.S. Geological Survey. Open file-report 02-297. 2 page map.

Pegau, R.E. 1968. Reindeer range appraisal in Alaska. M.S. thesis. University of Alaska, Fairbanks, AK. 130 p.

Pegau, R.E. 1972. Caribou investigations-analysis of range. In: Pegau, R.E. and J.E. Hemming (ed.). Caribou report. Volume 12. Progress report. Federal Aid in Wildlife Restoration, Projects W-17-2 and W-17-3, Job 3.3R. Alaska Dept. of Fish and Game, Juneau, AK: 1-216.

Racine. 1979. Climate of the Chucki-Imuruk area. Pages 32-37 in H. R. Melchior, ed., Biological Survey of the Bering Land Bridge National Monument. Alaska Cooperative Park Studies Unit, University of Alaska Fairbanks, Fairbanks, AK.

Racine, C.H., Dennis, J.G., and W.A. Patterson. 1983. An analysis of the tundra fire regime in the Noatak River Watershed, Alaska. USDOI BLM Report.

Racine, C.H.; J.G. Dennis and W.A. Patterson III. 1985. Tundra fire regimes in the Noatak River Watershed, Alaska: 1956-83. Arctic 38:194-200.

Steigers, W.D., D. Helm, J.G. MacCracken, [and others]. 1983. Alaska Power Authority, Susitna Hydroelectirc Authority, environmental studies--subtask 7.12: 1982 plant ecology studies. Final Report. University of Alaska, Agricultural Experiment Station, Palmer. 288 pp. 
 
Viereck, L.A. 1962. Range survey: Sheep and goat investigations. Job completion report: Federal aid in wildlife restoration. W-6-R-3. Department of Fish and Game, Alaska work plan E, Job 2a. 21 pp. 

Viereck, L.A. 1963. Sheep investigations: survey of range ecology. Project W-6-R-4, Work plan E. Job 2-A. Alaska Department of Fish and Game, Juneau, AK. 

Viereck, L.A. 1979. Characteristics of treeline plant communities in Alaska. Holarctic Ecology. 2: 228-238.

Viereck, L.A. and E.L. Little. 1972. Alaska Trees and Shrubs. USDA Forest Service Ag. Handbook 410. University of Alaska Press, Fairbanks, Alaska. 265 p. 

Viereck, L.A., C.T. Dyrness, A.R. Batten, K.J. Wenzlick. 1992. The Alaska vegetation classification. Pacific Northwest Research Station, USDA Forest Service, Portland, OR. Gen. Tech. Rep. PNW-GTR286. 278 p. 

Webber, P.J., Komarkova, V., Walker, D.A. and E. Werbe. 1978. Vegetation mapping and response to disturbance along the Yukon River-Prudhoe Bay Haul Road. In: Brown, J. (principal investigator). Ecological baseline investigations along the Yukon River-Prudhoe Bay Haul Road, Alaska. Hanover, NH: Corps of Engineers, U.S. Army Cold Region Research and Engineering Laboratory: 25-87.

Young, S.B. and C.H. Racine. 1978. Ecosystems or the proposed Katmai western extension, Bristol Bay Lowlands, Alaska. Final report. Contributions from the Center for Northern Studies, Wolcott, VT. 94 pp.",16822_67_68_69_70_71_72_73_74_76.docx,,,,,
Upland Shrubland,68,This Biophysical Setting (BpS) was split into frequent and infrequent fire variants so regional differences in fire frequency could be represented. The frequent fire variant applies to map zone 68 within level 2 ecoregions (Nowacki et al. 2001): Intermontane Boreal and Bering Tundra. In all other areas the infrequent fire variant applies.,"This BpS occurs throughout arctic AK and in MZ76, from the Bristol Bay lowlands in southwestern AK to the North Slope on the Arctic Ocean.","This system is common on mountain and hill slopes, drained lake basins, stabilized dunes, and snow beds (Boggs et al. 2008). Permafrost is present.","The following information was taken from the draft Arctic Ecological Systems description (Boggs et al. 2008):
The mesic sedge-willow tundra system is codominated by sedges and dwarf- and low-shrubs, although low-shrub cover is <25%; Salix cover is >20%. The dominant shrubs species are Salix pulchra, Salix richardsonii (= Salix lanata), Betula nana and Vaccinium uliginosum. The dominant sedges are Carex aquatilis, Eriophorum angustifolium, and Carex microchaeta. Other include Petasites frigidus, Polemonium acutiflorum, and Sphagnum spp.
BpS Dominant and Indicator Species
Species names are from the NRCS PLANTS database. Check species codes at http://plants.usda.gov.","The successional status of this BpS is unclear but some communities appear to be stable (Viereck et al. 1992; II.C.2.h and II.D.1.b). Drier site conditions may lead to the development of tussock tundra while wetter site conditions may lead to the loss of shrubs and development of a wet sedge meadow community (Viereck et al. 1992; II.C.2.h.).

The fire regime of tundra systems varies from one region to another, making generalizations difficult (Viereck and Schandelmeier 1980), and rapid recovery following fire makes fire frequency difficult to determine (Wein 1971). Sedge-dryas dominated sites would likely burn with the adjacent tussock tundra, but the wetter sedge-willow dominated sites likely would not carry fire (personal communication Arctic modeling meeting April 2008). Charcoal sediment-based estimates of fire frequency for tundra in the Brook Range and to the north report fire frequencies of well over 1000 years (Sae-Lim et al. 2019). More frequent fire has been reported for arctic tundra in the Noatak Watershed and Yukon-Kuskokwim Delta (Sae-Lim et al. 2019). 

Fire Frequency 
Fire interval is expressed in years for each fire severity class and for all types of fire combined (All Fires). Average FI is the central tendency modeled. Percent of all fires is the percent of all fires modeled in that severity class. Minimum and Maximum FIs show the relative range of fire intervals as estimated by model contributors, if known.",Patch size is small to large.,This BpS may occur adjacent to tussock tundra. It could be confused with Arctic Mesic-Wet Willow Shrubland but is distinguished by the sedge component.,"In 2015 an extensive search was done by FEIS staff to locate information for a synthesis onfFire regimes of Alaskan alder and willow shrublands (Innes 2015). At that time, the scientific literature about fire regimes in Alaskan alder and willow shrublands was scarce. Descriptions of fire ignition, season, pattern, and size specific to alder and willow shrublands were not found in the literature. In 2013, a similar review was done for Alaska tundra systems (Innes 2013). This report notes: “Due to a scarcity of information, LANDFIRE's Biophysical Settings Models lack information on fire regimes for most of the Alaskan tundra communities included in this review. A lack of fire records hinders knowledge of fire regimes in many communities. Where fire records are available, their quality is often noted as a concern.”",For discussion on contemporary changes in this BpS see Innes 2015.,"1/2023 Kori Blankenship split the BpS model and description into frequent and infrequent fire model variants based on feedback from participants in the virtual Tundra Work Session held in the winter 2022. For the frequent fire model, it was assumed that fire would be less frequent than the tussock tundra and shrub-tussock tundra BpS. It was difficult to select a fire frequency for the infrequent fire variant because studies report frequencies of ~1600 to 6000 years for tundra ecosystems in and north of the Brooks Range and from ~140 to 6000 in the Yukon-Kuskokwim Delta ecoregion (Sae-Lim et al. 2019). Because fire is generally so infrequent, fire related successional dynamics are not included in this model. Reviewer feedback is needed to refine the geographic range of the frequent and infrequent fire model variants.

For LANDFIRE National, this system was created for the AK Arctic region and did not receive review for other regions in the state. This model was created by Kori Blankenship and Keith Boggs based input from experts who attended the LANDFIRE Arctic Modeling Meeting (April 2008) and the draft Arctic Ecological Systems description (Boggs et al. 2008).
Succession Classes
Mapping Rules
Succession class letters A-E are described in the Succession Class Description section. Some classes use a leafform distinction where a qualifier is added to the class letter: Brdl (broadleaf), Con (conifer), or Mix (mixed conifer and broadleaf). UN refers to uncharacteristic native or a combination of height and cover that would not be expected under the reference condition. NP refers to not possible or a combination of height and cover which is not physiologically possible for the species in the BpS.


Description
Class A	4				Early Development 1 - All Structures

Indicator Species

Description
In the first year following fire Eriophorum (cottongrass) and Carex spp. (sedges) regrow via rhizomes, most vascular species begin to recover, and shrubs sprout from rootstock. Sedges often capture the site 6-10yrs post fire. 

Maximum Tree Size ClassNone
Class B	96				Late Development 1 - All Structures

Indicator Species

Description
Shrub cover returns to pre-burn levels about 10 years post fire (Frost et al. 2020). 
Maximum Tree Size ClassNone
Model Parameters
Deterministic Transitions
Probabilistic Transitions","Boggs et al. 2008. International Ecological Classification Standard: Terrestrial Ecological Classifications. Draft Ecological Systems Description for the Alaska Arctic Region. 

Frost, G.V. et al. 2020. Multi-decadal patterns of vegetation succession after tundra fire on the Yukon-Kuskokwim Delta, Alaska. Environ. Res. Lett. 15 025003.

Innes, Robin J. 2013. Fire regimes of Alaskan tundra communities. In: Fire Effects Information System, [Online]. U.S. Department of Agriculture, Forest Service, Rocky Mountain Research Station, Fire Sciences Laboratory (Producer). Available: http://www.fs.fed.us
/database/feis/fire_regimes/AK_tundra/all.html [2016, June 28].

Innes, Robin J. 2015. Fire regimes of Alaskan alder and willow shrublands. In: Fire Effects Information System, [Online]. U.S. Department of Agriculture, Forest Service, Rocky Mountain Research Station, Missoula Fire Sciences Laboratory (Producer). Available: http://www.fs.fed.us/database/feis/fire_regimes/AK_alder_shrub/all.html [ 2016, August 3].

Sae-Lim, J., Russell, J. M., Vachula, R. S., Holmes, R. M., Mann, P. J., Schade, J. D., and Natali, S. M. 2019. Temperature-controlled tundra fire severity and frequency during the last millennium in the Yukon-Kuskokwim Delta, Alaska. The Holocene. 29(7): 1223-1233.

Viereck, L.A., Dyrness, C.T., Batten, A.R., Wenzlick, K.J. 1992. The Alaska vegetation classification. Pacific Northwest Research Station, USDA Forest Service, Portland, OR. Gen. Tech. Rep. PNW-GTR286. 278 p.

Viereck, Leslie A.; Schandelmeier, Linda A. 1980. Effects of fire in Alaska and adjacent Canada: a literature review. BLM-Alaska Tech. Rep. 6, BLM/AK/TR-80/06. Anchorage, AK: U.S. Department of the Interior, Bureau of Land Management, Alaska State Office. 124 p

Wein, R.W. 1971. Panel discussion: In: Slaughter, C.W., Barney, Richard J., and Hansen, G.M. (editors). 1971. Fire in the Northern Environment – A Symposium. Sponsors: Alaska Forest Fire Counc il and Society of American Foresters. Held at: The University of Alaska, Fairbanks. April 13-14, 1971. Published by: Pacific.",16831_68.docx,,,,,
Upland Shrubland,"67, 68, 69",This Biophysical Setting (BpS) was split into frequent and infrequent fire variants so regional differences in fire frequency could be represented. The frequent fire variant applies to map zone 68 within level 2 ecoregions (Nowacki et al. 2001): Intermontane Boreal and Bering Tundra. In all other areas the infrequent fire variant applies.,"This BpS occurs throughout arctic AK and in MZ76, from the Bristol Bay lowlands in southwestern AK to the North Slope on the Arctic Ocean.","This system is common on mountain and hill slopes, drained lake basins, stabilized dunes, and snow beds (Boggs et al. 2008). Permafrost is present.","The following information was taken from the draft Arctic Ecological Systems description (Boggs et al. 2008):
The mesic sedge-willow tundra system is codominated by sedges and dwarf- and low-shrubs, although low-shrub cover is <25%; Salix cover is >20%. The dominant shrubs are Salix pulchra, Salix richardsonii (= Salix lanata), Betula nana and Vaccinium uliginosum. The dominant sedges are Carex aquatilis, Eriophorum angustifolium, and Carex microchaeta. Other species include Petasites frigidus, Polemonium acutiflorum and Sphagnum spp.
BpS Dominant and Indicator Species
Species names are from the NRCS PLANTS database. Check species codes at http://plants.usda.gov.","The successional status of this BpS is unclear, but some communities appear to be stable (Viereck et al. 1992; II.C.2.h and II.D.1.b). Drier site conditions may lead to the development of tussock tundra while wetter site conditions may lead to the loss of shrubs and development of a wet sedge meadow community (Viereck et al. 1992; II.C.2.h.).

The fire regime of tundra systems varies from one region to another, making generalizations difficult (Viereck and Schandelmeier 1980), and rapid recovery following fire makes fire frequency difficult to determine (Wein 1971). Sedge-dryas dominated sites would likely burn with the adjacent tussock tundra, but the wetter sedge-willow dominated sites likely would not carry fire (personal communication Arctic modeling meeting April 2008). Charcoal sediment-based estimates of fire frequency for tundra in the Brook Range and to the north report fire frequencies of well over 1000 years (Sae-Lim et al. 2019). More frequent fire has been reported for arctic tundra in the Noatak Watershed and Yukon-Kuskokwim Delta (Sae-Lim et al. 2019). 
Fire Frequency 
Fire interval is expressed in years for each fire severity class and for all types of fire combined (All Fires). Average FI is the central tendency modeled. Percent of all fires is the percent of all fires modeled in that severity class. Minimum and Maximum FIs show the relative range of fire intervals as estimated by model contributors, if known.",Patch size is small to large.,This BpS may occur adjacent to tussock tundra. It could be confused with Arctic Mesic-Wet Willow Shrubland but is distinguished by the sedge component.,"In 2015 an extensive search was done by FEIS staff to locate information for a synthesis on fire regimes of Alaskan alder and willow shrublands (Innes 2015). At that time, the scientific literature about fire regimes in Alaskan alder and willow shrublands was scarce. Descriptions of fire ignition, season, pattern, and size specific to alder and willow shrublands were not found in the literature. In 2013, a similar review was done for Alaska tundra systems (Innes 2013). This report notes: “Due to a scarcity of information, LANDFIRE's Biophysical Settings Models lack information on fire regimes for most of the Alaskan tundra communities included in this review. A lack of fire records hinders knowledge of fire regimes in many communities. Where fire records are available, their quality is often noted as a concern.”",For discussion on contemporary changes in this BpS see Innes 2015.,"1/2023 Kori Blankenship split the BpS model and description into frequent and infrequent fire model variants based on feedback from participants in the virtual Tundra Work Session held in the winter 2022. For the frequent fire model, it was assumed that fire would be less frequent than the tussock tundra and shrub-tussock tundra BpS. It was difficult to select a fire frequency for the infrequent fire variant because studies report frequencies of ~1600 to 6000 years for tundra ecosystems in and north of the Brooks Range and from ~140 to 6000 in the Yukon-Kuskokwim Delta ecoregion (Sae-Lim et al. 2019). Because fire is generally so infrequent, fire related successional dynamics are not included in this model. Reviewer feedback is needed to refine the geographic range of the frequent and infrequent fire model variants.

For LANDFIRE National, this system was created for the AK Arctic region and did not receive review for other regions in the state. This model was created by Kori Blankenship and Keith Boggs based input from experts who attended the LANDFIRE Arctic Modeling Meeting (April 2008) and the draft Arctic Ecological Systems description (Boggs et al. 2008).

Succession Classes
Mapping Rules
Succession class letters A-E are described in the Succession Class Description section. Some classes use a leafform distinction where a qualifier is added to the class letter: Brdl (broadleaf), Con (conifer), or Mix (mixed conifer and broadleaf). UN refers to uncharacteristic native or a combination of height and cover that would not be expected under the reference condition. NP refers to not possible or a combination of height and cover which is not physiologically possible for the species in the BpS.


Description
Class A	100				Mid Development 1 - All Structures

Indicator Species

Description
This class represents the relatively stable Mesic Sedge-Willow Tundra system. 

Maximum Tree Size ClassNone
Model Parameters
Deterministic Transitions
Probabilistic Transitions","Boggs et al. 2008. International Ecological Classification Standard: Terrestrial Ecological Classifications. Draft Ecological Systems Description for the Alaska Arctic Region. 

Innes, Robin J. 2013. Fire regimes of Alaskan tundra communities. In: Fire Effects Information System, [Online]. U.S. Department of Agriculture, Forest Service, Rocky Mountain Research Station, Fire Sciences Laboratory (Producer). Available: http://www.fs.fed.us
/database/feis/fire_regimes/AK_tundra/all.html [2016, June 28].

Innes, Robin J. 2015. Fire regimes of Alaskan alder and willow shrublands. In: Fire Effects Information System, [Online]. U.S. Department of Agriculture, Forest Service, Rocky Mountain Research Station, Missoula Fire Sciences Laboratory (Producer). Available: http://www.fs.fed.us/database/feis/fire_regimes/AK_alder_shrub/all.html [ 2016, August 3].

Sae-Lim, J., Russell, J. M., Vachula, R. S., Holmes, R. M., Mann, P. J., Schade, J. D., and Natali, S. M. 2019. Temperature-controlled tundra fire severity and frequency during the last millennium in the Yukon-Kuskokwim Delta, Alaska. The Holocene. 29(7): 1223-1233.

Viereck, L.A., Dyrness, C.T., Batten, A.R., Wenzlick, K.J. 1992. The Alaska vegetation classification. Pacific Northwest Research Station, USDA Forest Service, Portland, OR. Gen. Tech. Rep. PNW-GTR286. 278 p.

Viereck, Leslie A.; Schandelmeier, Linda A. 1980. Effects of fire in Alaska and adjacent Canada: a literature review. BLM-Alaska Tech. Rep. 6, BLM/AK/TR-80/06. Anchorage, AK: U.S. Department of the Interior, Bureau of Land Management, Alaska State Office. 124 p

Wein, R.W. 1971. Panel discussion: In: Slaughter, C.W., Barney, Richard J., and Hansen, G.M. (editors). 1971. Fire in the Northern Environment – A Symposium. Sponsors: Alaska Forest Fire Counc il and Society of American Foresters. Held at: The University of Alaska, Fairbanks. April 13-14, 1971. Published by: Pacific.",16832_67_68_69.docx,,,,,
Shrubland,"67, 68, 69, 70, 71, 72, 73, 76",,"This Biophysical Setting (BpS) occurs throughout arctic Alaska, from the Bristol Bay lowlands in southwestern Alaska to the North Slope on the Arctic Ocean.","This is a common system on acidic (pH typically <6) or on non-acidic (pH typically >6) substrates in the hills and mountains of arctic Alaska. Sites on acidic substrates do not occur on flat thaw-lake plains, while non-acidic sites do not occur in the arctic lowlands. Common slope positions include valleys, sideslopes, and summits and ridges. The canopy is sparse due to extreme exposure, exposed bedrock, or unstable substrates. Sites are typically dry to mesic, and soils are typically thin, stony, and well-drained. Non-acidic sites are more common near floodplains, on carbonate substrates, and in loess deposition areas. Patch size is small to matrix-forming.","Total vascular plant cover is 10-25%, and lichen cover is <25%. 

Common dwarf-shrub species on acidic sites include Dryas octopetala, Empetrum nigrum, Vaccinium uliginosum, Dryas integrifolia, Loiseleuria procumbens, and Salix phlebophylla. 
Common dwarf-shrubs on non-acidic sites include Dryas octopetala, Dryas integrifolia, Saxifraga oppositifolia, Rhododendron lapponicum, Salix arctica, Salix reticulata, Cassiope tetragona, and Arctostaphylos rubra. 

Herbaceous species on acidic sites may include Antennaria alpina, Anthoxanthum monticola, Minuartia obtusiloba, Carex scirpoidea, Carex podocarpa, Carex microchaeta, and Festuca altaica. Herbaceous species on non-acidic sites may include Lupinus arcticus, Hedysarum boreale ssp. mackenziei (= Hedysarum mackenziei), Carex scirpoidea, Carex rupestris, Oxytropis nigrescens, Potentilla uniflora, Artemisia senjavinensis, Artemisia globularia, Artemisia furcata, Saxifraga oppositifolia, and Equisetum spp. 

Lichens on acidic sites include Cladina spp., Sphaerophorus globosus, Nephroma arcticum, Flavocetraria spp., and Alectoria ochroleuca. Lichens such as Thamnolia spp. and Cetraria islandica occur on non-acidic sites.
BpS Dominant and Indicator Species
Species names are from the NRCS PLANTS database. Check species codes at http://plants.usda.gov.","This BpS occupies sites characterized by high levels of disturbance such as frost heaving, solifluction, and wind. These continual disturbances combined with extremes site conditions (e.g. high elevation, very late melting snow beds, sometimes on bedrock substrate, shallow soils, scree slopes, and areas of active soil development) are the dominant factors shaping this BpS.
Fire Frequency 
Fire interval is expressed in years for each fire severity class and for all types of fire combined (All Fires). Average FI is the central tendency modeled. Percent of all fires is the percent of all fires modeled in that severity class. Minimum and Maximum FIs show the relative range of fire intervals as estimated by model contributors, if known.",Patch size is small to matrix-forming.,"This system is similar to the Alaska Arctic Acidic Dwarf-Shrub Lichen Tundra, but the vegetation cover is sparse. It is also similar to the Alaska Arctic Dwarf-Shrubland. For mapping, a bedrock geology map could be used to distinguish acidic and non-acidic tundra.",,,"In 2021 NatureServe merged Alaska Arctic Acidic Sparse Tundra (BpS 1685) and Alaska Arctic Non-Acidic Sparse Tundra (BpS 1686) into one Ecological System: North American Arctic Sparse Tundra. Pat Comer and Kori Blankenship merged the BpS descriptions to reflect the new Ecological System concept. Both BpS were represented by models with one seral state.


During LANDFIRE National Kori Blankenship and Keith Boggs drafted the description and model for BpS 1685 and 1686 based on the draft Arctic Ecological Systems description (Boggs et al. 2008).
Succession Classes
Mapping Rules
Succession class letters A-E are described in the Succession Class Description section. Some classes use a leafform distinction where a qualifier is added to the class letter: Brdl (broadleaf), Con (conifer), or Mix (mixed conifer and broadleaf). UN refers to uncharacteristic native or a combination of height and cover that would not be expected under the reference condition. NP refers to not possible or a combination of height and cover which is not physiologically possible for the species in the BpS.


Description
Class A	100				Mid Development 1 - All Structures

Indicator Species

Description
This class represents the Arctic Sparse Tundra system. 

Maximum Tree Size ClassNone
Model Parameters
Deterministic Transitions
Probabilistic Transitions","Boggs et al. 2008. International Ecological Classification Standard: Terrestrial Ecological Classifications. Draft Ecological Systems Description for the Alaska Arctic Region.

Comer, P., D. Faber-Langendoen, R. Evans, S. Gawler, C. Josse, G. Kittel, S. Menard, C. Nordman, M. Pyne, M. Reid, M. Russo, K. Schulz, K. Snow, J. Teague, and R. White. 2003-present. Ecological systems of the United States: A working classification of U.S. terrestrial systems. NatureServe, Arlington, VA.",16850_67_68_69_70_71_72_73_76.docx,,,,,
Herbaceous,"67, 68, 69, 70, 71, 72, 73, 74, 75, 76, 77",,"This Biophysical Setting (BpS) occurs throughout arctic AK and in MZ76, from the Bristol Bay lowlands in southwestern AK to the North Slope on the Arctic Ocean. In MZ76 this type is found in Nowacki ecoregions 8, 9 and 10.",This BpS is common in the hills and mountains of arctic AK on sites that are typically too harsh to support the growth of vascular plants. Common slope positions include sideslopes and exposed summits and ridges. Sites are typically acidic and dry to mesic and often rocky. It is especially common on recent volcanic deposits with little soil development (Boggs et al. 2008).,"The following information was taken from the draft Arctic Ecological Systems description (Boggs et al. 2008):
Lichen cover is >25%, and vascular plant species cover is <25%. Foliose and fruticose lichens dominate and include Umbilicaria spp., Rhizocarpon geographicum, Cladina stellaris, Racomitrium lanuginosum, Flavocetraria spp. and Alectoria ochroleuca. Common dwarf-shrubs include Loiseleuria procumbens, Betula nana, Ledum palustre ssp. decumbens, Empetrum nigrum, and Vaccinium uliginosum.
BpS Dominant and Indicator Species
Species names are from the NRCS PLANTS database. Check species codes at http://plants.usda.gov.","Crustose lichen communities are likely early seral but are likely to persist indefinitely because of harsh environmental conditions that inhibit the growth of vascular plants (Viereck et al. 1992; III.C.2.a). The successional status of foliose and fruticose lichen communities is unknown (Viereck et al. 1992; III.C.2.b).

In 2013 an extensive search was done by Fire Effects Information Systems staff to locate information for a synthesis on fire regimes of Alaskan tundra communities (Innes 2013). The review notes that lichens can establish within a few years post-fire, but recovery can take more than 100 years on severely burned sites (Innes 2013).

Fire Frequency
Fire interval is expressed in years for each fire severity class and for all types of fire combined (All Fires). Average FI is the central tendency modeled. Percent of all fires is the percent of all fires modeled in that severity class. Minimum and Maximum FIs show the relative range of fire intervals as estimated by model contributors, if known.",Small to large patch,,,,"During LANDFIRE National this system was created for the AK Arctic region and did not receive review for other regions in the state. This model was created by Kori Blankenship and Keith Boggs based input from experts who attended the LANDFIRE Arctic Modeling Meeting (April 2008) and the draft Arctic Ecological Systems description (Boggs et al. 2008).
Succession Classes
Mapping Rules
Succession class letters A-E are described in the Succession Class Description section. Some classes use a leafform distinction where a qualifier is added to the class letter: Brdl (broadleaf), Con (conifer), or Mix (mixed conifer and broadleaf). UN refers to uncharacteristic native or a combination of height and cover that would not be expected under the reference condition. NP refers to not possible or a combination of height and cover which is not physiologically possible for the species in the BpS.


Description
Class A	100				Mid Development 1 - All Structures

Indicator Species

Description
This class represents the Lichen Tundra system. Refer to the vegetation description for common species.

Maximum Tree Size ClassNone
Model Parameters
Deterministic Transitions
Probabilistic Transitions","Boggs et al. 2008. International Ecological Classification Standard: Terrestrial Ecological Classifications. Draft Ecological Systems Description for the Alaska Arctic Region.

Innes, Robin J. 2013. Fire regimes of Alaskan tundra communities. In: Fire Effects Information System, [Online]. U.S. Department of Agriculture, Forest Service, Rocky Mountain Research Station, Fire Sciences Laboratory (Producer). Available: http://www.fs.fed.us
/database/feis/fire_regimes/AK_tundra/all.html [2016, June 28].

Viereck, L.A., Dyrness, C.T., Batten, A.R., Wenzlick, K.J. 1992. The Alaska vegetation classification. Pacific Northwest Research Station, USDA Forest Service, Portland, OR. Gen. Tech. Rep. PNW-GTR286. 278 p.",16870_67_68_69_70_71_72_73_74_75_76_77.docx,,,,,
Shrubland,"67, 68, 69, 70, 71, 72, 73, 74, 76",,"This Biophysical Setting (BpS) occurs throughout arctic Alaska, north of the Bristol Bay lowlands in southwestern Alaska to the North Slope on the Arctic Ocean.","The arctic Dryas tundra system commonly occurs on exposed, circumneutral, rocky substrates in the hills and mountains of arctic Alaska. Sites are commonly found on mountain slopes, hillslopes, sideslopes, summits, ridges, pingos, and stabilized dunes, throughout the arctic, and are uncommon to rare on late-lying snow beds and flat thaw-lake plains. Non-acidic sites are more common on carbonate substrates loess deposition areas associated with large floodplains, dunes, and bluffs, and may be found as small patches on river bluffs on the Arctic Coastal Plain, but otherwise does not occur in the arctic lowlands. Acidic sites do not occur in the arctic lowlands. Patch size is small to matrix-forming. Permafrost is present. Sites are typically dry to mesic, and soils are thin, stony, and well-drained to mesic, but may be saturated below 15 cm.","Sites may be dominated by Dryas integrifolia or D. octopetala (D. octopetala is now considered restricted to Greenland; Dryas alaksensis and Dryas anjanensis are more current nomenclature for Dryas species that are present in Alaska, but they are not listed in the USDA Plants Database) or co-dominated by a combination of the two species. Dryas integrifolia is more common on exposed microtopographic highs on the Arctic Coastal Plain whereas D. octopetala is more common on summits, shoulders, and ridges in the mountains and hills. This system is co-dominated by sedges and dwarf-shrubs. Dryas spp. cover is >10%, and total dwarf-shrub cover ranges from <25% to >25% depending on the pH and moisture of the substrate. 

The plant community typically includes Cassiopie tetragona, Arctous alpina, Salix reticulata, and/or Salix phlebophyla (Viereck et al. 1992, Alaska Center for Conservation Science unpublished field data). Herbaceous cover is generally low, and composition is variable. Frequent graminoids are Anthoxanthum monticola ssp. alpinum, Trisetum spicatum, Carex microchaeta, and Carex scirpoidea. Forbs such as Polygonum viviparum, Minuartia macrocarpa, M. obtusiloba, Anemone spp., and Saxifraga nelsoniana may occur. Mosses such as Polytrichum spp., Racomitrium lanuginosum, and lichens such as Thamnolia vermicularis, Stereocaulon spp., Bryocaulon divergens, Alectoria ochroleuca, A. nigraicans, Cetraria islandica, and Flavocetraria cucullate. 

Accessory species characteristic of acidic substrates: Empetrum nigrum (although not present in the high arctic), Vaccinium vitis-idaea, and Vaccinium uliginosum.

Accessory species characteristic of calcareous substrates: Rhododendron lapponicum, Saxifraga oppositifolia, Potentilla uniflora, Hedysarum boreale ssp. mackenziei (= Hedysarum mackenziei), Oxytropis nigrescens, and Tortula ruralis.   

BpS Dominant and Indicator Species
Species names are from the NRCS PLANTS database. Check species codes at http://plants.usda.gov.","Successional relationships are unclear. Cryoturbation is the primary disturbance affecting this BpS. Compared to dwarf shrub lichen tundra and tussock tundra, Dryas tundra is slow growing and unlikely to sustain fire due to low fuel load.

In 2013 an extensive search was done by Fire Effects Information System staff to locate information for a synthesis on fire regimes of Alaskan tundra communities (Innes 2013). Little information was available on Dryas communities. For Alaskan tundra ecosystems during the late Holocene mean fire return intervals from 142 to 5000 years were reported (Innes 2013). Fire frequency varies by region with tundra communities on the Seward Peninsula and in the Noatak River, Watershed burning more frequently than other regions (Innes 2013). Shrubs are typically top killed by fire but regrow quickly (Innes 2013). Sedge-dryas dominated sites would likely burn with the adjacent tussock tundra, but the wetter sedge-willow dominated sites likely would not carry fire (personal communication Arctic modeling meeting April 2008).
Fire Frequency
Fire interval is expressed in years for each fire severity class and for all types of fire combined (All Fires). Average FI is the central tendency modeled. Percent of all fires is the percent of all fires modeled in that severity class. Minimum and Maximum FIs show the relative range of fire intervals as estimated by model contributors, if known.",Patches are small to large and may be matrix-forming.,This BpS may occur adjacent to tussock tundra.,,,"10/2021 This description was updated by NatureServe staff and Kori Blankenship based on the updated Ecological Systems classification for Alaska. Edits focused on adjusting the Geographic Range, Biophysical Site Descriptions, and Vegetation Description sections.

In 2021 NatureServe merged Alaska Arctic Acidic Dryas Dwarf-Shrubland (BpS 1688), Alaska Arctic Mesic Sedge-Dryas Tundra (BpS 1684), and Alaska Arctic Non-Acidic Dryas Dwarf-Shrubland (BpS 1689) into a single Ecological System called North American Arctic Dryas Tundra. Kori Blankenship merged the old BpS descriptions to create a description for this system.

For LANDFIRE National BpS 1684, 1688, and 1689 were created by Kori Blankenship and Keith Boggs based on the draft Arctic Ecological Systems description (Boggs et al. 2008) and reviewed by Janet Jorgenson.
Succession Classes
Mapping Rules
Succession class letters A-E are described in the Succession Class Description section. Some classes use a leafform distinction where a qualifier is added to the class letter: Brdl (broadleaf), Con (conifer), or Mix (mixed conifer and broadleaf). UN refers to uncharacteristic native or a combination of height and cover that would not be expected under the reference condition. NP refers to not possible or a combination of height and cover which is not physiologically possible for the species in the BpS.


Description
Class A	100				Mid Development 1 - All Structures

Indicator Species

Description
This class represents the North American Arctic Dryas Tundra system. Refer to the vegetation description for common species. 

Model Parameters
Deterministic Transitions
Probabilistic Transitions","Boggs et al. 2008. International Ecological Classification Standard: Terrestrial Ecological Classifications. Draft Ecological Systems Description for the Alaska Arctic Region.

Hall, Dorothy K.; Brown, Jerry; Johnson, Larry. 1978. The 1977 tundra fire in the Kokolik River area of Alaska. Arctic. 31(1): 54-58.

Innes, Robin J. 2013. Fire regimes of Alaskan tundra communities. In: Fire Effects Information System, [Online]. U.S. Department of Agriculture, Forest Service, Rocky Mountain Research Station, Fire Sciences Laboratory (Producer). Available: http://www.fs.fed.us
/database/feis/fire_regimes/AK_tundra/all.html [2016, June 28].

Johnson, L.; Viereck, L. 1983. Recovery and active layer changes following a tundra fire in northwestern Alaska. In: Permafrost: Fourth international conference, Proceedings; Fairbanks, AK. Washington DC: National Academy Press: 543-547.

Jorgenson, M. T., J. E. Roth, M. Emers, W. Davis, S.F., Schlentner and M.J. Macander. 2004. Landcover Mapping for Bering Land Bridge National Preserve and Cape Krusenstern National Monument, Northwestern Alaska. Final report for National Park Service. ABR, Inc. Fairbanks, AK. 129 p.

Viereck et al. 1992. The Alaska vegetation classification. Pacific Northwest Research Station, USDA Forest Service, Portland, OR. Gen. Tech. Rep. PNW-GTR286. 278 p.",16880_67_68_69_70_71_72_73_74_76.docx,,,,,
Shrubland,68,This Biophysical Setting (BpS) was split into frequent and infrequent fire variants so regional differences in fire frequency could be represented. The frequent fire variant applies to map zone 68 within level 2 ecoregions (Nowacki et al. 2001): Intermontane Boreal and Bering Tundra. In all other areas the infrequent fire variant applies.,"This BpS occurs throughout arctic Alaska, from the Bristol Bay lowlands in southwestern Alaska and the south side of the Brooks Range, to the North Slope on the Arctic Ocean. This description applies to areas with more frequent fire including the Seward Peninsula and the Noatak River watershed.","This is a common system on acidic and non-acidic substrates in the hills and mountains of arctic AK. This system does not occur in arctic lowlands. Common slope positions include valleys, sideslopes (especially north-facing), late-lying snowbeds, summits, and ridges. Sites are typically dry to mesic. Sites with >25% lichen cover tend to be exposed to the wind and accumulate little winter snow (Viereck et al. 1992). Non-acidic sites are more common near floodplains, on carbonate substrates, and loess deposition areas. This system does not occur on flat thaw-lake plains.","Dwarf-shrub cover is >25%, dominated by dwarf-shrubs other than Dryas spp. and lichen cover may exceed 25% particularly on exposed sites. Herbaceous cover varies from a trace to 75%. Dwarf-shrubs that dominate or co-dominate the system include Cassiope tetragona, Empetrum nigrum, Vaccinium uliginosum, Salix reticulata, Salix arctica, Salix rotundifolia, and Arctostaphylos alpina. Cassiope tetragona is more common on non-acidic sites, and Empetrum nigrum dominates this system in its southern range. Other shrubs include Betula nana, Dryas octopetala, Dryas integrifolia, Ledum palustre ssp. decumbens, Loiseleuria procumbens, Vaccinium vitis-idaea, Salix phlebophylla, Saxifraga oppositifolia, Rhododendron lapponicum, and Arctostaphylos rubra. Common herbaceous species include Hierochloe alpina, Boykinia richardsonii, Carex microchaeta, Carex scirpoidea, Geum glaciale, Pedicularis lanata, Eriophorum angustifolium ssp. triste, Equisetum spp., Antennaria alpina, and Festuca altaica. Mosses such as Rhytidium rugosum, Aulacomnium turgidum, Distichium capillaceum, Racomitrium lanuginosum, Dicranum elongatum, and Polytrichum spp. may be common but contribute little cover (Viereck et al. 1992). On non-acidic sites common lichens include Flavocetraria cucullata, Flavocetraria spp., Stereocaulon spp., Alectoria nigricans, and Thamnolia vermicularis, but Cladonia and Cladina species are uncommon. On acidic sites dominant lichens are Cladina rangiferina and/or Cladina stellaris.
BpS Dominant and Indicator Species
Species names are from the NRCS PLANTS database. Check species codes at http://plants.usda.gov.","In 2013 an extensive search was done by Fire Effects Information System staff to locate information for a synthesis on fire regimes of Alaskan tundra communities (Innes 2013). This synthesis found that studies providing information on fire frequency in tundra ecosystems generally do not differentiate among plant communities and that for tundra types mean fire-return intervals (MFRIs) from 50 to >1,000 years were reported (Innes 2013). When fires burn, stand-replacing crown fires are common (Innes 2013). Sae-Lim and others (2019) reported MFRIs for four tundra sites in the Noatak Watershed ecoregion with MFRIs from 135 to 309 years. 

Pre- and post-fire monitoring data in a dwarf shrubland on Seward Peninsula offers one possible successional trajectory for this community (Racine et al. 2004). On a site burned in 1977, plot data indicated that during the first three years after fire, bryophytes (Ceratodon purpureus and Marchantia polymorpha) dominated the site. Carex bigelowii, Chamerion angustifolium (= Epilobium angustifolium) and Calamagrostis canadensis also increased. By 10 years, the site was graminoid dominated. Shrubs, including Ledum palustre, Vaccinium vitis-idaea, Empetrum nigrum and Betula nana, were slow to recover or had not recovered on the sites within 24 years. Cover of Salix pulchra increased after the fire from 1% on the control site to 4-22% on various burned plots. It is unclear how well this successional sequence represents a “reference” condition for Arctic Dwarf-Shrubland. The authors note that the 1977 fire on their study site “accelerated the predicted effects of climate warming on arctic tundra by increasing the percent cover of deciduous shrubs (Racine et al. 2004, p. 9).”
Fire Frequency 
Fire interval is expressed in years for each fire severity class and for all types of fire combined (All Fires). Average FI is the central tendency modeled. Percent of all fires is the percent of all fires modeled in that severity class. Minimum and Maximum FIs show the relative range of fire intervals as estimated by model contributors, if known.",Large patch,,Most of the fire regime literature available for tundra ecosystems in Alaska is from the Seward Peninsula and Noatak River Watershed where fire occurs more frequently than other regions of the state (Innes 2013). Little is known about fire history in arctic tundra communities in northern and northwestern Alaska (Innes 2013). Participants in the virtual Tundra Work Session held in the winter 2022 indicated that fire frequencies for tundra vary considerably across its geographic range and that the fire regime may be driven more by the climate than the vegetation or fuel type.,"The current conditions should be similar to the reference condition. According to Innes 2013: “Because most of the area occupied by tundra in Alaska is sparsely populated and has little road access, fire regimes in tundra may not differ much from historical regimes [Chapin et al. 2000, DeWilde and Chapin 2006, Heinselman 1981]. As of 2006, about 66% of interior Alaska was considered to have an essentially ""natural"" fire regime, with few human ignitions, negligible suppression activity, and many large, lightning-caused fires.” Innes 2013 provides information about climate change and Alaska tundra communities.","4/2022 Kori Blankenship changed the geographic range and map zones to which this BpS model and description apply based on feedback from reviewer Robin Innes and participants in the virtual Tundra Work Session held in the winter 2022. Reviewer feedback is needed to refine the geographic range of the frequent and infrequent fire model variants. 

10/2021 This description was updated by NatureServe staff and Kori Blankenship based on the updated Ecological Systems classification for Alaska. Edits focused on adjusting the Geographic Range, Biophysical Site Descriptions, and Vegetation Description sections.

In 2021 the name of this BpS was changed from Alaska Arctic Dwarf-Shrubland - Frequent Fire to North American Arctic Dwarf-Shrub Lichen Tundra – Frequent Fire in response to changes to the Ecological Systems classification.

During LANDFIRE National, this system was created for the AK Arctic region and did not receive review for other regions in the state. This model was created by Kori Blankenship and Keith Boggs based on the draft Arctic Ecological Systems description (Boggs et al. 2008) and a successional sequence documented by Racine et al. (2004). 
The modelers estimated that the fire return interval for this type was similar to that of the Alaska Arctic Tussock Tundra - frequent fire model.

Succession Classes

Mapping Rules
Succession class letters A-E are described in the Succession Class Description section. Some classes use a leafform distinction where a qualifier is added to the class letter: Brdl (broadleaf), Con (conifer), or Mix (mixed conifer and broadleaf). UN refers to uncharacteristic native or a combination of height and cover that would not be expected under the reference condition. NP refers to not possible or a combination of height and cover which is not physiologically possible for the species in the BpS.


Description
Class A	7				Early Development 1 - All Structures

Indicator Species

Description
Immediately post-fire bryophytes (e.g., Polytrichum spp., Ceratodon purpureus and Marchantia polymorpha) and sedges dominate the site (Racine et al. 2004).

Maximum Tree Size ClassNone
Class B	93				Late Development 1 - All Structures

Indicator Species

Description
Dwarf shrubs recapture the site within 24 years (Racine et al. 2004). Low shrubs can occur but with < 25% cover. Vaccinium, Salix, Arctostaphylos and Ledum spp. tend to recover more quickly than Empetrum nigrum which has shallow rhizomes that are more susceptible to moderate and high severity fire.

Maximum Tree Size ClassNone
Model Parameters
Deterministic Transitions
Probabilistic Transitions","Boggs et al. 2008. International Ecological Classification Standard: Terrestrial Ecological Classifications. Draft Ecological Systems Description for the Alaska Arctic Region.

Chapin, F. S., III; McGuire, A. D.; Randerson, J.; Pielke, R., Sr.; Baldocchi, D.; Hobbie, S. E.; Roulet, N.; Eugster, W.; Kasischke, E.; Rastetter, E. B.; Zimov, S. A.; Running, S. W. 2000. Arctic and boreal ecosystems of western North America as components of the climate system. Global Change Biology. 6(Supplement 1): 211-223.

Comer, P., D. Faber-Langendoen, R. Evans, S. Gawler, C. Josse, G. Kittel, S. Menard, C. Nordman, M. Pyne, M. Reid, M. Russo, K. Schulz, K. Snow, J. Teague, and R. White. 2003-present. Ecological systems of the United States: A working classification of U.S. terrestrial systems. NatureServe, Arlington, VA.

DeWilde, La'ona; Chapin, F. Stuart, III. 2006. Human impacts on the fire regime of interior Alaska: interactions among fuels, ignition sources, and fire suppression. Ecosystems. 9(8): 1342-1353. 

Heinselman, Miron L. 1981. Fire intensity and frequency as factors in the distribution and structure of northern ecosystems. In: Mooney, H. A.; Bonnicksen, T. M.; Christensen, N. L.; Lotan, J. E.; Reiners, W. A., technical coordinators. Fire regimes and ecosystem properties: Proceedings of the conference; 1978 December 11-15; Honolulu, HI. Gen. Tech. Rep. WO-26. Washington, DC: U.S. Department of Agriculture, Forest Service: 7-57.

Innes, Robin J. 2013. Fire regimes of Alaskan tundra communities. In: Fire Effects Information System, [Online]. U.S. Department of Agriculture, Forest Service, Rocky Mountain Research Station, Fire Sciences Laboratory (Producer). Available: http://www.fs.fed.us
/database/feis/fire_regimes/AK_tundra/all.html [2016, June 28].
Racine, C., R. Jandt, C. Meyers and J. Dennis. 2004. Tundra fire and vegetation change along a hillslope on the Seward Peninsula, Alaska, U.S.A. Arctic, Antarctic, and Alpine Research. 36(1): 1-10.

Sae-Lim, J., Russell, J. M., Vachula, R. S., Holmes, R. M., Mann, P. J., Schade, J. D., and Natali, S. M. 2019. Temperature-controlled tundra fire severity and frequency during the last millennium in the Yukon-Kuskokwim Delta, Alaska. The Holocene. 29(7): 1223-1233.

Viereck, L.A., C.T. Dyrness, A.R. Batten, K.J. Wenzlick. 1992. The Alaska vegetation classification. Pacific Northwest Research Station, USDA Forest Service, Portland, OR. Gen. Tech. Rep. PNW-GTR286. 278 p.

Viereck, L.A., and L.A. Schandelmeier. 1980. Effects of fire in Alaska and adjacent Canada--a literature review. BLM-Aalska Tech. Rep. No. 6. Anchorage, Alaska: U.S. Department of the Interior, Bureau of Land Management. 124 p.",16901_68.docx,,,,,
Shrubland,"67, 68, 69, 70, 71, 72, 73, 74, 75, 76, 77",This Biophysical Setting (BpS) was split into frequent and infrequent fire variants so regional differences in fire frequency could be represented. The frequent fire variant applies to map zone 68 within level 2 ecoregions (Nowacki et al. 2001): Intermontane Boreal and Bering Tundra. In all other areas the infrequent fire variant applies.,"This system occurs throughout arctic Alaska, from the Bristol Bay lowlands in southwestern Alaska and the south side of the Brooks Range, to the North Slope on the Arctic Ocean. This description applies to areas outside of map zone 68 with infrequent fire.","This is a common system on acidic and non-acidic substrates in the hills and mountains of arctic Alaska. This system does not occur in arctic lowlands. Common slope positions include valleys, sideslopes (especially north-facing), late-lying snowbeds, summits and ridges. Sites are typically dry to mesic. Sites with >25% lichen cover tend to be exposed to the wind and accumulate little winter snow (Viereck et al. 1992). Non-acidic sites are more common near floodplains, on carbonate substrates and loess deposition areas. This system does not occur on flat thaw-lake plains.","Dwarf-shrub cover is >25%, dominated by dwarf-shrubs other than Dryas spp. and lichen cover may exceed 25% particularly on exposed sites. Herbaceous cover varies from a trace to 75%. Dwarf -shrubs that dominate or co-dominate the system are Cassiope tetragona, Empetrum nigrum, Vaccinium uliginosum, Salix reticulata, Salix arctica, Salix rotundifolia and Arctostaphylos alpina. Cassiope tetragona is more common on non-acidic sites, and Empetrum nigrum dominates this system in its southern range. Other shrubs include Betula nana, Dryas octopetala, Dryas integrifolia, Ledum palustre ssp. decumbens, Loiseleuria procumbens, Vaccinium vitis-idaea, Salix phlebophylla, Saxifraga oppositifolia, Rhododendron lapponicum and Arctostaphylos rubra. Common herbaceous species include Hierochloe alpina, Boykinia richardsonii, Carex microchaeta, Carex scirpoidea, Geum glaciale, Pedicularis lanata, Eriophorum angustifolium ssp. triste, Equisetum spp., Antennaria alpine, and Festuca altaica. Mosses such as Rhytidium rugosum, Aulacomnium turgidum, Distichium capillaceum, Racomitrium lanuginosum, Dicranum elongatum and Polytrichum spp. may be common but contribute little cover (Viereck et al. 1992). On non-acidic sites common lichens include Flavocetraria cucullata, Flavocetraria spp., Stereocaulon spp., Alectoria nigricans, and Thamnolia vermicularis, but Cladonia and Cladina species are uncommon. On acidic sites dominant lichens are Cladina rangiferina and/or Cladina stellaris.
BpS Dominant and Indicator Species
Species names are from the NRCS PLANTS database. Check species codes at http://plants.usda.gov.","In 2013 an extensive search was done by Fire Effects Information System staff to locate information for a synthesis on fire regimes of Alaskan tundra communities (Innes 2013). This synthesis found that studies providing information on fire frequency in tundra ecosystems generally do not differentiate among plant communities and that for tundra types mean fire-return intervals from 50 to > 1,000 years were reported (Innes 2013). When fires burn, stand-replacing crown fires are common (Innes 2013). Sae-Lim and others (2019) reported mean fire return intervals (MFRIs) for tundra that varied widely across Alaska. For sites in the North Slope and Brooks Range ecoregions they reported MFRIs from 1,648 years to 6,045 years. On the Yukon-Kuskokwim Delta they reported one site with a MFRI of 141 years and another with a MFRI of 5,904 years.

Fire Frequency
Fire interval is expressed in years for each fire severity class and for all types of fire combined (All Fires). Average FI is the central tendency modeled. Percent of all fires is the percent of all fires modeled in that severity class. Minimum and Maximum FIs show the relative range of fire intervals as estimated by model contributors, if known.",Large patch.,,"Most of the fire regime literature available for tundra ecosystems in Alaska is from the Seward Peninsula and Noatak River Watershed where fire occurs more frequently than other regions of the state (Innes 2013). Little is known about fire history in arctic tundra communities in northern and northwestern Alaska (Innes 2013). Participants in the virtual Tundra Work Session held in the winter 2022 indicated that fire frequencies for tundra vary considerably across its geographic range and that the fire regime may be driven more by the climate than the vegetation or fuel type.

The modelers estimated that the fire return interval for this type was similar to that of the Alaska Arctic Tussock Tundra - infrequent fire model. The MFRI for this type is unclear and should be reassessed for future modeling efforts.","The current conditions should be similar to the reference condition. According to Innes 2013: “Because most of the area occupied by tundra in Alaska is sparsely populated and has little road access, fire regimes in tundra may not differ much from historical regimes [Chapin et al. 2000, DeWilde and Chapin 2006, Heinselman 1981]. As of 2006, about 66% of interior Alaska was considered to have an essentially ""natural"" fire regime, with few human ignitions, negligible suppression activity, and many large, lightning-caused fires.” Innes 2013 provides information about climate change and Alaska tundra communities.","4/2022 Kori Blankenship changed the geographic range and map zones to which this BpS model and description apply based on feedback from reviewer Robin Innes and participants in the virtual Tundra Work Session held in the winter 2022. Reviewer feedback is needed to refine the geographic range of the frequent and infrequent fire model variants.

10/2021 This description was updated by NatureServe staff and Kori Blankenship based on the updated Ecological Systems classification for Alaska. Edits focused on adjusting the Geographic Range, Biophysical Site Descriptions, and Vegetation Description sections.

In 2021 the name of this BpS was changed from Alaska Arctic Dwarf-Shrubland - Frequent Fire to North American Arctic Dwarf-Shrub Lichen Tundra – Frequent Fire in response to changes to the Ecological Systems classification.

During LANDFIRE National, this model was created by Kori Blankenship and Keith Boggs based on the draft Arctic Ecological Systems description (Boggs et al. 2008) and the Alaska Arctic Dwarf-Shrubland-frequent fire (16901) model. The seral stages from the frequent fire model were used for this model but the fire frequency was increased to be similar to that of the Alaska Arctic Tussock Tundra - infrequent fire model (16942).

Succession Classes
Mapping Rules
Succession class letters A-E are described in the Succession Class Description section. Some classes use a leafform distinction where a qualifier is added to the class letter: Brdl (broadleaf), Con (conifer), or Mix (mixed conifer and broadleaf). UN refers to uncharacteristic native or a combination of height and cover that would not be expected under the reference condition. NP refers to not possible or a combination of height and cover which is not physiologically possible for the species in the BpS.


Description
Class A	2				Early Development 1 - All Structures

Indicator Species

Description
Immediately post-fire bryophytes (e.g., Polytrichum spp., Ceratodon purpureus and Marchantia polymorpha) and sedges dominate the site (Racine et al. 2004).

Maximum Tree Size ClassNone
Class B	98				Late Development 1 - All Structures

Indicator Species

Description
Dwarf shrubs recapture the site within 24 years (Racine et al. 2004). Low shrubs can occur but with < 25% cover. Vaccinium, Salix, Arctostaphylos and Ledum spp. tend to recover more quickly than Empetrum nigrum which has shallow rhizomes that are more susceptible to moderate and high severity fire.

Maximum Tree Size ClassNone
Model Parameters
Deterministic Transitions
Probabilistic Transitions","Boggs et al. 2008. International Ecological Classification Standard: Terrestrial Ecological Classifications. Draft Ecological Systems Description for the Alaska Arctic Region.

Chapin, F. S., III; McGuire, A. D.; Randerson, J.; Pielke, R., Sr.; Baldocchi, D.; Hobbie, S. E.; Roulet, N.; Eugster, W.; Kasischke, E.; Rastetter, E. B.; Zimov, S. A.; Running, S. W. 2000. Arctic and boreal ecosystems of western North America as components of the climate system. Global Change Biology. 6(Supplement 1): 211-223.

Comer, P., D. Faber-Langendoen, R. Evans, S. Gawler, C. Josse, G. Kittel, S. Menard, C. Nordman, M. Pyne, M. Reid, M. Russo, K. Schulz, K. Snow, J. Teague, and R. White. 2003-present. Ecological systems of the United States: A working classification of U.S. terrestrial systems. NatureServe, Arlington, VA.

DeWilde, La'ona; Chapin, F. Stuart, III. 2006. Human impacts on the fire regime of interior Alaska: interactions among fuels, ignition sources, and fire suppression. Ecosystems. 9(8): 1342-1353. 

Heinselman, Miron L. 1981. Fire intensity and frequency as factors in the distribution and structure of northern ecosystems. In: Mooney, H. A.; Bonnicksen, T. M.; Christensen, N. L.; Lotan, J. E.; Reiners, W. A., technical coordinators. Fire regimes and ecosystem properties: Proceedings of the conference; 1978 December 11-15; Honolulu, HI. Gen. Tech. Rep. WO-26. Washington, DC: U.S. Department of Agriculture, Forest Service: 7-57.

Innes, Robin J. 2013. Fire regimes of Alaskan tundra communities. In: Fire Effects Information System, [Online]. U.S. Department of Agriculture, Forest Service, Rocky Mountain Research Station, Fire Sciences Laboratory (Producer). Available: http://www.fs.fed.us
/database/feis/fire_regimes/AK_tundra/all.html [2016, June 28].
Racine, C., R. Jandt, C. Meyers and J. Dennis. 2004. Tundra fire and vegetation change along a hillslope on the Seward Peninsula, Alaska, U.S.A. Arctic, Antarctic, and Alpine Research. 36(1): 1-10.

Sae-Lim, J., Russell, J. M., Vachula, R. S., Holmes, R. M., Mann, P. J., Schade, J. D., and Natali, S. M. 2019. Temperature-controlled tundra fire severity and frequency during the last millennium in the Yukon-Kuskokwim Delta, Alaska. The Holocene. 29(7): 1223-1233.

Viereck, L.A., C.T. Dyrness, A.R. Batten, K.J. Wenzlick. 1992. The Alaska vegetation classification. Pacific Northwest Research Station, USDA Forest Service, Portland, OR. Gen. Tech. Rep. PNW-GTR286. 278 p.

Viereck, L.A., and L.A. Schandelmeier. 1980. Effects of fire in Alaska and adjacent Canada--a literature review. BLM-Aalska Tech. Rep. No. 6. Anchorage, Alaska: U.S. Department of the Interior, Bureau of Land Management. 124 p.",16902_67_68_69_70_71_72_73_74_75_76_77.docx,,,,,
Herbaceous Wetlands,"67, 68, 69, 70, 71, 72, 76",North American Boreal and Arctic Freshwater Aquatic Bed (BpS 1627) is lumped with this Biophysical Setting (BpS).,"This BpS occurs throughout arctic AK, from the Bristol Bay lowlands in southwestern AK to the North Slope on the Arctic Ocean. It is especially common on the arctic coastal plain and Yukon River delta.","These freshwater marshes occur as small patches throughout arctic Alaska, typically on the margins of ponds, lakes, and beaded streams. They are semi-permanently flooded, but some have seasonal flooding, and the water depth typically exceeds 10 cm. It is also found on large to small floodplains where various wetlands form in oxbows, wet depressions, low-lying areas, and abandoned channels, including freshwater marshes. Adjacent deeper water supports aquatic beds. Soils are muck or mineral, and water is nutrient-rich. In floodplains, permafrost is absent.","This system has standing water with >10% cover of emergent herbaceous vegetation, primarily Arctophila fulva. Species diversity is low. It is often dominated by Carex aquatilis or Eriophorum angustifolium, but other emergent species may occur, including Comarum palustre, Hippuris vulgaris, Carex triculate, Menyanthes trifoliata, Lysimachia thyrsiflora, and Equisetum fluviatile. Adjacent aquatic beds would support submerged vegetation.
BpS Dominant and Indicator Species
Species names are from the NRCS PLANTS database. Check species codes at http://plants.usda.gov.","This system occurs within a variety of successional processes, including thaw lakes, ice-wedge polygons, and oriented lakes. Seral stages and the rate of succession are unclear. In floodplains, primary succession on the Yukon-Kuskokwim Delta may move rapidly from aquatic bed to marsh to wet sedge and, possibly, to wet low-tall shrub. An alternate wetland pathway is mesic sites supporting low or tall willows moving to wet low-tall shrub to wet sedge to tussocks, but this last stage is no longer part of floodplain dynamics. Primary succession on the Beaufort Coastal Plain progresses slowly from gravel bars to tall willow (possibly persisting for 300 years) or alder-willow, then to wet low willow (possibly persisting for 500 years). Paludification may lead to wet sedge (possibly persisting for 1000-2000 years), and permafrost formation may lead to tussock tundra, but this last stage is no longer part of the floodplain dynamics.

In 2015, an extensive literature search was done by Fire Effects Information System staff to locate information for a synthesis on fire regimes of Alaskan wet and mesic herbaceous systems (Innes 2015). At that time there was little published information on fire regimes of freshwater marshes in AK, but anecdotal information suggests that they can occasionally burn (Innes 2015). 

Fire Frequency 
Fire interval is expressed in years for each fire severity class and for all types of fire combined (All Fires). Average FI is the central tendency modeled. Percent of all fires is the percent of all fires modeled in that severity class. Minimum and Maximum FIs show the relative range of fire intervals as estimated by model contributors, if known.",Small patch.,,,,"In 2021 NatureServe merged Alaska Arctic Pendantgrass Freshwater Marsh (BpS 1697) and Alaska Arctic Sedge Freshwater Marsh (BpS 1705) into one Ecological System: North American Arctic Freshwater Marsh. Both BpS were described and modeled by Keith Boggs and Kori Blankenship and reviewed by Janet Jorgenson. Both BpS were represented by models with one seral state and no transitions. Kori Blankenship worked with NatureServe staff to merge the BpS descriptions to reflect the new Ecological System concept. 

For LANDFIRE National this model was created by Kori Blankenship and Keith Boggs based input from experts who attended the LANDFIRE Arctic Modeling Meeting (April 2008) and the draft Arctic Ecological Systems description.
Succession Classes
Mapping Rules
Succession class letters A-E are described in the Succession Class Description section. Some classes use a leafform distinction where a qualifier is added to the class letter: Brdl (broadleaf), Con (conifer), or Mix (mixed conifer and broadleaf). UN refers to uncharacteristic native or a combination of height and cover that would not be expected under the reference condition. NP refers to not possible or a combination of height and cover which is not physiologically possible for the species in the BpS.


Description
Class A	100				Mid Development 1 - All Structures

Indicator Species

Description
Herbaceous vegetation dominates the marsh system. 

Maximum Tree Size ClassNone
Model Parameters
Deterministic Transitions
Probabilistic Transitions","Comer, P., D. Faber-Langendoen, R. Evans, S. Gawler, C. Josse, G. Kittel, S. Menard, C. Nordman, M. Pyne, M. Reid, M. Russo, K. Schulz, K. Snow, J. Teague, and R. White. 2003-present. Ecological systems of the United States: A working classification of U.S. terrestrial systems. NatureServe, Arlington, VA. 

Innes, Robin J. 2015. Fire regimes of Alaskan wet and mesic herbaceous systems. In: Fire Effects Information System, [Online]. U.S. Department of Agriculture, Forest Service, Rocky Mountain Research Station, Missoula Fire Sciences Laboratory (Producer). Available: http://www.fs.fed.us/database/feis/fire_regimes/AK_wet_herbaceous/all.html [2016, August 2].

Viereck, L.A., C.T. Dyrness, A.R. Batten and K.J. Wenzlick. 1992. The Alaska vegetation classification. Pacific Northwest Research Station, USDA Forest Service, Portland, OR. Gen. Tech. Rep. PNW-GTR286. 278 p.",16970_67_68_69_70_71_72_76.docx,,,,,
Herbaceous,"67, 68, 69, 70, 71, 72, 73, 76",,"This Biophysical Setting (BpS) occurs throughout arctic AK and in MZ76, from the Bristol Bay lowlands in southwestern AK to the North Slope on the Arctic Ocean. It is more common in the western arctic. In MZ76 this type is found in Nowacki ecoregions 8, 9 and 10.","Mesic herbaceous systems are found on hill and mountain slopes, upper drainages and lowlands including drained lake basins.","Species include Carex microchaeta ssp. nesophila (dominant sedge in higher elevations), Alopecurus alpinus, Artemisia arctica, Polygonum bistorta, Valeriana capitata, Pedicularis spp., Polemonium acutiflorum, Salix rotundifolia, and Salix reticulata (Boggs et al. 2008). Collapsed acidic lowland snowbeds that support Phippsia algida and Alopecurus alpinus, and drained lake basins dominated by Calamagrostis canadensis (western AK) are also included in this system (Boggs et al. 2008).
BpS Dominant and Indicator Species
Species names are from the NRCS PLANTS database. Check species codes at http://plants.usda.gov.","Expert input at the Arctic Modeling meeting (April 08) indicated that this system is quite stable and rarely burns.

In 2015, an extensive literature search was done by Fire Effects Information System staff to locate information for a synthesis on fire regimes of Alaskan wet and mesic herbaceous systems (Innes 2015). This synthesis noted that mesic herbaceous communities can support fire spread during severe weather, and fire usually burns into mesic herbaceous communities from adjacent, more fire-prone ecosystems. Information on fire in wet and mesic meadow types, including Alaska Arctic Mesic Herbaceous Meadows, was sparse to lacking as of 2015. 

Fire Frequency
Fire interval is expressed in years for each fire severity class and for all types of fire combined (All Fires). Average FI is the central tendency modeled. Percent of all fires is the percent of all fires modeled in that severity class. Minimum and Maximum FIs show the relative range of fire intervals as estimated by model contributors, if known.",Small patch,This BpS may occur adjacent to most other BpS in arctic AK.,Fire history studies in Alaskan wet and mesic herbaceous systems are limited (Innes 2015).,Innes 2015 includes a discussion of contemporary changes in Alaskan wet and mesic herbaceous systems.,"For LANDFIRE National this system was created for the AK Arctic region and did not receive review for other regions in the state. This model was created by Kori Blankenship and Keith Boggs based input from experts who attended the LANDFIRE Arctic Modeling Meeting (April 2008) and the draft Arctic Ecological Systems description (Boggs et al. 2008).

Succession Classes
Mapping Rules
Succession class letters A-E are described in the Succession Class Description section. Some classes use a leafform distinction where a qualifier is added to the class letter: Brdl (broadleaf), Con (conifer), or Mix (mixed conifer and broadleaf). UN refers to uncharacteristic native or a combination of height and cover that would not be expected under the reference condition. NP refers to not possible or a combination of height and cover which is not physiologically possible for the species in the BpS.


Description
Class A	100				Mid Development 1 - All Structures

Indicator Species

Description
This class represents the relatively stable Mesic Herbaceous Meadow community.

Maximum Tree Size ClassNone
Model Parameters
Deterministic Transitions
Probabilistic Transitions","Boggs et al. 2008. International Ecological Classification Standard: Terrestrial Ecological Classifications. Draft Ecological Systems Description for the Alaska Arctic Region.

Innes, Robin J. 2015. Fire regimes of Alaskan wet and mesic herbaceous systems. In: Fire Effects Information System, [Online]. U.S. Department of Agriculture, Forest Service, Rocky Mountain Research Station, Missoula Fire Sciences Laboratory (Producer). Available: http://www.fs.fed.us/database/feis/fire_regimes/AK_wet_herbaceous/all.html [2016, August 2].",16990_67_68_69_70_71_72_73_76.docx,,,,,
Shrubland,"67, 68, 72",,"This Biophysical Setting (BpS) is found along the coastline of arctic AK including along the Beaufort Sea, Chuckchi Sea, and the Bearing Sea. It is a dominant system on the Yukon-Kuskokwim Delta.",This BpS is only periodically tidally flooded (i.e. floods less frequently than the brackish meadow or tidal marsh) and typically has permafrost.,"Dominant dwarf-shrubs are Empetrum nigrum, Salix fuscescens, Salix ovalifolia, and sometimes Betula nana. Diagnostic herbaceous species are Carex rariflora, Calamagrostis deschampsioides, Deschampsia caespitosa, and Puccinellia andersonii. Additional species include Dupontia fisheri, Arctagrostis latifolia, Alopecurus alpinus, Tanacetum bipinnatum, and Petasites frigidus.
BpS Dominant and Indicator Species
Species names are from the NRCS PLANTS database. Check species codes at http://plants.usda.gov.","Coastal Sedge-Dwarf Shrublands are occasionally inundated by storm surge or extreme high tides, which are the dominant process shaping this system. Successional relationships for this type are unclear.

In June of 2013 an extensive search was done by Fire Effects Information System
staff to locate information for a synthesis on fire regimes of Alaskan coastal herbaceous communities and active inland dunes, with few results (Innes 2013). The synthesis noted that no studies reported contemporary fire records in this BpS and that the lack of such a record suggested that fire was rare in this BpS (Innes 2013). 
Fire Frequency 
Fire interval is expressed in years for each fire severity class and for all types of fire combined (All Fires). Average FI is the central tendency modeled. Percent of all fires is the percent of all fires modeled in that severity class. Minimum and Maximum FIs show the relative range of fire intervals as estimated by model contributors, if known.",Large patch,"This BpS typically occurs immediately above the coastal brackish meadow or tidal marsh systems. Adjacent inland systems, which are not tidally influenced, include the Dwarf-Shrub-Sphagnum Peatland or Permafrost Plateau Dwarf-Shrub Lichen Tundra systems. This BpS is similar to the Coastal Brackish Meadow BpS but has > 25% shrub cover.",,,"During LANDFIRE National this model did not receive review specifically for z76. This model was created by Kori Blankenship and Keith Boggs based on the draft Arctic Ecological Systems description (Boggs et al. 2008).
Succession Classes
Mapping Rules
Succession class letters A-E are described in the Succession Class Description section. Some classes use a leafform distinction where a qualifier is added to the class letter: Brdl (broadleaf), Con (conifer), or Mix (mixed conifer and broadleaf). UN refers to uncharacteristic native or a combination of height and cover that would not be expected under the reference condition. NP refers to not possible or a combination of height and cover which is not physiologically possible for the species in the BpS.


Description
Class A	100				Mid Development 1 - All Structures

Indicator Species

Description
This class represents the Coastal Sedge-Dwarf-Shrubland system. Refer to the vegetation description for common species.

Maximum Tree Size ClassNone
Model Parameters
Deterministic Transitions
Probabilistic Transitions","Boggs et al. 2008. International Ecological Classification Standard: Terrestrial Ecological Classifications. Draft Ecological Systems Description for the Alaska Arctic Region.

Innes, Robin J. 2013. Fire regimes of Alaskan coastal herbaceous communities and active inland dunes. In: Fire Effects Information System, [Online]. U.S. Department of Agriculture, Forest Service, Rocky Mountain Research Station, Fire Sciences Laboratory (Producer). Available: http://www.fs.fed.us/database/feis/fire_regimes/AK_coastal/all.html [2016, June 28].

Jorgenson, T.M., J.E. Roth, E.R. Pullman, R.M. Burgess, M.K. Raynolds, A.A. Stickney, M.D. Smilh and T.M. Zimmer. 1997. An ecological land survey for the Colville River Delta, Alaska, 1996. ABR, Inc. Fairbanks, AK. 141 p.

Talbot, S.S., M.D. Fleming and C.J. Markon. 1985. U.S. Fish and Wildlife Service LANDSAT-Facilitated vegetation map and vegetation reconnaissance of Yukon Delta National Wildlife Refuge, Alaska. Resource Support, U.S. Fish and Wildlife Service, Anchorage, Alaska.",17010_67_68_72.docx,,,,,
Woody Wetland,"67, 68, 69, 70, 72, 73, 76",,This Biophysical Setting (BpS) is found in arctic AK primarily on the Yukon-Kuskokwim Delta and the Kotzebue Sound lowlands ecoregions (Nowacki et al. 2001).,"This BpS is common in wet depressions, old lake basins, flat permafrost plateaus, and raised bogs (Boggs et al. 2008). Soils are poorly drained and acidic, typically with a well-developed peat layer (Boggs et al. 2008). Permafrost may be present.","Dwarf- and low-shrub cover is >25%, Sphagnum spp. cover is >25% (usually continuous), herbaceous species (primarily sedges) cover is >25%, and lichen cover is <25%. The dominant sedges are Eriophorum spp. and Carex utriculata. The dominant dwarf-shrubs are Betula nana, Ledum palustre ssp. decumbens, and Comarum palustre (= Potentilla palustris). Other species include Empetrum nigrum, Chamaedaphne calyculata, Vaccinium uliginosum, Salix pulchra, Spiraea stevenii (= Spiraea beauverdiana), Vaccinium vitis-idaea, Arctostaphylos spp., Equisetum fluviatile, Carex aquatilis, Carex macrochaeta, and Sphagnum spp.
BpS Dominant and Indicator Species
Species names are from the NRCS PLANTS database. Check species codes at http://plants.usda.gov.","This is an early- or mid- seral stage in the thaw pond cycle. It starts with the collapse of a permafrost plateau resulting in a wet depression often with open water. This is colonized by marsh species or Sphagnum species or a combination of both. Sedges eventually invade, and the wet sedge-Sphagnum system develops. If organic matter buildup or permafrost uplift the surface, then this system may be seral to the dwarf-shrub-Sphagnum system. This system, in turn, may be seral to the permafrost plateau-dwarf-shrub-lichen system. The seral sequence may not be unidirectional, and the timeframe is unclear, possibly taking hundreds of years. The successional processes of this system are likely too slow (i.e., on the scale of 1000s of years) to be captured using the LANDFIRE methodology (personal communication Arctic modeling meeting April 2008).

In 2015, an extensive search was done by FEIS staff to locate information for a synthesis on fire regimes of Alaskan wet and mesic herbaceous systems (Innes 2015). According to the review, the importance of fire will vary depending on the type of peatland and the amount of soil drainage. Peatlands with a low or seasonally low water table are the most likely to burn, but there is little published research on fire frequency in herbaceous peatlands in AK (Innes 2015).
Fire Frequency 
Fire interval is expressed in years for each fire severity class and for all types of fire combined (All Fires). Average FI is the central tendency modeled. Percent of all fires is the percent of all fires modeled in that severity class. Minimum and Maximum FIs show the relative range of fire intervals as estimated by model contributors, if known.",Small to large patch,,,Innes 2015 provides information about climate change and Alaskan wet and mesic herbaceous communities.,"In 2021 NatureServe merged Alaska Arctic Wet Sedge-Sphagnum Peatland (BpS 1702) and Alaska Arctic Dwarf-Shrub-Sphagnum Peatland (BpS 1703) into one Ecological System: North American Arctic Dwarf-shrub-Wet Sedge-Sphagnum Peatland. Both models were created by Kori Blankenship and Keith Boggs, reviewed by Janet Jorgenson, and had models with one seral state defined. Kori Blankenship and Pat Comer merged the BpS model and description. 

During LANDFIRE National this model was created by Kori Blankenship and Keith Boggs based input from experts who attended the LANDFIRE Arctic Modeling Meeting (April 2008) and the draft Arctic Ecological Systems description (Boggs et al. 2008).
Succession Classes
Mapping Rules
Succession class letters A-E are described in the Succession Class Description section. Some classes use a leafform distinction where a qualifier is added to the class letter: Brdl (broadleaf), Con (conifer), or Mix (mixed conifer and broadleaf). UN refers to uncharacteristic native or a combination of height and cover that would not be expected under the reference condition. NP refers to not possible or a combination of height and cover which is not physiologically possible for the species in the BpS.


Description
Class A	100				Mid Development 1 - All Structures
Upper Layer Lifeform: Herb and shrubs

Indicator Species

Description
Herbs or dwarf shrubs dominate. 

Model Parameters
Deterministic Transitions
Probabilistic Transitions","Boggs et al. 2008. International Ecological Classification Standard: Terrestrial Ecological Classifications. Draft Ecological Systems Description for the Alaska Arctic Region. 

Comer, P., D. Faber-Langendoen, R. Evans, S. Gawler, C. Josse, G. Kittel, S. Menard, C. Nordman, M. Pyne, M. Reid, M. Russo, K. Schulz, K. Snow, J. Teague, and R. White. 2003-present. Ecological systems of the United States: A working classification of U.S. terrestrial systems. NatureServe, Arlington, VA.

Innes, Robin J. 2015. Fire regimes of Alaskan wet and mesic herbaceous systems. In: Fire Effects Information System, [Online]. U.S. Department of Agriculture, Forest Service, Rocky Mountain Research Station, Missoula Fire Sciences Laboratory (Producer). Available: http://www.fs.fed.us/database/feis/fire_regimes/AK_wet_herbaceous/all.html [2016, August 2].

Nowacki, G., P. Spencer, M. Fleming, T. Brock and T. Jorgenson. 2001. Unified ecoregions of Alaska. U.S. Department of the Interior, U.S. Geological Survey. Open file-report 02-297. 2 page map.",17020_67_68_69_70_72_73_76.docx,,,,,
Upland Shrubland,"68, 72",,This Biophysical Setting (BpS) is found in arctic AK on the Yukon-Kuskokwim Delta and the Kotzebue Sound lowlands ecoregions (Nowacki et al. 2001) but not on the Beaufort Coastal Plain.,"This system occurs on flat permafrost plateaus and gently sloping terrain (Talbot et al. 1985; Jorgenson et al. 1997; Boggs et al. 2008). Soils are poorly drained and acidic, typically with a well-developed peat layer (Boggs et al. 2008). Permafrost is present.","Dwarf and low-shrub cover is >25% and lichen cover is >25%. Fruticose lichen species (e.g. Cladina and Cladonia spp.) co-dominate with Betula nana and Ledum palustre ssp. decumbens. Other possible shrubs include Empetrum nigrum, Chamaedaphne calyculata, Vaccinium uliginosum, Salix pulchra, Spiraea stevenii, Vaccinium vitis-idaea and Arctostaphylos spp. Graminoids usually have <10% cover and may include Eriophorum spp., Carex aquatilis and Carex microchaeta.
BpS Dominant and Indicator Species
Species names are from the NRCS PLANTS database. Check species codes at http://plants.usda.gov.","This system generally occurs as a late-seral stage created by permafrost uplift within the thaw pond cycle (described below) but could also develop due to permafrost uplift outside the thaw-pond cycle (Boggs et al. 2008). Experts at the Arctic Modeling Meeting (April 08) recommended modeling this type independent from the thaw pond cycle because of the long duration of the seral stages within the cycle and because it can occur outside of that cycle. 

This is a late-seral stage in the thaw pond cycle which starts with the collapse of a permafrost plateau resulting in a wet depression often with open water. This is colonized by marsh species or Sphagnum species or a combination of both. Sedges eventually invade, and the wet sedge-Sphagnum system develops. If organic matter buildup or permafrost uplift the surface, then this system may be seral to the dwarf-shrub-Sphagnum system. In turn, this system may be seral to the permafrost plateau-dwarf-shrub-lichen system. The seral sequence may not be unidirectional, and the timeframe is unclear, possibly taking hundreds of years.

Charcoal sediment-based estimates of fire frequency for the Yukon-Kuskokwim Delta for low-shrub tundra vary from 141 to nearly 5,904 years (Sae-Lim et al. 2019). 

Fire regime syntheses conducted by Fire Effects Information Systems staff for Alaskan tundra communities (Innes 2013) and wet and mesic herbaceous communities (Innes 2015) contain information on historical and contemporary fire regimes relevant to this BpS. The tundra review notes that lichens can establish within a few years post-fire, but recovery can take more than 100 years on severely burned sites (Innes 2013). Labrador tea and dwarf birch can sprout readily after fire (Innes 2013). Innes 2015 found little published information on fire frequency in herbaceous peatlands of Alaska.

Fire Frequency 
Fire interval is expressed in years for each fire severity class and for all types of fire combined (All Fires). Average FI is the central tendency modeled. Percent of all fires is the percent of all fires modeled in that severity class. Minimum and Maximum FIs show the relative range of fire intervals as estimated by model contributors, if known.",Small to large patch.,,"Fire history studies in Alaskan wet and mesic herbaceous systems are scarce, and our knowledge is incomplete (Innes 2015). Participants in the virtual Tundra Work Session held in the winter 2022 indicated that fire frequencies for tundra vary considerably across its geographic range and that the fire regime may be driven more by the climate than the vegetation or fuel type.


LANDFIRE models estimated the portions of replacement, surface, and mixed-severity fires likely in wet and mesic herbaceous BpSs but did not include ground fire, which is an integral fire type in many wet and mesic herbaceous systems.",Innes 2013 and 2015 include sections on Contemporary Changes in Fuels and Fire Regimes relevant to this BpS.,"1/2023 Kori Blankenship added replacement fire to the model based on reviewer feedback. Existing estimates for fire frequency in this BpS vary widely making it difficult to choose a replacement fire frequency for the model. 

10/2021 This description was updated by NatureServe staff and Kori Blankenship based on the updated Ecological Systems classification for Alaska. Edits focused on adjusting the Geographic Range, Biophysical Site Descriptions, and Vegetation Description sections.

For LANDFIRE National, this model was created by Kori Blankenship and Keith Boggs based input from experts who attended the LANDFIRE Arctic Modeling Meeting (April 2008) and the draft Arctic Ecological Systems description (Boggs et al. 2008).
Succession Classes
Mapping Rules
Succession class letters A-E are described in the Succession Class Description section. Some classes use a leafform distinction where a qualifier is added to the class letter: Brdl (broadleaf), Con (conifer), or Mix (mixed conifer and broadleaf). UN refers to uncharacteristic native or a combination of height and cover that would not be expected under the reference condition. NP refers to not possible or a combination of height and cover which is not physiologically possible for the species in the BpS.


Description
Class A	100				Mid Development 1 - All Structures

Indicator Species

Description
Immediately post-fire, deciduous shrubs and graminoids begin to recover. Shrub cover returns to pre-burn levels about 10 years after fire (Frost et al. 2020). Lichens continue to increase with time but may not reach pre-burn levels more than 40 years post fire (Frost et al. 2020).

Maximum Tree Size ClassNone
Model Parameters
Deterministic Transitions
Probabilistic Transitions","Boggs et al. 2008. International Ecological Classification Standard: Terrestrial Ecological Classifications. Draft Ecological Systems Description for the Alaska Arctic Region.

Comer, P., D. Faber-Langendoen, R. Evans, S. Gawler, C. Josse, G. Kittel, S. Menard, C. Nordman, M. Pyne, M. Reid, M. Russo, K. Schulz, K. Snow, J. Teague, and R. White. 2003-present. Ecological systems of the United States: A working classification of U.S. terrestrial systems. NatureServe, Arlington, VA.

Frost, G.V. et al. 2020. Multi-decadal patterns of vegetation succession after tundra fire on the Yukon-Kuskokwim Delta, Alaska. Environ. Res. Lett. 15 025003.

Innes, Robin J. 2013. Fire regimes of Alaskan tundra communities. In: Fire Effects Information System, [Online]. U.S. Department of Agriculture, Forest Service, Rocky Mountain Research Station, Fire Sciences Laboratory (Producer). Available: http://www.fs.fed.us
/database/feis/fire_regimes/AK_tundra/all.html [2016, June 28].

Innes, Robin J. 2015. Fire regimes of Alaskan wet and mesic herbaceous systems. In: Fire Effects Information System, [Online]. U.S. Department of Agriculture, Forest Service, Rocky Mountain Research Station, Missoula Fire Sciences Laboratory (Producer). Available: http://www.fs.fed.us/database/feis/fire_regimes/AK_wet_herbaceous/all.html [2016, August 2]

Jorgenson, T.M., J.E. Roth, E.R. Pullman, R.M. Burgess, M.K. Raynolds, A.A. Stickney, M.D. Smilh and T.M. Zimmer. 1997. An ecological land survey for the Colville River Delta, Alaska, 1996. ABR, Inc. Fairbanks, AK. 141 p.

Michaelides, R.J. et al. 2019. Inference of the impact of wildfire on permafrost and active layer thickness in a discontinuous permafrost region using the remotely sensed active layer thickness (ReSALT) algorithm. Environ. Res. Lett. 14 035007.

Nowacki, G., P. Spencer, M. Fleming, T. Brock and T. Jorgenson. 2001. Unified ecoregions of Alaska. U.S. Department of the Interior, U.S. Geological Survey. Open file-report 02-297. 2 page map.

Sae-Lim, J., Russell, J. M., Vachula, R. S., Holmes, R. M., Mann, P. J., Schade, J. D., and Natali, S. M. 2019. Temperature-controlled tundra fire severity and frequency during the last millennium in the Yukon-Kuskokwim Delta, Alaska. The Holocene. 29(7): 1223-1233.

Talbot, S.S., M.D. Fleming and C.J. Markon. 1985. U.S. Fish and Wildlife Service LANDSAT-Facilitated vegetation map and vegetation reconnaissance of Yukon Delta National Wildlife Refuge, Alaska. Resource Support, U.S. Fish and Wildlife Service, Anchorage, Alaska.",17040_68_72.docx,,,,,
Herbaceous Wetlands,"67, 68, 69, 70, 71, 72, 73, 76",,"This Biophysical Setting (BpS) occurs throughout arctic Alaska, typically in lowland regions, from the Bristol Bay lowlands in southwestern Alaska and the Kotzebue Sound lowlands of west-central Alaska, to the Beaufort Coastal Plain in northern Alaska, and the North Slope on the Arctic Ocean. It also occurs in other scattered locations of arctic Alaska where ice-wedge processes occur and may be found as small patches in alpine areas (Viereck et al. 1992, III.A.3.a).","This ecological system occurs on wet sites (typically with 0-19% visible surface water) and areas where ice-wedge processes occur, with >25% cover of sedge species. Sites are flat to sloping in valley bottoms, basins, low-center polygons, water tracks, and adjacent to streams (Boggs et al. 2008). It also includes patterned wetlands such as ribbed fens. Wet sedge meadows are also found on large to small floodplains, which support the various wetlands that form in oxbows, wet depressions, low-lying areas, and abandoned channels. Soils range from acidic to non-acidic, are saturated during the summer, and have an organic horizon over silt with permafrost, although on floodplains, permafrost is absent (Boggs et al. 2008). Patch size is small to moderate and may be linear. Species diversity is much higher than in the freshwater marsh systems. Sites that dominate the Beaufort Coastal Plain ecoregion occur on ice-wedge polygons and thaw-lake cycle (Nowacki et al. 2001). The ice-wedge polygons generally occur on level surfaces (0-2° slopes), and the ice wedges may be 2 m wide at the top. Polygon diameter ranges from several to more than 30 meters. In addition to the Beaufort Coastal Plain, ice-wedge polygons are a common feature on level ground within foothills and mountains, on glacial drift, and on lacustrine and floodplain terrace surficial deposits.","Sites typically occur on low-center polygons and polygon centers have standing water, marsh, and wet sedge vegetation. Sites on polygon perimeters also typically support wet sedge vegetation. Sites are usually dominated by Carex aquatilis and Eriophorum angustifolium but may also be dominated or co-dominated by Carex glareosa, Carex rotundata, Carex rariflora, Carex chordorrhiza, Carex rostrata, Carex saxatilis, Carex utriculata, Eriophorum russeolum, and Eriophorum scheuchzeri. Dupontia fisheri may also occur. Dwarf-shrubs such as Salix fuscescens, Salix pulchra, Andromeda polifolia, Betula nana, Empetrum nigrum, Ledum palustre ssp. decumbens, Vaccinium vitis-idaea, and Vaccinium uliginosum may be common but make up <25% cover. Moss species include Drepanocladus spp., Sphagnum spp., Polytrichum strictum, and Hylocomium splendens. More elevated perimeters support low shrubs and tussocks. Eriophorum vaginatum is the primary tussock-former in most sites, but Carex bigelowii may dominate some sites. Carex aquatilis and Eriophorum angustifolium are the dominant and indicator species for this type; other species make up less than 10% of the sites.
BpS Dominant and Indicator Species
Species names are from the NRCS PLANTS database. Check species codes at http://plants.usda.gov.","This system occurs within a variety of successional processes, including thaw lakes, strangmoors, polygonal ground, ice-wedge polygons, oriented lakes, water tracks, and adjacent to streams (Boggs et al. 2008). The successional processes of this system are slow (i.e., on the scale of 1,000s of years) and the seral stages are unclear (personal communication Arctic modeling meeting April 2008). Wet sedge tundra can be an early-seral stage in the thaw pond cycle which starts with the collapse of a permafrost plateau resulting in a wet depression often with open water. This is colonized by marsh species or Sphagnum species or a combination of both. Sedges eventually invade, and the wet sedge-Sphagnum system develops. If organic matter buildup or permafrost uplift the surface, then this system may be seral to the dwarf-shrub-Sphagnum system. This system, in turn, may be seral to the permafrost plateau-dwarf-shrub-lichen system. The seral sequence may not be unidirectional, and the timeframe is unclear, possibly taking hundreds of years.

In floodplains, primary succession on the Yukon-Kuskokwim Delta may move rapidly from aquatic bed to marsh to wet sedge and, possibly, wet low-tall shrub. An alternate wetland pathway is mesic sites supporting low or tall willows moving to wet low-tall shrub to wet sedge to tussocks, but this last stage is no longer part of floodplain dynamics. Primary succession on the Beaufort Coastal Plain progresses slowly from gravel bars to tall willow (possibly persisting for 300 years) or alder-willow, then to wet low willow (possibly persisting for 500 years). Paludification may lead to wet sedge (possibly persisting for 1,000-2,000 years), and permafrost formation may lead to tussock tundra, but this last stage is no longer part of the floodplain dynamics.

Ice wedge polygons are formed by large ice wedges which grow in thermal contraction cracks in permafrost. Low center polygons indicate that ice wedges are actually growing and that sediments are being actively upturned. High center polygons indicate that erosion, deposition, or thawing is more prevalent than the up-pushing of the sediments along the sides of the wedge. Ice-wedge polygons are typically part of a spatially coarser thaw lake cycle. Most of the land on the Beaufort Coastal Plain (Nowacki et al. (2001) ecoregion 1) is polygonal ground and pond complexes. Peterson and Billings (1978) found that low center polygons evolve into high center polygons on the edge of the Meade River Sand Bluffs (100 km south of Barrow, Alaska). The time scale on successional processes for this BpS is long.

In 2013, an extensive literature search was done by Fire Effects Information System staff to locate information for a synthesis on fire regimes of Alaskan tundra communities (Innes 2013). This synthesis reported that fire severity is influenced by site characteristics and pre-fire plant community composition. Shrubs in this BpS are typically top killed by fire (Innes 2013); however, a study by Racine et al. (2004) on the Seward Peninsula found that cover of Carex aquatilis recovered to near pre-burn levels within three years after a 1977 fire.
Fire Frequency 
Fire interval is expressed in years for each fire severity class and for all types of fire combined (All Fires). Average FI is the central tendency modeled. Percent of all fires is the percent of all fires modeled in that severity class. Minimum and Maximum FIs show the relative range of fire intervals as estimated by model contributors, if known.",Patch size is small to large and may be linear.,,Much of the tundra fire regime information is from the Seward Peninsula and Noatak River Watershed areas where fire is relatively more frequent than in other areas of the state (Innes 2013). Native Uncharacteristic Conditions,,"10/2021 This description was updated by NatureServe staff and Kori Blankenship based on the updated Ecological Systems classification for Alaska. Edits focused on adjusting the Geographic Range, Biophysical Site Descriptions, and Vegetation Description sections.

In 2021 NatureServe merged Alaska Arctic Polygonal Ground Wet Sedge Tundra (BpS 17060) and Alaska Arctic Wet Sedge Meadow (BpS 16980) into one Ecological System called North American Arctic Wet Sedge Tundra and Polygonal Ground. Kori Blankenship merged the BpS concepts into this unified description. 

For LANDFIRE National 17060 and 16980 were created by Kori Blankenship and Keith Boggs and reviewed by Janet Jorgenson.
Succession Classes
Mapping Rules
Succession class letters A-E are described in the Succession Class Description section. Some classes use a leafform distinction where a qualifier is added to the class letter: Brdl (broadleaf), Con (conifer), or Mix (mixed conifer and broadleaf). UN refers to uncharacteristic native or a combination of height and cover that would not be expected under the reference condition. NP refers to not possible or a combination of height and cover which is not physiologically possible for the species in the BpS.


Description
Class A	100				Mid Development 1 - All Structures

Indicator Species

Description
This class represents the North American Arctic Wet Sedge Tundra and Polygonal Ground system. 

Maximum Tree Size ClassNone
Model Parameters
Deterministic Transitions
Probabilistic Transitions","Boggs et al. 2008. International Ecological Classification Standard: Terrestrial Ecological Classifications. Draft Ecological Systems Description for the Alaska Arctic Region.

Comer, P., D. Faber-Langendoen, R. Evans, S. Gawler, C. Josse, G. Kittel, S. Menard, C. Nordman, M. Pyne, M. Reid, M. Russo, K. Schulz, K. Snow, J. Teague, and R. White. 2003-present. Ecological systems of the United States: A working classification of U.S. terrestrial systems. NatureServe, Arlington, VA. 

Innes, Robin J. 2013. Fire regimes of Alaskan tundra communities. In: Fire Effects Information System, [Online]. U.S. Department of Agriculture, Forest Service, Rocky Mountain Research Station, Fire Sciences Laboratory (Producer). Available: http://www.fs.fed.us
/database/feis/fire_regimes/AK_tundra/all.html [2016, June 28].

Nowacki, G., P. Spencer, M. Fleming, T. Brock and T. Jorgenson. 2001. Unified ecoregions of Alaska. U.S. Department of the Interior, U.S. Geological Survey. Open file-report 02-297. 2 page map.

Peterson, K.M. and W.D. Billings. 1978. Geomorphic processes and vegetational change along the Meade River sand bluffs in northern Alaska. Arctic. 31(1): 7-23.

Racine, Charles H. 1979. The 1977 tundra fires in the Seward Peninsula, Alaska: effects and initial revegetation. BLM-Alaska Technical Report 4. Anchorage, AK: U.S. Department of the Interior, Bureau of Land Management, Alaska State Office. 51 p. [8330]

Racine, Charles; Allen, Jennifer L.; Dennis, John G. 2006. Long-term monitoring of vegetation change following tundra fires in Noatak National Preserve, Alaska. Report No. NPS/AKRARCN/NNTR-2006/02. Fairbanks, AK: U.S. Department of the Interior, National Park Service, Alaska Region, Arctic Network Inventory and Monitoring Program. 37 p. [86029]",17060_67_68_69_70_71_72_73_76.docx,,,,,
Shrubland,"67, 68, 69",,"This Biophysical Setting (BpS) is typically found in the lowland regions of arctic AK, particularly on the Beaufort Coastal Plain ecoregion (Nowacki et al. 2001) in northern AK and the Kotzebue Sound lowlands of west-central AK, but it also occurs in other scattered locations (such as the Brooks Range) of arctic AK where ice-wedge processes occur.","Ice-wedge polygons and the thaw lake cycle dominate the Beaufort Coastal Plain ecoregion (Nowacki et al. 2001). The ice-wedge polygons generally occur on level surfaces (0-2 degree slopes), the ice wedges may be 2 m wide at the top, and polygon diameter ranges from several to more than 30 meters. In addition to the Beaufort Coastal Plain, ice-wedge polygons are a common feature on level ground within foothills and mountains, on glacial drift, and on lacustrine and floodplain terrace surficial deposits. Shrub-Tussock dominated sites in this system occur primarily on high-center polygons but may also be found on raised areas along drainages, terraces, and other mesic flat to slightly sloping sites. Sites dominated by tussocks are generally cold, poorly drained, and underlain by mesic, silty mineral soils with a shallow surface organic layer surrounding the tussocks (Viereck et al. 1992). Permafrost is usually present. Patch size is small to large.","This tundra system occurs primarily on high-center polygons, raised areas along drainages, terraces, and other mesic flat to slightly sloping sites. Polygon centers are mesic and dominated by either tussocks, tussocks and shrubs, or only shrubs and lichens, and their perimeters are commonly wet, supporting wet sedges. On shrub dominated sites, the combined cover of dwarf-shrubs and low shrubs is >25%, and sedge cover is typically <25%. Some tussocks may occur but are often degenerating. Eriophorum vaginatum is the primary tussock-former in most sites, but Carex bigelowii may dominate some sites. Calamagrostis canadensis, Arctagrostis latifolia, and Chamerion latifolium may be common. The open to closed shrub canopy is dominated by Betula nana and Salix pulchra. Other shrubs include Cassiope tetragona, Ledum palustre ssp. decumbens, Vaccinium vitis-idaea, Vaccinium uliginosum, and Empetrum nigrum. Common mosses include Sphagnum spp., Polytrichum strictum, and Hylocomium splendens. The wet perimeters typically support Carex aquatilis and Eriophorum angustifolium, and Eriophorum vaginatum (the latter is often dead). Common mosses include Sphagnum spp., Hylocomium splendens, and Aulacomnium turgidum. Lichens are common.
BpS Dominant and Indicator Species
Species names are from the NRCS PLANTS database. Check species codes at http://plants.usda.gov.","Ice wedge polygons are formed by large ice wedges which grow in thermal contraction cracks in permafrost. High center polygons indicate that erosion, deposition or thawing is more prevalent than the up-pushing of the sediments along the sides of the wedge. Ice-wedge polygons are typically part of a spatially coarser thaw lake cycle.

The time scale on this process is long and probably beyond the scope of this modeling effort.  A reviewer noted that shrubs are probably a late successional stage following tussock tundra on high centered polygons.

In 2013, an extensive literature search was done by Fire Effects Information System staff to locate information for a synthesis on fire regimes of Alaskan tundra communities (Innes 2013). The synthesis reported that fire frequency varies geographically and with community composition (Innes 2013). Dry upland sites (including high-centered polygons, see Racine 1979) generally burning more severely than moist lowland sites (Innes 2013).

Fire Frequency 
Fire interval is expressed in years for each fire severity class and for all types of fire combined (All Fires). Average FI is the central tendency modeled. Percent of all fires is the percent of all fires modeled in that severity class. Minimum and Maximum FIs show the relative range of fire intervals as estimated by model contributors, if known.",Large patch to Matrix-forming.,,Most of the fire regime literature available for tundra ecosystems in Alaska is from the Seward Peninsula and Noatak River Watershed where fire occurs more frequently than other regions of the state (Innes 2013). Little is known about fire history in arctic tundra communities in northern and northwestern Alaska (Innes 2013).,"According to Innes 2013: “Because most of the area occupied by tundra in Alaska is sparsely populated and has little road access, fire regimes in tundra may not differ much from historical regimes [Chapin et al. 2000; DeWilde and Chapin 2006; Heinselman 1981]. As of 2006, about 66% of interior Alaska was considered to have an essentially ""natural"" fire regime, with few human ignitions, negligible suppression activity, and many large, lightning-caused fires.” Innes 2013 provides information about climate change and Alaska tundra communities.","In 2021 NatureServe merged Alaska Arctic Polygonal Ground Mesic Shrub Tundra (BpS 1700), Alaska Arctic Polygonal Ground Tussock Tundra (BpS 1707), and Alaska Arctic Polygonal Ground Shrub-Tussock Tundra (BpS 1708) into one Ecological System: North American Arctic Polygonal Ground Shrub and Tussock Tundra. These BpS were lumped for BpS modeling during LANDFIRE National, but Pat Comer and Kori Blankenship updated the description document to reflect the new Ecological System concept. 

During LANDFIRE National this model was created by Kori Blankenship and Keith Boggs based on the draft Arctic Ecological Systems description. Minor additions were made to the description as a result of review comments.

Succession Classes
Mapping Rules
Succession class letters A-E are described in the Succession Class Description section. Some classes use a leafform distinction where a qualifier is added to the class letter: Brdl (broadleaf), Con (conifer), or Mix (mixed conifer and broadleaf). UN refers to uncharacteristic native or a combination of height and cover that would not be expected under the reference condition. NP refers to not possible or a combination of height and cover which is not physiologically possible for the species in the BpS.


Description
Class A	100				Mid Development 1 - All Structures

Indicator Species

Description
Polygonal ground shrub-tussock tundra community. 

Maximum Tree Size ClassNone
Model Parameters
Deterministic Transitions
Probabilistic Transitions","Chapin, F. S., III; McGuire, A. D.; Randerson, J.; Pielke, R., Sr.; Baldocchi, D.; Hobbie, S. E.; Roulet, N.; Eugster, W.; Kasischke, E.; Rastetter, E. B.; Zimov, S. A.; Running, S. W. 2000. Arctic and boreal ecosystems of western North America as components of the climate system. Global Change Biology. 6(Supplement 1): 211-223. 

Comer, P., D. Faber-Langendoen, R. Evans, S. Gawler, C. Josse, G. Kittel, S. Menard, C. Nordman, M. Pyne, M. Reid, M. Russo, K. Schulz, K. Snow, J. Teague, and R. White. 2003-present. Ecological systems of the United States: A working classification of U.S. terrestrial systems. NatureServe, Arlington, VA. 
DeWilde, La'ona; Chapin, F. Stuart, III. 2006. Human impacts on the fire regime of interior Alaska: interactions among fuels, ignition sources, and fire suppression. Ecosystems. 9(8): 1342-1353. 

Heinselman, Miron L. 1981. Fire intensity and frequency as factors in the distribution and structure of northern ecosystems. In: Mooney, H. A.; Bonnicksen, T. M.; Christensen, N. L.; Lotan, J. E.; Reiners, W. A., technical coordinators. Fire regimes and ecosystem properties: Proceedings of the conference; 1978 December 11-15; Honolulu, HI. Gen. Tech. Rep. WO-26. Washington, DC: U.S. Department of Agriculture, Forest Service: 7-57. 

Innes, Robin J. 2013. Fire regimes of Alaskan tundra communities. In: Fire Effects Information System, [Online]. U.S. Department of Agriculture, Forest Service, Rocky Mountain Research Station, Fire Sciences Laboratory (Producer). Available: http://www.fs.fed.us
/database/feis/fire_regimes/AK_tundra/all.html [2016, June 28].

Nowacki, G., P. Spencer, M. Fleming, T. Brock and T. Jorgenson. 2001. Unified ecoregions of Alaska. U.S. Department of the Interior, U.S. Geological Survey. Open file-report 02-297. 2 page map.

Racine, Charles H. 1979. The 1977 tundra fires in the Seward Peninsula, Alaska: effects and initial revegetation. BLM-Alaska Technical Report 4. Anchorage, AK: U.S. Department of the Interior, Bureau of Land Management, Alaska State Office. 51 p. 

Racine, Charles; Allen, Jennifer L.; Dennis, John G. 2006. Long-term monitoring of vegetation change following tundra fires in Noatak National Preserve, Alaska. Report No. NPS/AKRARCN/NNTR-2006/02. Fairbanks, AK: U.S. Department of the Interior, National Park Service, Alaska Region, Arctic Network Inventory and Monitoring Program. 37 p. 

Viereck, L. A., C. T. Dyrness, A. R. Batten, and K. J. Wenzlick. 1992. The Alaska vegetation classification. General Technical Report PNW-GTR286. USDA Forest Service, Pacific Northwest Research Station, Portland, OR. 278 pp.",17080_67_68_69.docx,,,,,
Herbaceous,"67, 68, 72, 76, 80",,"This Biophysical Setting (BpS) occurs along Alaska's arctic coastline, from the Aleutian Islands and Bristol Bay lowlands in southwestern Alaska to the North Slope on the Arctic Ocean, including along the Beaufort Sea, Chukchi Sea, Bearing Sea, and Alaska Peninsula.","This BpS consists of coastal beaches, beach dunes, and vegetation that has stabilized sand deposits. Cobble beaches are also included. Soils are dry to mesic (often exposed to salt spray and occasionally tidally inundated) and typically sandy. Patch size is small to moderate and often linear. Exposure to salt spray and periodic overwash is common and creates vegetation zonation in response to salinity. On early seral sites the unstable soils are sandy, well drained and circumneutral with no organic horizon. While permafrost overlain by a deep active layer (>80 cm) is present in northwestern Alaska, its presence is intermittent to the south and absent on dunes of Nunivak Island.","Bare sand or cobble are common. Three existing plant communities may dominate the system although the exact species composition varies geographically: 

1-Salt-tolerant forb communities occur just above mean high tide and are dominated or co-dominated by Cochlearia groenlandica (= Cochlearia officinalis), Honckenya peploides, and/or Mertensia maritima. 

2-As dune height and distance from the ocean increase, sites are dominated by the Leymus mollis. This class that may include near-dominance by Leymus mollis to more species-rich associations, including Leymus mollis, Lathyrus japonicus var. maritimus (= Lathyrus maritimus), Achillea millefolium var. borealis, Festuca rubra, Fragaria chiloensis, Senecio pseudoarnica, Deschampsia beringensis, Heracleum maximum, and Poa eminens. 

3- Older dunes support a mixture of dwarf-shrubs (including Arctostaphylos rubra, Betula nana, and Empetrum nigrum) which often grow in narrow stringers on the older beach ridges behind the Leymus mollis zone.  Herbaceous species are common, including Chamerion latifolium, Cornus suecica. Lathyrus japonicus var. maritimus, Conioselinum chinense, and Cnidium cnidiifolium are uncommon east of Cape Lisburne.

Classes 2 and 3, described above, are above the high tide line but still experience storm surges, high winds, and salt spray.

BpS Dominant and Indicator Species
Species names are from the NRCS PLANTS database. Check species codes at http://plants.usda.gov.","Processes that define the system include the erosion and accretion of sand by water or wind, through the process of tidal inundation, long-shore transport, storm surge, and dune formation. Herbaceous species stabilize the sand deposits (dunes, beaches), and the older deposits support dwarf-shrubs mixed with herbaceous species. Vegetation dynamics are driven by salinity and sand deposition, both of which vary depending on the exposure of the coastline and frequency and duration of inundation by tidal water. Beach succession is not always unidirectional; changes in beach topography and elevation that increase the exposure to coastal processes may cause less salt tolerant species to die and halophytic herbs to regain dominance.

In June of 2013 an extensive search was done by Fire Effects Information System staff to locate information for a synthesis on fire regimes of Alaskan coastal herbaceous communities and active inland dunes, with few results (Innes 2013). The lack of contemporary fire records suggests that fire in Arctic and sub-Arctic marine beach and beach meadows is rare. No studies reported fire frequency and fire is believed to have been rare in coastal herbaceous communities (Innes 2013). 
Fire Frequency 
Fire interval is expressed in years for each fire severity class and for all types of fire combined (All Fires). Average FI is the central tendency modeled. Percent of all fires is the percent of all fires modeled in that severity class. Minimum and Maximum FIs show the relative range of fire intervals as estimated by model contributors, if known.",Patch size is small to moderate and often linear.,This type is found adjacent to the coastline.,,This type is not departed from its “Reference Condition.”,"In 2021 NatureServe merged the Alaska Arctic Marine Beach and Beach Meadow (BpS 1709) and Aleutian Marine Beach and Beach Meadow (BpS 1725) Ecological Systems. Kori Blankenship and Pat Comer merged the BpS concepts into this unified description. Blankenship also modified the state-and-transition model to include an early successional herbaceous state and a later successional state where shrubs could establish.

For LANDFIRE National BpS 1709 and 1725 were drafted and modeled by Kori Blankenship and Keith Boggs. Janet Jorgenson reviewed 1709 and Jeff Williams reviewed 17250.
Succession Classes
Mapping Rules
Succession class letters A-E are described in the Succession Class Description section. Some classes use a leafform distinction where a qualifier is added to the class letter: Brdl (broadleaf), Con (conifer), or Mix (mixed conifer and broadleaf). UN refers to uncharacteristic native or a combination of height and cover that would not be expected under the reference condition. NP refers to not possible or a combination of height and cover which is not physiologically possible for the species in the BpS.


Description
Class A	50				Early Development 1 - All Structures

Indicator Species

Description
Pioneer herbaceous communities establish. Bare sand or cobbles are common. Coastal herbaceous communities that are exposed to the open ocean are more likely to be buried or flooded compared to inland areas due to the proximity to severe weather in outer coast areas. Storm surge can deposit sediment and bury existing vegetation.

Maximum Tree Size ClassNone
Class B	50				Late Development 1 - All Structures

Indicator Species

Description
Over time pioneer species build up the foredune and less stress-tolerant species can establish on dunes further removed from the ocean. Dwarf shrubs may eventually establish. Wind disturbance is common and isolated blowouts occur. Extreme weather or storm surge events might reset succession.

Maximum Tree Size ClassNone
Model Parameters
Deterministic Transitions
Probabilistic Transitions","Boggs et al. 2008. International Ecological Classification Standard: Terrestrial Ecological Classifications. Draft Ecological Systems Description for the Alaska Arctic Region.

Boggs, K. 2000. Classification of community types, successional sequences, and landscapes of the Copper River Delta, Alaska. Gen Tech. Rep. PNW-GTR-469. Portland, OR: USDA Forest Service, Pacific Northwest Research Station. 244p.

Byrd, G.V. 1984. Vascular vegetation of Buldir Island, Aleutian Islands, Alaska, compared to another Aleutian island. Arctic 37(1):37-48. 

Comer, P., D. Faber-Langendoen, R. Evans, S. Gawler, C. Josse, G. Kittel, S. Menard, C. Nordman, M. Pyne, M. Reid, M. Russo, K. Schulz, K. Snow, J. Teague, and R. White. 2003-present. Ecological systems of the United States: A working classification of U.S. terrestrial systems. NatureServe, Arlington, VA. 
Croll, D.A., J.L. Maron, J.A. Estes, E.M. Danner and G.V. Byrd. 2005. Introduced predators transform subarctic islands from grassland to tundra. Science 307:1959-1961. 

DeVelice, R.L., Hubbard, C.J., Boggs, K. et al. 1999. Plant community types of the Chugach National Forest. Tech. Publ. R10-TP-76. Juneau, AK: USDA Forest Service, Alaska Region. 375 p.

Innes, Robin J. 2013. Fire regimes of Alaskan coastal herbaceous communities and active inland dunes. In: Fire Effects Information System, [Online]. U.S. Department of Agriculture, Forest Service, Rocky Mountain Research Station, Fire Sciences Laboratory (Producer). Available: http://www.fs.fed.us/database/feis/fire_regimes/AK_coastal/all.html [2016, June 28].

Ritter, D. F. 1986. Process geomorphology. Wm. C. Brown Publishers, Dubuque, Iowa. 579 p. 

Streveler, G.P., Worley, I.A., Terry, C.J. and R.J. Gordon. 1973. Dixon Harbor biological survey: final report on the summer phase of 1973 research. U.S. Dept. Interior, National Park Service, Glacier Bay National Monument. 241 p.

Talbot, S. S. and S.L. Talbot. 1994. Numerical classification of the coastal vegetation of Attu Island, Aleutian Islands, Alaska. Journal of Vegetation Science 5:867-876.

Viereck et al. 1992. The Alaska vegetation classification. Pacific Northwest Research Station, USDA Forest Service, Portland, OR. Gen. Tech. Rep. PNW-GTR286. 278 p.",17090_67_68_72_76_80.docx,,,,,
Herbaceous Wetland,"67, 68, 72",,"This Biophysical Setting (BpS) is found along the coastline of arctic and subarctic AK including along the Beaufort Sea, Chukchi Sea, and the Bearing Sea.","Tidal marshes are primarily associated with estuaries, coastal lagoons, or other locations protected from wave action. Lagoons with outer spits and beaches are well developed and common in the Aleutians. Tidal marshes, however, are not extensive within these lagoons because of constant winds and waves, plus winter sea ice may be extensive and blown to shore, scouring the vegetation. It appears that tectonic/isostatic uplift is common, lifting the marshes above the tide. 

These marshes are typically salt or brackish. Some, however, are primarily freshwater that are infrequently flooded by storm surges or extreme high tides. Tidal marshes often have sediment inputs from a freshwater source. The surface gradients are flat. Progradation of the tidal marsh front will occur if sedimentation exceeds erosion. Soils are silts and clays and are periodically inundated by tidal fluctuation. The frequency of flooding may vary from twice daily (lower salt marsh) to once per growing season (upper coastal marsh). Tidal marshes represent the area of transition from maritime to freshwater terrestrial systems and encompass a complex range of plant communities and ecotones including marshes, wet meadows, or barren mudflats. Tidal flats form a narrow band along oceanic inlets and are more extensive at the mouths of larger rivers. The dominant processes are tectonic uplift or subsidence, isostatic rebound, and sediment deposition.","Tidal flats have <10% vascular species cover and are dominated by bare ground. Tidal marshes have >10% vascular species. Two different zones of tidal marshes include tidal sedge marshes and tidal herbaceous (non-sedge) marshes. Carex lyngbyei, Carex glareosa, Carex mackenziei, Carex ramenskii, or Carex subspathacea dominate the tidal sedge marshes. Carex subspathacea is more common along the Beaufort Sea. Carex lyngbyei may dominate on portions of the Yukon-Kuskokwim Delta and is often found more inland or adjacent to tidal creeks. Dupontia fisheri and Puccinellia spp. dominate the tidal herbaceous zones. Argentina egedii may dominate on Alaska's west coast but not on the Beaufort Coastal Plain. Other species include Hippuris tetraphylla, Hippuris vulgaris, Ruppia cirrhosa, Stellaria humifusa, and Zannichellia palustris. Puccinellia spp. or Plantago maritima dominate the tidal herbaceous zone, often with <25% cover. Sites occurring immediately above tidal marshes in arctic Alaska have >25% herbaceous cover and <25% shrub cover. These sites are tidally inundated during storm tides and extreme high tides and, consequently, are brackish. The soils typically lack organic matter, and permafrost is uncommon. The main indicators on the Yukon-Kuskokwim Delta and the Kotzebue Sound lowlands ecoregions are Carex rariflora (>10%), Calamagrostis deschampsioides, and Chrysanthemum arcticum. Other common species include Eriophorum russeolum, Carex ramenskii (usually present but not dominant), and Salix ovalifolia. Additional dominants on the Beaufort Coastal Plain are Eriophorum angustifolium, Carex aquatilis, and Dupontia fisheri.

Tidal marshes often include an ecotone with freshwater non-tidal wetlands, especially on the Yukon-Kuskokwim Delta. On this delta, the first system moving inland is dominated by Puccinellia spp., then Carex ramenskii or Carex subspathacea, then brackish meadow which can include Carex rariflora, Calamagrostis deschampsioides, and Chrysanthemum arcticum. Adjacent coastal sedge-dwarf shrubland is dominated by Empetrum nigrum, Salix fuscescens, Salix ovalifolia, Carex rariflora, Calamagrostis deschampsioides, and Deschampsia cespitosa. 
BpS Dominant and Indicator Species
Species names are from the NRCS PLANTS database. Check species codes at http://plants.usda.gov.","Common disturbances in the marsh system can include freshwater and tidal flooding, sediment deposition, storm surge, and ice scour.

Fire Frequency 
Fire interval is expressed in years for each fire severity class and for all types of fire combined (All Fires). Average FI is the central tendency modeled. Percent of all fires is the percent of all fires modeled in that severity class. Minimum and Maximum FIs show the relative range of fire intervals as estimated by model contributors, if known.","Small patch, Large patch",,,,"In 2021 NatureServe merged Alaska Arctic Tidal Marsh (BpS 1711), Alaska Arctic Coastal Brackish Meadow (BpS 1712), and Aleutian Tidal Marsh (BpS 1726) into one Ecological System: North American Arctic-Subarctic Tidal Salt and Brackish Marsh. Pat Comer and Kori Blankenship merged the BpS descriptions to reflect the new Ecological System concept. All BpS were represented by models with one seral state.

During LANDFIRE National Kori Blankenship and Keith Boggs drafted BpS 1711, 1712, and 1726 based on the draft Arctic Ecological Systems description. Janet Jorgenson reviewed 1711 and 1712. Jeff Williams reviewed 1726. 

Succession Classes
Mapping Rules
Succession class letters A-E are described in the Succession Class Description section. Some classes use a leafform distinction where a qualifier is added to the class letter: Brdl (broadleaf), Con (conifer), or Mix (mixed conifer and broadleaf). UN refers to uncharacteristic native or a combination of height and cover that would not be expected under the reference condition. NP refers to not possible or a combination of height and cover which is not physiologically possible for the species in the BpS.


Description
Class A	100				Mid Development 1 - All Structures

Indicator Species

Description
This class represents the Tidal Salt and Brackish Marsh system. 

Maximum Tree Size ClassNone
Model Parameters
Deterministic Transitions
Probabilistic Transitions","Batten, A.R., S Murphy and D.F. Murray. 1978. Definition of coastal wetlands by floristic criteria. USEPA no. 804965-01. US Environmental Protection Agency, Corvalis Environmental Research Laboratory, Corvalis, OR. 490 p.

Comer, P., D. Faber-Langendoen, R. Evans, S. Gawler, C. Josse, G. Kittel, S. Menard, C. Nordman, M. Pyne, M. Reid, M. Russo, K. Schulz, K. Snow, J. Teague, and R. White. 2003-present. Ecological systems of the United States: A working classification of U.S. terrestrial systems. NatureServe, Arlington, VA. 
Jorgenson, M. T., J. E. Roth, E.R. Pullman, R.M. Burgess, M.K. Raynolds, A.A. Stickney, M.D. Smith and T.M. Zimmer. 1997. An ecological land survey for the Colville River Delta, Alaska. ABR, Inc. Fairbanks, AK. 141 p.

National Wetlands Working Group. 1997. Wetlands of Canada. C. D. A Rubec, editor. Ecological Land Classification Series No. 24. Environment Canada, Ottawa, and Polyscience Publications, Inc., Montreal. 452 pp. 

Talbot, S.S., M.D. Fleming and C.J. Markon. 1985. U.S. Fish and Wildlife Service LANDSAT-Facilitated vegetation map and vegetation reconnaissance of Yukon Delta National Wildlife Refuge, Alaska. Resource Support, U.S. Fish and Wildlife Service, Anchorage, Alaska.

Viereck, L.A., C.T. Dyrness, A.R. Batten and K.J. Wenzlick. 1992. The Alaska vegetation classification. Pacific Northwest Research Station, USDA Forest Service, Portland, OR. Gen. Tech. Rep. PNW-GTR286. 278 p.",17110_67_68_72.docx,,,,,
Shrubland,"67, 68, 72, 76",,This Biophysical Setting (BpS) is a minor but widespread system across the Alaskan arctic and boreal forest regions. They occur from the Bristol Bay lowlands in southwestern AK to the North Slope on the Arctic Ocean. They also occur in the Alaskan boreal region as isolated features. Some of the most noteworthy active areas in the Arctic are the Kobuk Dunes in northwestern AK and the Alaskan Arctic Coastal Plain dune field on the Alaskan North Slope.,"The following information was taken from the draft Arctic and Boreal Ecological Systems descriptions with minor modifications (Boggs et al. 2008, Boucher et al. 2008):
Active inland dunes occur as remnants of a larger system of dunes and sand sheets that developed under the climatic conditions of the late Pleistocene. Strong storm winds carried glacio-fluvial silts and sands across vast areas of northwestern North America. Most of these sand deposits have been stabilized by forest and tundra vegetation, but areas of active transport and deposition still exist. Dunes are also common where rivers have cut through sand sheets, and new dunes are still forming along rivers with high sediment loads and outwash deposits. These active dunes share many floristic elements and geomorphic processes (Parker and Mann, 2000). The main disturbance process is the transport and deposition of sand. Common landforms include transverse and longitudinal dunes, sand sheets, desert pavements, blowouts, and interdune slacks. The dunes or blowouts are dry to mesic sand deposits, and the slacks may be wet silts and sands.","Active dunes support a unique assemblage of plant species, but plant cover is typically sparse and discontinuous. Three dominant map classes occur within arctic active dune systems: tall willows, mesic herbaceous, and wet sedge. Low- and tall-willow communities are dominated by Salix glauca, Salix alaxensis, Salix richardsonii (= Salix lanata), and Salix niphoclada (= Salix brachycarpa ssp. niphoclada), along with Bromus inermis var. pumpellianus (= Bromus pumpellianus) (Parker 1998). The mesic herbaceous class includes Leymus mollis, Bromus inermis var. pumpellianus and Chamerion latifolium (= Epilobium latifolium) (Peterson and Billings 1978; Komarkova and Webber 1980). Additional herbaceous species include Carex obtusata, Carex lachenalii, Festuca rubra, Festuca brachyphylla, Astragalus alpinus, and others. Ponds and wet depressions may occur in the slacks and support the wet herbaceous class dominated by Carex aquatilis and Arctophila fulva (Boggs et al. 2008).

BpS Dominant and Indicator Species
Species names are from the NRCS PLANTS database. Check species codes at http://plants.usda.gov.","The following paragraph was taken from the draft Arctic and Boreal Ecological Systems descriptions with minor modifications (Boggs et al 2008; Boucher et al. 2008):
The main disturbance process is the transport and deposition of sand. The location and formation of dunes depend primarily on the availability of sand and wind direction. In western Alaska, the prevailing sand transport direction is from southeast to northwest. Vegetation on the downwind side of the dune is gradually being buried in sand, while on the windward side vegetation is reestablishing. Within the dune complex, a wide variety of moisture regimes occur. Interdune slacks may feature wetland habitats while xeric conditions prevail on active deposition surfaces. Tundra or boreal forest vegetation has stabilized most of these sand deposits, but small blowouts and areas of active transport and deposition still exist. 

Fire is not a major disturbance on active dunes. In June of 2013 an extensive search was done by Fire Effects Information System staff to locate information on fire regimes of active inland dunes (Innes 2013) with few results. Dunes now covered by forest or tundra will have the fire regime characteristics of their dominant plant communities but may revert to active dunes after fire. 

Fire Frequency 
Fire interval is expressed in years for each fire severity class and for all types of fire combined (All Fires). Average FI is the central tendency modeled. Percent of all fires is the percent of all fires modeled in that severity class. Minimum and Maximum FIs show the relative range of fire intervals as estimated by model contributors, if known.",Small or large patch.,,,,"More information on active inland dunes can be found in the Fire Effects Information System Synthesis: fire regimes in Alaskan coastal herbaceous communities and active inland dunes (Innes 2013).

This model was developed by Kori Blankenship with input from Keith Boggs based on the draft Arctic and Boreal Ecological Systems descriptions (Boggs et al. 2008, Boucher et al. 2008). Carolyn Parker is a suggested reviewer for this type.

Succession Classes
Mapping Rules
Succession class letters A-E are described in the Succession Class Description section. Some classes use a leafform distinction where a qualifier is added to the class letter: Brdl (broadleaf), Con (conifer), or Mix (mixed conifer and broadleaf). UN refers to uncharacteristic native or a combination of height and cover that would not be expected under the reference condition. NP refers to not possible or a combination of height and cover which is not physiologically possible for the species in the BpS.


Description
Class A	100				Mid Development 1 - All Structures

Indicator Species

Description
This class represents the Active Inland Dune system which can be dominated by bare ground, tall willows, mesic herbaceous, or wet sedge types. Leymus Mollis is most common along the coast and in the Kobuk Sand Dunes.

There are many possible successional trajectories for stabilized dunes, which are outside the scope of this model. The Kobuk Sand Dunes in the Arctic may be succeeding to boreal forest, which is the surrounding vegetation, while others are succeeding to tundra vegetation as seen along the Meade River area on the North Slope of Alaska.

Maximum Tree Size ClassNone
Model Parameters
Deterministic Transitions
Probabilistic Transitions","Boggs et al. 2008. International Ecological Classification Standard: Terrestrial Ecological Classifications. Draft Ecological Systems Description for the Alaska Arctic Region.

Boucher et al. 2008. International Ecological Classification Standard: Terrestrial Ecological Classifications. Draft Ecological Systems Description for Alaska Boreal and Sub-boreal Regions.

Carson, C.E. and Hussey, K.M. 1959. The multiple-working hypothesis as applied to Alaska’s oriented lakes. Proceedings of the Iowa Academy of Science. 66:334-49.

Innes, Robin J. 2013. Fire regimes of Alaskan coastal herbaceous communities and active inland dunes. In: Fire Effects Information System, [Online]. U.S. Department of Agriculture, Forest Service, Rocky Mountain Research Station, Fire Sciences Laboratory (Producer). Available: http://www.fs.fed.us/database/feis/fire_regimes/AK_coastal/all.html [2016, May 20].

Komarkova, V. and P.J. Webber. 1980. Two low arctic vegetation maps near Atkasook, Alaska. Arctic and Alpine Research 12:447-472. 

Livingstone, D.A. 1954. On the orientation of lake basins. American Journal of Science. 252:547-54.

Mann, D.H., P.A. Heiser and B.P. Finney. 2002. Holocene history of the Great Kobuk Sand Dunes, Northwestern Alaska. Quaternary Science Reviews. 21(4):709-731.

Parker, C.L. 1998. Plant assemblages and floristic mysteries at the Great Kobuk Sand Dunes, Kobuk Valley National Park. Beringia Days 1998. USDI National Park Service, Alaska Region, Anchorage. [<http://www.nps.gov/akso/beringia/berinotesjan99(2).htm>] 

Parker, C.L. and D.H. Mann. 2000. Arctic Science 2000 - Crossing Borders: Science and Community Whitehorse, Yukon, Canada, Sept 21-24 2000. American Association for the Advancement of Science & Yukon Science Institute. Abstract available at http://www.taiga.net/arctic2000/abstracts/parker.html.

Peterson, K.M. and W.D. Billings. 1978. Geomorphic processes and vegetational change along the Meade River sand bluffs in northern Alaska. Arctic. 31(1): 7-23.

Walker, H.J. 1967. Riverbank dunes in the Colville Delta, Alaska. Louisiana State University, Coastal Studies Bulletin No. 1. pp. 7-14.

Wolfe, Stephen; Bond, Jeffrey; Lamothe, Michel. 2011. Dune stabilization in central and southern Yukon in relation to early Holocene environmental change, northwestern North America. Quaternary Science Reviews. 30(3-4): 324-334.",17130_67_68_72_76.docx,,,,,
Forest and Woodland,"67, 68, 69, 72, 76",,This Biophysical Setting (BpS) is found in arctic AK and includes active (flooded frequently) and inactive (flooded infrequently) portions of the floodplains associated with two of AK's high-volume arctic rivers: the Yukon and Kuskokwim. Floodplains not associated with the Yukon or Kuskokwim are covered in the Alaska Arctic Floodplain BpS (BpS 1715).,This BpS includes large floodplains associated with the Yukon and Kuskokwim rivers. The flooding regime is characterized by large spring floods at break-up and the active flooding zone often can be several kilometers wide (Boggs et al. 2008). Permafrost is usually absent.,"The primary existing vegetation types are mesic herbaceous, alder, tall-low willow, and balsam poplar (Boggs et al. 2008). Primary succession on floodplains begins when new alluvial surfaces are colonized by tree, shrub, and herbaceous species. Common woody species include Populus balsamifera ssp. balsamifera, Alnus viridis ssp. sinuata, Alnus incana ssp. tenuifolia, Salix richarsondii, and Salix alaxensis. Common early seral herbaceous species may include Lupinus arcticus, Hedysarum alpinum, H. mackenzii, and Equisetum arvense, E. palustre, E. varigatum. The next seral stage includes communities dominated by Populus balsamifera ssp. balsamifera and/or Alnus viridis ssp. sinuata, Salix spp., and bryophytes or uniform stands of Salix spp. such as S. alaxensis. The tall shrub component of the early successional stages diminishes rapidly because of decreased light from the dense tree overstory, and high levels of herbivory by moose or snowshoe hares may accelerate succession (Butler et al. 2007).
BpS Dominant and Indicator Species
Species names are from the NRCS PLANTS database. Check species codes at http://plants.usda.gov.","Flooding can be caused by snow melt, precipitation, ice jams, and glacial runoff. Frequent flooding and channel migration create a pattern of gravel bars and early successional stages across the valley bottom. Sediment deposition raises the surface of the floodplain over time. As the terrace becomes farther removed from the channel, flooding becomes less frequent. Water availability on terraces plays a major role in community structure and composition. Water inputs are from overbank flow (flooding), ground water, and precipitation. Deposits with high permeability become progressively drier as they are vertically and horizontally removed from the active channels. Ice scour causes regeneration of willow carrs. 

Oxbows and other wet depressions commonly form on the floodplains and develop into wetlands. Fire, if it occurs, would be extremely rare and is not included in the model.
Fire Frequency 
Fire interval is expressed in years for each fire severity class and for all types of fire combined (All Fires). Average FI is the central tendency modeled. Percent of all fires is the percent of all fires modeled in that severity class. Minimum and Maximum FIs show the relative range of fire intervals as estimated by model contributors, if known.",Patches are linear along river courses but are found in a mosaic with floodplain wetlands.,This type is mosaiced with the wetland systems which are modeled separately.,"Frequency of major flood events on the larger rivers seems to be lower compared with the middle 20th Century, as evident from the age of Salix alaxensis cohorts on higher terraces. With the advent of climate change and changing weather patterns, historical ice scouring/jamming and flooding events are no longer common. The decline in floods that deposit a silt cap for willow and poplar regeneration and in ice scouring that rejuvenates willows could have a major impact on reducing the amount of available winter forage for moose, an important game species in Interior Alaska.

The modeled flood intervals, alternate succession probability and the results for the percent of the landscape in each class are best guesses.",,"A reviewer suggested that the early seral state should have a larger relative proportion than other floodplain BpS, but no guidance on how to change the model was provided. The results of the current model indicate that about 5% of this BpS may have been in an early seral state on average over long time periods. In contrast the Alaska Arctic Floodplain (BpS 1715), which represents smaller rivers in the Arctic region, estimates 20% in the early seral state. 

This model was modified by Colleen Ryan, Kori Blankenship, and Keith Boggs from the Boreal Large River Floodplain model by Robert Lambrecht and Kori Blankenship. On the advice of experts who attended the LANDFIRE Arctic workshop in Fairbanks (Apr. 08), the spruce classes and fire disturbances from the boreal region model were removed, but the model was otherwise not substantially changed. Some edits were made to the description to make it applicable to arctic Alaska.
Succession Classes

Mapping Rules
Succession class letters A-E are described in the Succession Class Description section. Some classes use a leafform distinction where a qualifier is added to the class letter: Brdl (broadleaf), Con (conifer), or Mix (mixed conifer and broadleaf). UN refers to uncharacteristic native or a combination of height and cover that would not be expected under the reference condition. NP refers to not possible or a combination of height and cover which is not physiologically possible for the species in the BpS.


Description
Class A	6				Early Development 1 - All Structures

Indicator Species

Description
Post disturbance regeneration. This class can include gravel bar, herbs, shrub regeneration, and seedlings. Silt is deposited on the inside of river meanders following flood events, although it can occur on higher terraces. Flooding deposits seeds which germinate and take root. Equisetum spp. and Salix spp. colonize in the first year. Within five years Salix spp., Alnus spp., and balsam poplar seedlings may be abundant. Plant cover is 1-20% in the first year. Shrub cover increases up to 40% by the fifth year, with a diverse herbaceous layer underneath. Lupinus spp. and Hedysarum spp. are common herbaceous species in this stage.

Maximum Tree Size ClassSeedling <4.5ft
Class B	15				Mid Development 1 - All Structures

Indicator Species

Description
Tall shrubs (Salix spp., Alnus spp., Populus balsamifera) and saplings with a closed canopy (>60%). Saplings may consist of Salix alaxensis (dominant) or balsam poplar. Saplings overtop shrubs at 15-40 years. In colder areas, poplar and birch (Class C) do not occur and this class may persist. 

An alternate succession pathway represents areas where poplar and birch do not occur. 

Maximum Tree Size ClassSapling >4.5ft; <5""DBH
Class C	79				Late Development 1 - All Structures

Indicator Species

Description
Balsam poplar and white spruce are the dominant overstory species. Shade-tolerant shrub species persist in the understory. As the stand ages, individual trees are lost to wind, disease, or rot. Shrub cover commonly increases as the overstory canopy declines. Stands tend to be closed but can be open depending on site conditions. Permafrost build up can lead to wetland development, but that is beyond the scope of this model.

Maximum Tree Size ClassMedium 9-21""DBH
Model Parameters
Deterministic Transitions
Probabilistic Transitions

Optional Disturbances
Optional 1: Flooding/Ice scour","Boggs et al. 2008. International Ecological Classification Standard: Terrestrial Ecological Classifications. Draft Ecological Systems Description for the Alaska Arctic Region.

Butler, L.G., K. Kielland, T.S. Rupp and T.A. Hanley. 2007. Interactive controls of herbivory and fluvial dynamics over vegetation patterns along the Tanana River, interior Alaska. J. Biogeography 34:1622-1631.

Murphy, K.A. and E. Witten. 2006. Riparian Spruce Hardwood. In Fire Regime Condition Class (FRCC) Interagency Guidebook Reference Conditions. Available at www.frcc.gov.

Viereck L.A. 1966. Plant succession and soil development on gravel outwash on the Muldrow Glacier, Alaska. Ecological Monographs. 36(3):181-199.",17140_67_68_69_72_76.docx,,,,,
Forest and Woodland,"67, 68, 69, 72",,"This Biophysical Setting (BpS) is found on floodplains throughout the Arctic region of AK. It includes all floodplains except those associated with the Yukon and Kuskokwim rivers. In MZ76 this type is found in Nowacki ecoregions 8, 9 and 10.","This system includes active and inactive glacially- and non-glacially fed floodplains. It is mosaiced with various wetland systems, but these are modeled separately. The rivers are typically braided, and the floodplain terraces may be short-lived (<100yrs) or last for more than a 1000yrs (Boggs et al. 2008). Soils develop on alluvium and are typically shallow and well-drained; barren alluvium is common (Boggs et al. 2008). Permafrost is usually present on the North Slope but may be absent elsewhere.","The following information was taken from the draft Arctic Ecological Systems description (Boggs et al. 2008):
Common existing vegetation types include: mesic herbaceous, low-tall willow, Dryas, dwarf shrub, and patches of Populus balsamifera or Betula papyrifera. Herbaceous species include Chamerion latifolium and Lupinus spp. Common willows include Salix alaxensis, Salix richardsonii (= Salix lanata), Salix glauca, and Salix pulchra. Dryas integrifolia dominates the Dryas existing vegetation type, but other species may also be common such as Lupinus spp., Cassiope tetragona, Vaccinium uliginosum, Salix spp., and Arctostaphylos rubra. The tall-low willow class may be absent at higher elevations.
BpS Dominant and Indicator Species
Species names are from the NRCS PLANTS database. Check species codes at http://plants.usda.gov.","Floodplain succession begins with herbaceous or shrub species colonizing bare ground after a flood. Dryas or poplar and paper birch patches can eventually develop. Experts at the arctic meeting disagreed about how to treat Dryas for BpS modeling. Some felt that Dryas may take hundreds of years to develop and would therefore be treated as a separate system outside of the floodplain. Others felt that Dryas could develop more quickly and could be modeled as part of floodplain succession. This model takes the later approach.

Frequent river channel migration and associated flooding are the major disturbances affecting this type.
Fire Frequency 
Fire interval is expressed in years for each fire severity class and for all types of fire combined (All Fires). Average FI is the central tendency modeled. Percent of all fires is the percent of all fires modeled in that severity class. Minimum and Maximum FIs show the relative range of fire intervals as estimated by model contributors, if known.",Linear,Wetlands systems are mosaiced with this system but modeled separately. Floodplains occur adjacent to most other systems that occur in the arctic.,"This model should also contain a separate early seral bare ground phase, but this is not included because LANDFIRE does not map barren seral stages. 

Input from experts at the Arctic Modeling Meeting (April 08) indicated that on the North Slope the low-tall willow stage can persist for 300 years and then might succeed to Dryas/dwarf shrub. A separate model would be required to capture this dynamic. This model contains two later seral endpoints: forest (Populus balsamifera or Betula papyrifera) or Dryas. In reality some areas will likely succeed to Dryas whereas other sites will succeed to the forested stage. This could be accounted for by creating separate models, but a clear geographic distinction would have to be made for where each model would apply. It is recommended that this be evaluated for future modeling efforts.",,"This system was created for the AK Arctic region and did not receive review for other regions in the state.

This model was based on input from the experts who attended the LANDFIRE Fairbanks Arctic (April 08) modeling meeting and refined by Kori Blankenship and Keith Boggs. Minor edits were made to the description as a result of review comments.

Succession Classes
Mapping Rules
Succession class letters A-E are described in the Succession Class Description section. Some classes use a leafform distinction where a qualifier is added to the class letter: Brdl (broadleaf), Con (conifer), or Mix (mixed conifer and broadleaf). UN refers to uncharacteristic native or a combination of height and cover that would not be expected under the reference condition. NP refers to not possible or a combination of height and cover which is not physiologically possible for the species in the BpS.


Description
Class A	21				Early Development 1 - All Structures

Indicator Species

Description
Herbaceous vegetation colonizes bare ground after a flood.

Maximum Tree Size ClassNone
Class B	70				Mid Development 1 - All Structures

Indicator Species

Description
Low and tall shrubs gain dominance (succession from Class A) or colonize bare ground after a flood. This stage should start at age 0 but LANDFIRE rules only allow one seral stage to start at age 0; therefore, for modeling purposes it starts at age 1. On colder sites, this class is more likely to succeed to the Dryas stage (Class D). This class may be absent at higher elevations (Boggs et al. 2008).

Maximum Tree Size ClassNone
Class C	7				Late Development 1 - Closed

Indicator Species

Description
Closed patches of Populus balsamifera or Betula papyrifera may occur in some areas as a later seral stage within the floodplain but their presence will diminish closer to the coast.

Maximum Tree Size ClassPole 5–9"" (swd)/5–11"" (hwd)
Class D	2				Late Development 2 - All Structures

Indicator Species

Description
Dryas dwarf shrubs are a likely late seral stage within the floodplain, especially on sites that are too cold to support trees. Dryas will take longer to develop than the poplar or birch patches (Class C) but the age range on this class is uncertain and probably highly variable.

Maximum Tree Size ClassNone
Model Parameters
Deterministic Transitions
Probabilistic Transitions

Optional Disturbances
Optional 1: Flooding",Boggs et al. 2008. International Ecological Classification Standard: Terrestrial Ecological Classifications. Draft Ecological Systems Description for the Alaska Arctic Region.,17150_67_68_69_72.docx,,,,,
Shrubland,"72, 73, 76, 80",,"This Biophysical Setting (BpS) occurs throughout the Alaska Peninsula, Aleutian Islands and Kodiak Island.","This BpS is commonly found throughout the Alaska Peninsula and Aleutian Islands, from low to high elevations and occurs in valley bottoms, sideslopes, stabilized dunes, ridges, terraces, moraines, and fans. Patch size is small and matrix forming. In the mountains, sites often grade upslope into the sparse heath cover. Fell-fields are characterized by harsh environmental conditions and occur on exposed summits, windswept ridges, cliffs, and rocky outcrops, with slopes varying from flat to steep. The continuous dwarf-shrub heaths often fragment into strips that alternate with almost bare ground, possibly due to wind erosion and frost action.","Dwarf-shrubs dominate, and herbaceous cover is variable, ranging from 0% to 75%. Shrub cover includes Harrimanella stelleriana, Phyllodoce aleutica, Salix arctica, Salix rotundifolia, Empetrum nigrum, Cassiope lycopodioides, Loiseleuria procumbens, Vaccinium vitis-idaea, Vaccinium uliginosum, Arctostaphylos alpina, and other dwarf willows. 

Common herbaceous species include Carex macrochaeta, Carex aquatilis var. dives, Carex circinata, Chamerion angustifolium, Deschampsia cespitosa, Leymus mollis, Lupinus nootkatensis, Festuca rubra, Geum calthifolium, Polemonium acutiflorum, Polygonum viviparum, Agrostis mertensii, Heuchera glabra, Potentilla villosa, Saxifraga bronchialis, Saxifraga oppositifolia, Veronica wormskjoldii var. stelleri, and Tofieldia coccinea (Shacklette et al. 1969).

On lower elevation sites, dwarf-shrub cover is >25% and dominated by Empetrum nigrum (Daniels et al. 2004). However, Empetrum nigrum is not the dominant dwarf shrub cover on sites in the Alaska Peninsula and Aleutian Islands. While Empetrum nigrum may codominate, it is mixed with other dwarf-shrubs, such as Vaccinium vitis-idaea ssp. minus, Harrimanella stelleriana, and Arctostaphylos alpina (Talbot et al. 2010). A more abundant herbaceous component, particularly graminoids, may be due to nutrient inputs from seabird colonies. Where seabirds have been impacted by introduced predators, the cover of herbaceous species appears to be lower (Croll et al. 2005). Bryophyte cover is often high. Fruticose lichens and Racomitrium lanuginosum may also be common. Heath hummocks may occur. Bare ground may be common at higher elevations. 
BpS Dominant and Indicator Species
Species names are from the NRCS PLANTS database. Check species codes at http://plants.usda.gov.","Successional dynamics in this system are unclear, but it is likely a relatively unstable system given the harsh environmental conditions it is subjected to. Solifluction processes represent a dominant ground disturbance on Amchitka Island and other regions (Shacklette et al. 1969). 

In 2013, an extensive literature search was done by Fire Effects Information System staff to locate information for a synthesis on fire regimes of Alaskan tundra communities (Innes 2013). This synthesis reported that lightning-caused fires on the Alaska Peninsula and the Aleutian Islands are rare (Innes 2013).
Fire Frequency 
Fire interval is expressed in years for each fire severity class and for all types of fire combined (All Fires). Average FI is the central tendency modeled. Percent of all fires is the percent of all fires modeled in that severity class. Minimum and Maximum FIs show the relative range of fire intervals as estimated by model contributors, if known.",Martix or large patch,,,"A more abundant herbaceous component, particularly graminoids, may be due to nutrient inputs from seabird colonies. Where seabirds have been impacted by introduced predators, the cover of herbaceous species appears to be lower.","10/2021 - This description was updated by NatureServe staff and Kori Blankenship based on the updated Ecological Systems classification for Alaska. Edits focused on adjusting the Geographic Range, Biophysical Site Descriptions, and Vegetation Description sections.

In 2021 NatureServe merged Aleutian Mixed Dwarf-Shrub-Herbaceous Shrubland (BpS 1720), Aleutian Crowberry-Herbaceous Heath (BpS 17190), and Aleutian Sparse Heath and Fell-field
(BpS 1730) into one Ecological System named Aleutian Ericaceous Dwarf-shrubland, Heath and Fell-field. Kori Blankenship merged the BpS concepts into this unified description.

For LANDFIRE National, the merged BpS models and descriptions were created by Randy Swaty, Kori Blankenship, and Keith Boggs and reviewed by Jeff Williams. 

Succession Classes
Mapping Rules
Succession class letters A-E are described in the Succession Class Description section. Some classes use a leafform distinction where a qualifier is added to the class letter: Brdl (broadleaf), Con (conifer), or Mix (mixed conifer and broadleaf). UN refers to uncharacteristic native or a combination of height and cover that would not be expected under the reference condition. NP refers to not possible or a combination of height and cover which is not physiologically possible for the species in the BpS.


Description
Class A	100				Mid Development 1 - All Structures

Indicator Species

Description
This class represents the Aleutian Ericaceous Dwarf-shrubland, Heath and Fell-field.

Maximum Tree Size ClassNone
Model Parameters
Deterministic Transitions
Probabilistic Transitions","Byrd, G.V. 1984. Vascular vegetation of Buldir Island, Aleutian Islands, Alaska, compared to another Aleutian island. Arctic 37(1):37-48. 

Comer, P., D. Faber-Langendoen, R. Evans, S. Gawler, C. Josse, G. Kittel, S. Menard, C. Nordman, M. Pyne, M. Reid, M. Russo, K. Schulz, K. Snow, J. Teague, and R. White. 2003-present. Ecological systems of the United States: A working classification of U.S. terrestrial systems. NatureServe, Arlington, VA. 

Croll, D.A., J.L. Maron, J.A. Estes, E.M. Danner and G.V. Byrd. 2005. Introduced Predators Transform Subarctic Islands from Grassland to Tundra. Science 307: 1959-1961.

Daniëls, F.J., Talbot, S.S., Talbot, S.L. and Schofield, W.B., 2004. Phytosociological study of the dwarf shrub heath of Simeonof Wilderness, Shumagin Islands, Southwestern Alaska. Phytocoenologia, 34(3), pp.465-489.

Innes, Robin J. 2013. Fire regimes of Alaskan tundra communities. In: Fire Effects Information System, [Online]. U.S. Department of Agriculture, Forest Service, Rocky Mountain Research Station, Fire Sciences Laboratory (Producer). Available: http://www.fs.fed.us
/database/feis/fire_regimes/AK_tundra/all.html [2016, June 28].

Shacklette, H.T., L.W. Durrell, J.A. Erdman, J.R. Keith, W.M. Klein, H. Krog, H. Persson, H. Skuja, and W.A. Weber. 1969. Vegetation of Amchitka Island, Aleutian Islands, Alaska. Geological Survery Professional Paper 648. U.S. Government Printing Office, Washington, DC. 66 pp.

Talbot, S.S., S.L. Talbot and W.B. Schofield. 2006. Vascular flora of Izembek National Wildlife Refuge, westernmost Alaska Peninsula, Alaska. Rhodora 108(935):249-293.

Talbot, S.S., Schofield, W.B., Talbot, S.L. and Daniëls, F.J., 2010. Vegetation of eastern Unalaska Island, Aleutian Islands, Alaska. Botany, 88(4), pp.366-388.",17200_72_73_76_80.docx,,,,,
Herbaceous Wetland,"68, 69, 70, 71, 72, 73, 74, 75, 76, 77, 78",North American Boreal and Arctic Freshwater Aquatic Bed (BpS 1627) is lumped with this Biophysical Setting (BpS).,"This BpS occurs throughout the boreal region of North America. In Alaska it occurs across the interior boreal region and on the Alaska Peninsula, Aleutian Islands, and Kodiak Island.","This BpS occurs on the margins of ponds, lakes, and riparian systems, and on inland deltas where rivers drain into large lakes. Inland marshes are mostly small patch, confined to limited areas in suitable floodplain or basin topography. They are typically semi-permanently flooded, but some marshes have seasonal flooding. Water is at or above the surface for most of the growing season (typically 10 cm above the surface). Soils are muck or mineral, and water is nutrient-rich. Adjacent deeper water support aquatic beds.","These marshes are characterized by having >10% cover of emergent herbaceous vegetation. These systems are highly productive and have high rates of decomposition. Freshwater marsh vegetation is dominated by emergent vegetation such as Carex aquatilis, Carex utriculata, Comarum palustre, Schoenoplectus tabernaemontani, Typha latifolia, Menyanthes trifoliata, Equisetum fluviatile, Equisetum palustre, and Hippuris spp. Arctophila fulva becomes more common in the northern portions of boreal Alaska. Species of Eriophorum do not commonly occur in this system. Species diversity is often low. Adjacent aquatic beds would support submerged vegetation. 
BpS Dominant and Indicator Species
Species names are from the NRCS PLANTS database. Check species codes at http://plants.usda.gov.","This system is highly productive and has high rates of decomposition (National Wetlands Working Group 1997). This system requires a source of freshwater. Seasonal flooding is characteristic of inland deltas. Marsh zonation is related to water depth and duration of flooding. A typical sequence progresses from open water to emergent deep marsh to shallow marsh to wet meadow or fen. Floating marsh mats may be seral to fens.
 
In 2015, an extensive literature search was done by Fire Effects Information System staff to locate information for a synthesis on fire regimes of Alaskan wet and mesic herbaceous systems (Innes 2015). At that time there was little published information on fire regimes of freshwater marshes in AK, but anecdotal information suggests that they can occasionally burn (Innes 2015). 

Fire Frequency
Fire interval is expressed in years for each fire severity class and for all types of fire combined (All Fires). Average FI is the central tendency modeled. Percent of all fires is the percent of all fires modeled in that severity class. Minimum and Maximum FIs show the relative range of fire intervals as estimated by model contributors, if known.",Generally small patch to large patch but could also be linear.,This system may be found adjacent to other wetlands on the edges of ponds and lakes.,,"Aside from circumstances where natural hydrology has been substantially altered, this BpS is not generally found to be departed from its “Reference Condition.”","In 2021 NatureServe merged Aleutian Freshwater Marsh (BpS 1722) and Western North American Boreal Freshwater Emergent Marsh (BpS 1625) into one Ecological System: Western North American Boreal Freshwater Emergent Marsh. Kori Blankenship worked with NatureServe staff to update the BpS description to reflect the new Ecological System concept. BpS 1625 was previously lumped into another system so the state-and-transition model for BpS 1722 was chosen to represent the new BpS concept.

During LANDFIRE National the 1722 BpS model was created by Kori Blankenship and Keith Boggs based on information from the draft Aleutians Ecological Systems description.

Succession Classes
Mapping Rules
Succession class letters A-E are described in the Succession Class Description section. Some classes use a leafform distinction where a qualifier is added to the class letter: Brdl (broadleaf), Con (conifer), or Mix (mixed conifer and broadleaf). UN refers to uncharacteristic native or a combination of height and cover that would not be expected under the reference condition. NP refers to not possible or a combination of height and cover which is not physiologically possible for the species in the BpS.


Description
Class A	100				Mid Development 1 - All Structures

Indicator Species

Description
This class represents the Freshwater Marsh system. Hippuris spp. and Equisetum fluviatile are also important indicator species. 

Maximum Tree Size ClassNone
Model Parameters
Deterministic Transitions
Probabilistic Transitions","Boggs, K., S. C. Klein, J. Grunblatt and B. Koltun. 2003. Landcover classes, ecoregions and plant associations of Katmai National Park and Preserve. Alaska Natural Heritage Program, Environment and Natural Resources Institute, University of Alaska Anchorage. 274 pp. 

Comer, P., D. Faber-Langendoen, R. Evans, S. Gawler, C. Josse, G. Kittel, S. Menard, C. Nordman, M. Pyne, M. Reid, M. Russo, K. Schulz, K. Snow, J. Teague, and R. White. 2003-present. Ecological systems of the United States: A working classification of U.S. terrestrial systems. NatureServe, Arlington, VA. 

Fleming, M.D. and P. Spencer. 2007. Kodiak Archipelago land cover classification users guide. SAIC at USGS Alaska Science Center, Anchorage, AK. 77 pp. 

Innes, Robin J. 2015. Fire regimes of Alaskan wet and mesic herbaceous systems. In: Fire Effects Information System, [Online]. U.S. Department of Agriculture, Forest Service, Rocky Mountain Research Station, Missoula Fire Sciences Laboratory (Producer). Available: http://www.fs.fed.us/database/feis/fire_regimes/AK_wet_herbaceous/all.html [2016, August 2].

National Wetlands Working Group. 1997. Wetlands of Canada. C.D.A Rubec (ed.). Ecological Land Classification Series No. 24. Environment Canada, Ottawa, and Polyscience Publications Inc., Montreal. 452 p.

Viereck, L.A., C.T. Dyrness, A.R. Batten and K.J. Wenzlick. 1992. The Alaska vegetation classification. Pacific Northwest Research Station, USDA Forest Service, Portland, OR. Gen. Tech. Rep. PNW-GTR286. 278 p.",17220_68_69_70_71_72_73_74_75_76_77_78.docx,,,,,
